task_type,task_id,task,policy,repeat,seed,example_id,example_task,cosine,example_length,example_chars,same_object,same_operation,same_destination
state_change_task,test_task1,Turn on all lightswitches,semantic,0,,example_task76,Turn on all tablelamps,0.6107883453369141,6,242,0,1,
state_change_task,test_task1,Turn on all lightswitches,random,0,12603579232618769856,example_task76,Turn on all tablelamps,0.6107883453369141,6,242,0,1,
state_change_task,test_task1,Turn on all lightswitches,random,1,48282207467586490,example_task13,Turn off all faucets,0.38628941774368286,4,160,0,0,
state_change_task,test_task1,Turn on all lightswitches,random,2,15266602277009740758,example_task13,Turn off all faucets,0.38628941774368286,4,160,0,0,
state_change_task,test_task1,Turn on all lightswitches,fixed,0,,example_task81,Turn off all candles,0.5193465948104858,6,225,0,0,
state_change_task,test_task1,Turn on all lightswitches,none,0,,,,,0,0,,,
state_change_task,test_task2,Turn on all lightswitches,semantic,0,,example_task76,Turn on all tablelamps,0.6107883453369141,6,242,0,1,
state_change_task,test_task2,Turn on all lightswitches,random,0,12472847581855153586,example_task21,Turn off all cellphones,0.3894766569137573,8,315,0,0,
state_change_task,test_task2,Turn on all lightswitches,random,1,10838169516274709755,example_task76,Turn on all tablelamps,0.6107883453369141,6,242,0,1,
state_change_task,test_task2,Turn on all lightswitches,random,2,16734410293525305692,example_task21,Turn off all cellphones,0.3894766569137573,8,315,0,0,
state_change_task,test_task2,Turn on all lightswitches,fixed,0,,example_task81,Turn off all candles,0.5193465948104858,6,225,0,0,
state_change_task,test_task2,Turn on all lightswitches,none,0,,,,,0,0,,,
state_change_task,test_task3,Turn on all lightswitches,semantic,0,,example_task76,Turn on all tablelamps,0.6107883453369141,6,242,0,1,
state_change_task,test_task3,Turn on all lightswitches,random,0,9066451613108510792,example_task76,Turn on all tablelamps,0.6107883453369141,6,242,0,1,
state_change_task,test_task3,Turn on all lightswitches,random,1,13976297963698084842,example_task12,Turn on all computers,0.5445488691329956,4,169,0,1,
state_change_task,test_task3,Turn on all lightswitches,random,2,11385779023345962775,example_task21,Turn off all cellphones,0.3894766569137573,8,315,0,0,
state_change_task,test_task3,Turn on all lightswitches,fixed,0,,example_task81,Turn off all candles,0.5193465948104858,6,225,0,0,
state_change_task,test_task3,Turn on all lightswitches,none,0,,,,,0,0,,,
state_change_task,test_task4,Turn on all lightswitches,semantic,0,,example_task76,Turn on all tablelamps,0.6107883453369141,6,242,0,1,
state_change_task,test_task4,Turn on all lightswitches,random,0,11008434125761739079,example_task4,Turn on all faucets,0.4804110527038574,4,157,0,1,
state_change_task,test_task4,Turn on all lightswitches,random,1,17826475530469128715,example_task12,Turn on all computers,0.5445488691329956,4,169,0,1,
state_change_task,test_task4,Turn on all lightswitches,random,2,13776804878327751770,example_task13,Turn off all faucets,0.38628941774368286,4,160,0,0,
state_change_task,test_task4,Turn on all lightswitches,fixed,0,,example_task81,Turn off all candles,0.5193465948104858,6,225,0,0,
state_change_task,test_task4,Turn on all lightswitches,none,0,,,,,0,0,,,
state_change_task,test_task5,Turn on all lightswitches,semantic,0,,example_task76,Turn on all tablelamps,0.6107883453369141,6,242,0,1,
state_change_task,test_task5,Turn on all lightswitches,random,0,16150330777575809293,example_task12,Turn on all computers,0.5445488691329956,4,169,0,1,
state_change_task,test_task5,Turn on all lightswitches,random,1,4834885665260187842,example_task76,Turn on all tablelamps,0.6107883453369141,6,242,0,1,
state_change_task,test_task5,Turn on all lightswitches,random,2,4397224868287953652,example_task13,Turn off all faucets,0.38628941774368286,4,160,0,0,
state_change_task,test_task5,Turn on all lightswitches,fixed,0,,example_task81,Turn off all candles,0.5193465948104858,6,225,0,0,
state_change_task,test_task5,Turn on all lightswitches,none,0,,,,,0,0,,,
state_change_task,test_task6,Turn on all lightswitches,semantic,0,,example_task76,Turn on all tablelamps,0.6107883453369141,6,242,0,1,
state_change_task,test_task6,Turn on all lightswitches,random,0,2661350017798456936,example_task12,Turn on all computers,0.5445488691329956,4,169,0,1,
state_change_task,test_task6,Turn on all lightswitches,random,1,11494910444596219886,example_task13,Turn off all faucets,0.38628941774368286,4,160,0,0,
state_change_task,test_task6,Turn on all lightswitches,random,2,4224530029628053548,example_task76,Turn on all tablelamps,0.6107883453369141,6,242,0,1,
state_change_task,test_task6,Turn on all lightswitches,fixed,0,,example_task81,Turn off all candles,0.5193465948104858,6,225,0,0,
state_change_task,test_task6,Turn on all lightswitches,none,0,,,,,0,0,,,
state_change_task,test_task7,Turn on all lightswitches,semantic,0,,example_task76,Turn on all tablelamps,0.6107883453369141,6,242,0,1,
state_change_task,test_task7,Turn on all lightswitches,random,0,18205950126509888895,example_task4,Turn on all faucets,0.4804110527038574,4,157,0,1,
state_change_task,test_task7,Turn on all lightswitches,random,1,15270547357154718741,example_task13,Turn off all faucets,0.38628941774368286,4,160,0,0,
state_change_task,test_task7,Turn on all lightswitches,random,2,10303090309665443194,example_task81,Turn off all candles,0.5193465948104858,6,225,0,0,
state_change_task,test_task7,Turn on all lightswitches,fixed,0,,example_task81,Turn off all candles,0.5193465948104858,6,225,0,0,
state_change_task,test_task7,Turn on all lightswitches,none,0,,,,,0,0,,,
state_change_task,test_task8,Turn on all lightswitches,semantic,0,,example_task76,Turn on all tablelamps,0.6107883453369141,6,242,0,1,
state_change_task,test_task8,Turn on all lightswitches,random,0,3098656910001634865,example_task13,Turn off all faucets,0.38628941774368286,4,160,0,0,
state_change_task,test_task8,Turn on all lightswitches,random,1,16675554032979095774,example_task76,Turn on all tablelamps,0.6107883453369141,6,242,0,1,
state_change_task,test_task8,Turn on all lightswitches,random,2,4378097588750384864,example_task13,Turn off all faucets,0.38628941774368286,4,160,0,0,
state_change_task,test_task8,Turn on all lightswitches,fixed,0,,example_task81,Turn off all candles,0.5193465948104858,6,225,0,0,
state_change_task,test_task8,Turn on all lightswitches,none,0,,,,,0,0,,,
state_change_task,test_task9,Turn on all lightswitches,semantic,0,,example_task76,Turn on all tablelamps,0.6107883453369141,6,242,0,1,
state_change_task,test_task9,Turn on all lightswitches,random,0,576915748587658874,example_task81,Turn off all candles,0.5193465948104858,6,225,0,0,
state_change_task,test_task9,Turn on all lightswitches,random,1,7082793785590391926,example_task12,Turn on all computers,0.5445488691329956,4,169,0,1,
state_change_task,test_task9,Turn on all lightswitches,random,2,5687077582103702450,example_task81,Turn off all candles,0.5193465948104858,6,225,0,0,
state_change_task,test_task9,Turn on all lightswitches,fixed,0,,example_task81,Turn off all candles,0.5193465948104858,6,225,0,0,
state_change_task,test_task9,Turn on all lightswitches,none,0,,,,,0,0,,,
state_change_task,test_task10,Turn on all lightswitches,semantic,0,,example_task76,Turn on all tablelamps,0.6107883453369141,6,242,0,1,
state_change_task,test_task10,Turn on all lightswitches,random,0,16295054888061401417,example_task13,Turn off all faucets,0.38628941774368286,4,160,0,0,
state_change_task,test_task10,Turn on all lightswitches,random,1,11428094665524601420,example_task21,Turn off all cellphones,0.3894766569137573,8,315,0,0,
state_change_task,test_task10,Turn on all lightswitches,random,2,2889228183041099148,example_task4,Turn on all faucets,0.4804110527038574,4,157,0,1,
state_change_task,test_task10,Turn on all lightswitches,fixed,0,,example_task81,Turn off all candles,0.5193465948104858,6,225,0,0,
state_change_task,test_task10,Turn on all lightswitches,none,0,,,,,0,0,,,
state_change_task,test_task11,Turn on all lightswitches,semantic,0,,example_task76,Turn on all tablelamps,0.6107883453369141,6,242,0,1,
state_change_task,test_task11,Turn on all lightswitches,random,0,10329452660395785099,example_task13,Turn off all faucets,0.38628941774368286,4,160,0,0,
state_change_task,test_task11,Turn on all lightswitches,random,1,3569535142615240302,example_task4,Turn on all faucets,0.4804110527038574,4,157,0,1,
state_change_task,test_task11,Turn on all lightswitches,random,2,4712111733239560398,example_task12,Turn on all computers,0.5445488691329956,4,169,0,1,
state_change_task,test_task11,Turn on all lightswitches,fixed,0,,example_task81,Turn off all candles,0.5193465948104858,6,225,0,0,
state_change_task,test_task11,Turn on all lightswitches,none,0,,,,,0,0,,,
state_change_task,test_task12,Turn on all lightswitches,semantic,0,,example_task76,Turn on all tablelamps,0.6107883453369141,6,242,0,1,
state_change_task,test_task12,Turn on all lightswitches,random,0,16900419380777604179,example_task76,Turn on all tablelamps,0.6107883453369141,6,242,0,1,
state_change_task,test_task12,Turn on all lightswitches,random,1,13307556385028802368,example_task81,Turn off all candles,0.5193465948104858,6,225,0,0,
state_change_task,test_task12,Turn on all lightswitches,random,2,9565496052585395089,example_task81,Turn off all candles,0.5193465948104858,6,225,0,0,
state_change_task,test_task12,Turn on all lightswitches,fixed,0,,example_task81,Turn off all candles,0.5193465948104858,6,225,0,0,
state_change_task,test_task12,Turn on all lightswitches,none,0,,,,,0,0,,,
state_change_task,test_task13,Turn on all lightswitches,semantic,0,,example_task76,Turn on all tablelamps,0.6107883453369141,6,242,0,1,
state_change_task,test_task13,Turn on all lightswitches,random,0,4416248259661308559,example_task13,Turn off all faucets,0.38628941774368286,4,160,0,0,
state_change_task,test_task13,Turn on all lightswitches,random,1,13732083232208756080,example_task21,Turn off all cellphones,0.3894766569137573,8,315,0,0,
state_change_task,test_task13,Turn on all lightswitches,random,2,13340020560133993242,example_task13,Turn off all faucets,0.38628941774368286,4,160,0,0,
state_change_task,test_task13,Turn on all lightswitches,fixed,0,,example_task81,Turn off all candles,0.5193465948104858,6,225,0,0,
state_change_task,test_task13,Turn on all lightswitches,none,0,,,,,0,0,,,
state_change_task,test_task14,Turn on all lightswitches,semantic,0,,example_task76,Turn on all tablelamps,0.6107883453369141,6,242,0,1,
state_change_task,test_task14,Turn on all lightswitches,random,0,4579558805873775348,example_task13,Turn off all faucets,0.38628941774368286,4,160,0,0,
state_change_task,test_task14,Turn on all lightswitches,random,1,14116413695194797839,example_task13,Turn off all faucets,0.38628941774368286,4,160,0,0,
state_change_task,test_task14,Turn on all lightswitches,random,2,7813577847764728202,example_task4,Turn on all faucets,0.4804110527038574,4,157,0,1,
state_change_task,test_task14,Turn on all lightswitches,fixed,0,,example_task81,Turn off all candles,0.5193465948104858,6,225,0,0,
state_change_task,test_task14,Turn on all lightswitches,none,0,,,,,0,0,,,
state_change_task,test_task15,Turn on all lightswitches,semantic,0,,example_task76,Turn on all tablelamps,0.6107883453369141,6,242,0,1,
state_change_task,test_task15,Turn on all lightswitches,random,0,12129128159761440769,example_task21,Turn off all cellphones,0.3894766569137573,8,315,0,0,
state_change_task,test_task15,Turn on all lightswitches,random,1,14882713461191214543,example_task21,Turn off all cellphones,0.3894766569137573,8,315,0,0,
state_change_task,test_task15,Turn on all lightswitches,random,2,11531035151915830203,example_task13,Turn off all faucets,0.38628941774368286,4,160,0,0,
state_change_task,test_task15,Turn on all lightswitches,fixed,0,,example_task81,Turn off all candles,0.5193465948104858,6,225,0,0,
state_change_task,test_task15,Turn on all lightswitches,none,0,,,,,0,0,,,
state_change_task,test_task16,Turn on all lightswitches,semantic,0,,example_task76,Turn on all tablelamps,0.6107883453369141,6,242,0,1,
state_change_task,test_task16,Turn on all lightswitches,random,0,13461931213937441672,example_task76,Turn on all tablelamps,0.6107883453369141,6,242,0,1,
state_change_task,test_task16,Turn on all lightswitches,random,1,4140971137895220338,example_task13,Turn off all faucets,0.38628941774368286,4,160,0,0,
state_change_task,test_task16,Turn on all lightswitches,random,2,9662951342494672004,example_task4,Turn on all faucets,0.4804110527038574,4,157,0,1,
state_change_task,test_task16,Turn on all lightswitches,fixed,0,,example_task81,Turn off all candles,0.5193465948104858,6,225,0,0,
state_change_task,test_task16,Turn on all lightswitches,none,0,,,,,0,0,,,
state_change_task,test_task17,Turn on all tvs,semantic,0,,example_task12,Turn on all computers,0.6019070744514465,4,169,0,1,
state_change_task,test_task17,Turn on all tvs,random,0,13314439745247842764,example_task4,Turn on all faucets,0.48697182536125183,4,157,0,1,
state_change_task,test_task17,Turn on all tvs,random,1,590435808656257574,example_task12,Turn on all computers,0.6019070744514465,4,169,0,1,
state_change_task,test_task17,Turn on all tvs,random,2,12123772560318875300,example_task13,Turn off all faucets,0.4153762757778168,4,160,0,0,
state_change_task,test_task17,Turn on all tvs,fixed,0,,example_task81,Turn off all candles,0.4064347445964813,6,225,0,0,
state_change_task,test_task17,Turn on all tvs,none,0,,,,,0,0,,,
state_change_task,test_task18,Turn on all tvs,semantic,0,,example_task12,Turn on all computers,0.6019070744514465,4,169,0,1,
state_change_task,test_task18,Turn on all tvs,random,0,7947162317112912142,example_task4,Turn on all faucets,0.48697182536125183,4,157,0,1,
state_change_task,test_task18,Turn on all tvs,random,1,13177620163727365732,example_task4,Turn on all faucets,0.48697182536125183,4,157,0,1,
state_change_task,test_task18,Turn on all tvs,random,2,16590300071774008249,example_task21,Turn off all cellphones,0.4297104775905609,8,315,0,0,
state_change_task,test_task18,Turn on all tvs,fixed,0,,example_task81,Turn off all candles,0.4064347445964813,6,225,0,0,
state_change_task,test_task18,Turn on all tvs,none,0,,,,,0,0,,,
state_change_task,test_task19,Turn on all tvs,semantic,0,,example_task12,Turn on all computers,0.6019070744514465,4,169,0,1,
state_change_task,test_task19,Turn on all tvs,random,0,12885584520985006071,example_task13,Turn off all faucets,0.4153762757778168,4,160,0,0,
state_change_task,test_task19,Turn on all tvs,random,1,2025289443536305298,example_task12,Turn on all computers,0.6019070744514465,4,169,0,1,
state_change_task,test_task19,Turn on all tvs,random,2,16805372173129668089,example_task76,Turn on all tablelamps,0.46107590198516846,6,242,0,1,
state_change_task,test_task19,Turn on all tvs,fixed,0,,example_task81,Turn off all candles,0.4064347445964813,6,225,0,0,
state_change_task,test_task19,Turn on all tvs,none,0,,,,,0,0,,,
state_change_task,test_task20,Turn on all tvs,semantic,0,,example_task12,Turn on all computers,0.6019070744514465,4,169,0,1,
state_change_task,test_task20,Turn on all tvs,random,0,10626485268913218310,example_task21,Turn off all cellphones,0.4297104775905609,8,315,0,0,
state_change_task,test_task20,Turn on all tvs,random,1,15850538853101382037,example_task76,Turn on all tablelamps,0.46107590198516846,6,242,0,1,
state_change_task,test_task20,Turn on all tvs,random,2,12878584937673801007,example_task13,Turn off all faucets,0.4153762757778168,4,160,0,0,
state_change_task,test_task20,Turn on all tvs,fixed,0,,example_task81,Turn off all candles,0.4064347445964813,6,225,0,0,
state_change_task,test_task20,Turn on all tvs,none,0,,,,,0,0,,,
state_change_task,test_task21,Turn off all lightswitches,semantic,0,,example_task81,Turn off all candles,0.5849753618240356,6,225,0,1,
state_change_task,test_task21,Turn off all lightswitches,random,0,11717433498597546394,example_task21,Turn off all cellphones,0.46563106775283813,8,315,0,1,
state_change_task,test_task21,Turn off all lightswitches,random,1,9837654373653303746,example_task21,Turn off all cellphones,0.46563106775283813,8,315,0,1,
state_change_task,test_task21,Turn off all lightswitches,random,2,12081836617969530671,example_task12,Turn on all computers,0.4601632356643677,4,169,0,0,
state_change_task,test_task21,Turn off all lightswitches,fixed,0,,example_task81,Turn off all candles,0.5849753618240356,6,225,0,1,
state_change_task,test_task21,Turn off all lightswitches,none,0,,,,,0,0,,,
state_change_task,test_task22,Turn off all lightswitches,semantic,0,,example_task81,Turn off all candles,0.5849753618240356,6,225,0,1,
state_change_task,test_task22,Turn off all lightswitches,random,0,6388053123104899327,example_task76,Turn on all tablelamps,0.5638211965560913,6,242,0,0,
state_change_task,test_task22,Turn off all lightswitches,random,1,8517218332598804487,example_task76,Turn on all tablelamps,0.5638211965560913,6,242,0,0,
state_change_task,test_task22,Turn off all lightswitches,random,2,12376869835806170908,example_task12,Turn on all computers,0.4601632356643677,4,169,0,0,
state_change_task,test_task22,Turn off all lightswitches,fixed,0,,example_task81,Turn off all candles,0.5849753618240356,6,225,0,1,
state_change_task,test_task22,Turn off all lightswitches,none,0,,,,,0,0,,,
state_change_task,test_task23,Turn off all lightswitches,semantic,0,,example_task81,Turn off all candles,0.5849753618240356,6,225,0,1,
state_change_task,test_task23,Turn off all lightswitches,random,0,13226498918698701678,example_task4,Turn on all faucets,0.4170824885368347,4,157,0,0,
state_change_task,test_task23,Turn off all lightswitches,random,1,18133278599722489014,example_task21,Turn off all cellphones,0.46563106775283813,8,315,0,1,
state_change_task,test_task23,Turn off all lightswitches,random,2,8231144849454958337,example_task13,Turn off all faucets,0.46797624230384827,4,160,0,1,
state_change_task,test_task23,Turn off all lightswitches,fixed,0,,example_task81,Turn off all candles,0.5849753618240356,6,225,0,1,
state_change_task,test_task23,Turn off all lightswitches,none,0,,,,,0,0,,,
state_change_task,test_task24,Turn off all lightswitches,semantic,0,,example_task81,Turn off all candles,0.5849753618240356,6,225,0,1,
state_change_task,test_task24,Turn off all lightswitches,random,0,13126422459271715775,example_task76,Turn on all tablelamps,0.5638211965560913,6,242,0,0,
state_change_task,test_task24,Turn off all lightswitches,random,1,17205092498599512293,example_task13,Turn off all faucets,0.46797624230384827,4,160,0,1,
state_change_task,test_task24,Turn off all lightswitches,random,2,12294725265476593538,example_task21,Turn off all cellphones,0.46563106775283813,8,315,0,1,
state_change_task,test_task24,Turn off all lightswitches,fixed,0,,example_task81,Turn off all candles,0.5849753618240356,6,225,0,1,
state_change_task,test_task24,Turn off all lightswitches,none,0,,,,,0,0,,,
state_change_task,test_task25,Turn off all lightswitches,semantic,0,,example_task81,Turn off all candles,0.5849753618240356,6,225,0,1,
state_change_task,test_task25,Turn off all lightswitches,random,0,1895201000983919429,example_task12,Turn on all computers,0.4601632356643677,4,169,0,0,
state_change_task,test_task25,Turn off all lightswitches,random,1,9581979784460205485,example_task4,Turn on all faucets,0.4170824885368347,4,157,0,0,
state_change_task,test_task25,Turn off all lightswitches,random,2,8829062204639838855,example_task76,Turn on all tablelamps,0.5638211965560913,6,242,0,0,
state_change_task,test_task25,Turn off all lightswitches,fixed,0,,example_task81,Turn off all candles,0.5849753618240356,6,225,0,1,
state_change_task,test_task25,Turn off all lightswitches,none,0,,,,,0,0,,,
state_change_task,test_task26,Turn off all lightswitches,semantic,0,,example_task81,Turn off all candles,0.5849753618240356,6,225,0,1,
state_change_task,test_task26,Turn off all lightswitches,random,0,4381848409703188546,example_task76,Turn on all tablelamps,0.5638211965560913,6,242,0,0,
state_change_task,test_task26,Turn off all lightswitches,random,1,17903223772206971520,example_task76,Turn on all tablelamps,0.5638211965560913,6,242,0,0,
state_change_task,test_task26,Turn off all lightswitches,random,2,4891203794789968033,example_task4,Turn on all faucets,0.4170824885368347,4,157,0,0,
state_change_task,test_task26,Turn off all lightswitches,fixed,0,,example_task81,Turn off all candles,0.5849753618240356,6,225,0,1,
state_change_task,test_task26,Turn off all lightswitches,none,0,,,,,0,0,,,
state_change_task,test_task27,Turn off all lightswitches,semantic,0,,example_task81,Turn off all candles,0.5849753618240356,6,225,0,1,
state_change_task,test_task27,Turn off all lightswitches,random,0,14591811053066450507,example_task76,Turn on all tablelamps,0.5638211965560913,6,242,0,0,
state_change_task,test_task27,Turn off all lightswitches,random,1,15484257693806916675,example_task76,Turn on all tablelamps,0.5638211965560913,6,242,0,0,
state_change_task,test_task27,Turn off all lightswitches,random,2,5583990763133426008,example_task12,Turn on all computers,0.4601632356643677,4,169,0,0,
state_change_task,test_task27,Turn off all lightswitches,fixed,0,,example_task81,Turn off all candles,0.5849753618240356,6,225,0,1,
state_change_task,test_task27,Turn off all lightswitches,none,0,,,,,0,0,,,
state_change_task,test_task28,Turn off all lightswitches,semantic,0,,example_task81,Turn off all candles,0.5849753618240356,6,225,0,1,
state_change_task,test_task28,Turn off all lightswitches,random,0,10309945910103689821,example_task12,Turn on all computers,0.4601632356643677,4,169,0,0,
state_change_task,test_task28,Turn off all lightswitches,random,1,98446944171647156,example_task21,Turn off all cellphones,0.46563106775283813,8,315,0,1,
state_change_task,test_task28,Turn off all lightswitches,random,2,3022130011938903632,example_task4,Turn on all faucets,0.4170824885368347,4,157,0,0,
state_change_task,test_task28,Turn off all lightswitches,fixed,0,,example_task81,Turn off all candles,0.5849753618240356,6,225,0,1,
state_change_task,test_task28,Turn off all lightswitches,none,0,,,,,0,0,,,
state_change_task,test_task29,Turn off all lightswitches,semantic,0,,example_task81,Turn off all candles,0.5849753618240356,6,225,0,1,
state_change_task,test_task29,Turn off all lightswitches,random,0,7150659779942358810,example_task76,Turn on all tablelamps,0.5638211965560913,6,242,0,0,
state_change_task,test_task29,Turn off all lightswitches,random,1,3621032599203429020,example_task76,Turn on all tablelamps,0.5638211965560913,6,242,0,0,
state_change_task,test_task29,Turn off all lightswitches,random,2,7749084538522939094,example_task4,Turn on all faucets,0.4170824885368347,4,157,0,0,
state_change_task,test_task29,Turn off all lightswitches,fixed,0,,example_task81,Turn off all candles,0.5849753618240356,6,225,0,1,
state_change_task,test_task29,Turn off all lightswitches,none,0,,,,,0,0,,,
state_change_task,test_task30,Turn off all lightswitches,semantic,0,,example_task81,Turn off all candles,0.5849753618240356,6,225,0,1,
state_change_task,test_task30,Turn off all lightswitches,random,0,14429462010933243349,example_task12,Turn on all computers,0.4601632356643677,4,169,0,0,
state_change_task,test_task30,Turn off all lightswitches,random,1,1870739336137792841,example_task76,Turn on all tablelamps,0.5638211965560913,6,242,0,0,
state_change_task,test_task30,Turn off all lightswitches,random,2,874220550458944714,example_task21,Turn off all cellphones,0.46563106775283813,8,315,0,1,
state_change_task,test_task30,Turn off all lightswitches,fixed,0,,example_task81,Turn off all candles,0.5849753618240356,6,225,0,1,
state_change_task,test_task30,Turn off all lightswitches,none,0,,,,,0,0,,,
state_change_task,test_task31,Turn off all lightswitches,semantic,0,,example_task81,Turn off all candles,0.5849753618240356,6,225,0,1,
state_change_task,test_task31,Turn off all lightswitches,random,0,4374934065510475169,example_task13,Turn off all faucets,0.46797624230384827,4,160,0,1,
state_change_task,test_task31,Turn off all lightswitches,random,1,6852960032473359660,example_task4,Turn on all faucets,0.4170824885368347,4,157,0,0,
state_change_task,test_task31,Turn off all lightswitches,random,2,8417227966467592262,example_task76,Turn on all tablelamps,0.5638211965560913,6,242,0,0,
state_change_task,test_task31,Turn off all lightswitches,fixed,0,,example_task81,Turn off all candles,0.5849753618240356,6,225,0,1,
state_change_task,test_task31,Turn off all lightswitches,none,0,,,,,0,0,,,
state_change_task,test_task32,Turn off all lightswitches,semantic,0,,example_task81,Turn off all candles,0.5849753618240356,6,225,0,1,
state_change_task,test_task32,Turn off all lightswitches,random,0,7388819762454497696,example_task76,Turn on all tablelamps,0.5638211965560913,6,242,0,0,
state_change_task,test_task32,Turn off all lightswitches,random,1,16144086426449252493,example_task13,Turn off all faucets,0.46797624230384827,4,160,0,1,
state_change_task,test_task32,Turn off all lightswitches,random,2,2332595790875076,example_task81,Turn off all candles,0.5849753618240356,6,225,0,1,
state_change_task,test_task32,Turn off all lightswitches,fixed,0,,example_task81,Turn off all candles,0.5849753618240356,6,225,0,1,
state_change_task,test_task32,Turn off all lightswitches,none,0,,,,,0,0,,,
state_change_task,test_task33,Turn off all lightswitches,semantic,0,,example_task81,Turn off all candles,0.5849753618240356,6,225,0,1,
state_change_task,test_task33,Turn off all lightswitches,random,0,17620488897440361095,example_task12,Turn on all computers,0.4601632356643677,4,169,0,0,
state_change_task,test_task33,Turn off all lightswitches,random,1,11625874489371738360,example_task13,Turn off all faucets,0.46797624230384827,4,160,0,1,
state_change_task,test_task33,Turn off all lightswitches,random,2,11430723384325719653,example_task12,Turn on all computers,0.4601632356643677,4,169,0,0,
state_change_task,test_task33,Turn off all lightswitches,fixed,0,,example_task81,Turn off all candles,0.5849753618240356,6,225,0,1,
state_change_task,test_task33,Turn off all lightswitches,none,0,,,,,0,0,,,
state_change_task,test_task34,Turn off all lightswitches,semantic,0,,example_task81,Turn off all candles,0.5849753618240356,6,225,0,1,
state_change_task,test_task34,Turn off all lightswitches,random,0,11527435137963047327,example_task12,Turn on all computers,0.4601632356643677,4,169,0,0,
state_change_task,test_task34,Turn off all lightswitches,random,1,3140106791283882903,example_task76,Turn on all tablelamps,0.5638211965560913,6,242,0,0,
state_change_task,test_task34,Turn off all lightswitches,random,2,2268827006707126829,example_task76,Turn on all tablelamps,0.5638211965560913,6,242,0,0,
state_change_task,test_task34,Turn off all lightswitches,fixed,0,,example_task81,Turn off all candles,0.5849753618240356,6,225,0,1,
state_change_task,test_task34,Turn off all lightswitches,none,0,,,,,0,0,,,
state_change_task,test_task35,Turn off all lightswitches,semantic,0,,example_task81,Turn off all candles,0.5849753618240356,6,225,0,1,
state_change_task,test_task35,Turn off all lightswitches,random,0,3945895573874138076,example_task13,Turn off all faucets,0.46797624230384827,4,160,0,1,
state_change_task,test_task35,Turn off all lightswitches,random,1,2140627301367404139,example_task13,Turn off all faucets,0.46797624230384827,4,160,0,1,
state_change_task,test_task35,Turn off all lightswitches,random,2,1284006408233100641,example_task76,Turn on all tablelamps,0.5638211965560913,6,242,0,0,
state_change_task,test_task35,Turn off all lightswitches,fixed,0,,example_task81,Turn off all candles,0.5849753618240356,6,225,0,1,
state_change_task,test_task35,Turn off all lightswitches,none,0,,,,,0,0,,,
state_change_task,test_task36,Turn off all lightswitches,semantic,0,,example_task81,Turn off all candles,0.5849753618240356,6,225,0,1,
state_change_task,test_task36,Turn off all lightswitches,random,0,3589317049580002860,example_task12,Turn on all computers,0.4601632356643677,4,169,0,0,
state_change_task,test_task36,Turn off all lightswitches,random,1,3241664183247461066,example_task13,Turn off all faucets,0.46797624230384827,4,160,0,1,
state_change_task,test_task36,Turn off all lightswitches,random,2,12818917051790156648,example_task12,Turn on all computers,0.4601632356643677,4,169,0,0,
state_change_task,test_task36,Turn off all lightswitches,fixed,0,,example_task81,Turn off all candles,0.5849753618240356,6,225,0,1,
state_change_task,test_task36,Turn off all lightswitches,none,0,,,,,0,0,,,
state_change_task,test_task37,Turn off all tablelamps,semantic,0,,example_task76,Turn on all tablelamps,0.9095948934555054,6,242,1,0,
state_change_task,test_task37,Turn off all tablelamps,random,0,6084369871301915774,example_task81,Turn off all candles,0.4964370131492615,6,225,0,1,
state_change_task,test_task37,Turn off all tablelamps,random,1,7428188465635400624,example_task13,Turn off all faucets,0.45084327459335327,4,160,0,1,
state_change_task,test_task37,Turn off all tablelamps,random,2,16941130123094772903,example_task13,Turn off all faucets,0.45084327459335327,4,160,0,1,
state_change_task,test_task37,Turn off all tablelamps,fixed,0,,example_task81,Turn off all candles,0.4964370131492615,6,225,0,1,
state_change_task,test_task37,Turn off all tablelamps,none,0,,,,,0,0,,,
state_change_task,test_task38,Turn off all tablelamps,semantic,0,,example_task76,Turn on all tablelamps,0.9095948934555054,6,242,1,0,
state_change_task,test_task38,Turn off all tablelamps,random,0,9851364427737255687,example_task13,Turn off all faucets,0.45084327459335327,4,160,0,1,
state_change_task,test_task38,Turn off all tablelamps,random,1,15389287155627979423,example_task13,Turn off all faucets,0.45084327459335327,4,160,0,1,
state_change_task,test_task38,Turn off all tablelamps,random,2,18342748033101581001,example_task76,Turn on all tablelamps,0.9095948934555054,6,242,1,0,
state_change_task,test_task38,Turn off all tablelamps,fixed,0,,example_task81,Turn off all candles,0.4964370131492615,6,225,0,1,
state_change_task,test_task38,Turn off all tablelamps,none,0,,,,,0,0,,,
state_change_task,test_task39,Turn off all tablelamps,semantic,0,,example_task76,Turn on all tablelamps,0.9095948934555054,6,242,1,0,
state_change_task,test_task39,Turn off all tablelamps,random,0,7599199563935844312,example_task76,Turn on all tablelamps,0.9095948934555054,6,242,1,0,
state_change_task,test_task39,Turn off all tablelamps,random,1,17790300144983556091,example_task81,Turn off all candles,0.4964370131492615,6,225,0,1,
state_change_task,test_task39,Turn off all tablelamps,random,2,7351297044969989412,example_task21,Turn off all cellphones,0.45363759994506836,8,315,0,1,
state_change_task,test_task39,Turn off all tablelamps,fixed,0,,example_task81,Turn off all candles,0.4964370131492615,6,225,0,1,
state_change_task,test_task39,Turn off all tablelamps,none,0,,,,,0,0,,,
state_change_task,test_task40,Turn off all tablelamps,semantic,0,,example_task76,Turn on all tablelamps,0.9095948934555054,6,242,1,0,
state_change_task,test_task40,Turn off all tablelamps,random,0,14998334960791796628,example_task81,Turn off all candles,0.4964370131492615,6,225,0,1,
state_change_task,test_task40,Turn off all tablelamps,random,1,11919713555442017676,example_task4,Turn on all faucets,0.356049120426178,4,157,0,0,
state_change_task,test_task40,Turn off all tablelamps,random,2,4791632018440678021,example_task81,Turn off all candles,0.4964370131492615,6,225,0,1,
state_change_task,test_task40,Turn off all tablelamps,fixed,0,,example_task81,Turn off all candles,0.4964370131492615,6,225,0,1,
state_change_task,test_task40,Turn off all tablelamps,none,0,,,,,0,0,,,
state_change_task,test_task41,Turn off all computers,semantic,0,,example_task12,Turn on all computers,0.8592640161514282,4,169,1,0,
state_change_task,test_task41,Turn off all computers,random,0,16063113548796491726,example_task12,Turn on all computers,0.8592640161514282,4,169,1,0,
state_change_task,test_task41,Turn off all computers,random,1,4331778370084326885,example_task13,Turn off all faucets,0.5643138885498047,4,160,0,1,
state_change_task,test_task41,Turn off all computers,random,2,1195130951610228069,example_task13,Turn off all faucets,0.5643138885498047,4,160,0,1,
state_change_task,test_task41,Turn off all computers,fixed,0,,example_task81,Turn off all candles,0.5131586790084839,6,225,0,1,
state_change_task,test_task41,Turn off all computers,none,0,,,,,0,0,,,
state_change_task,test_task42,Turn off all computers,semantic,0,,example_task12,Turn on all computers,0.8592640161514282,4,169,1,0,
state_change_task,test_task42,Turn off all computers,random,0,15862917645040433074,example_task81,Turn off all candles,0.5131586790084839,6,225,0,1,
state_change_task,test_task42,Turn off all computers,random,1,6183522352229100071,example_task4,Turn on all faucets,0.45894116163253784,4,157,0,0,
state_change_task,test_task42,Turn off all computers,random,2,1728904723231387571,example_task4,Turn on all faucets,0.45894116163253784,4,157,0,0,
state_change_task,test_task42,Turn off all computers,fixed,0,,example_task81,Turn off all candles,0.5131586790084839,6,225,0,1,
state_change_task,test_task42,Turn off all computers,none,0,,,,,0,0,,,
state_change_task,test_task43,Turn off all computers,semantic,0,,example_task12,Turn on all computers,0.8592640161514282,4,169,1,0,
state_change_task,test_task43,Turn off all computers,random,0,14251289917942459862,example_task4,Turn on all faucets,0.45894116163253784,4,157,0,0,
state_change_task,test_task43,Turn off all computers,random,1,7454201897613524038,example_task21,Turn off all cellphones,0.581680417060852,8,315,0,1,
state_change_task,test_task43,Turn off all computers,random,2,8701873832002899049,example_task81,Turn off all candles,0.5131586790084839,6,225,0,1,
state_change_task,test_task43,Turn off all computers,fixed,0,,example_task81,Turn off all candles,0.5131586790084839,6,225,0,1,
state_change_task,test_task43,Turn off all computers,none,0,,,,,0,0,,,
state_change_task,test_task44,Turn off all computers,semantic,0,,example_task12,Turn on all computers,0.8592640161514282,4,169,1,0,
state_change_task,test_task44,Turn off all computers,random,0,12064711838613359725,example_task4,Turn on all faucets,0.45894116163253784,4,157,0,0,
state_change_task,test_task44,Turn off all computers,random,1,6576899557173952679,example_task13,Turn off all faucets,0.5643138885498047,4,160,0,1,
state_change_task,test_task44,Turn off all computers,random,2,13044311405746920770,example_task76,Turn on all tablelamps,0.3371769189834595,6,242,0,0,
state_change_task,test_task44,Turn off all computers,fixed,0,,example_task81,Turn off all candles,0.5131586790084839,6,225,0,1,
state_change_task,test_task44,Turn off all computers,none,0,,,,,0,0,,,
state_change_task,test_task45,Turn off all tvs,semantic,0,,example_task21,Turn off all cellphones,0.4994624853134155,8,315,0,1,
state_change_task,test_task45,Turn off all tvs,random,0,6062857500547162152,example_task12,Turn on all computers,0.49108827114105225,4,169,0,0,
state_change_task,test_task45,Turn off all tvs,random,1,11507146925908692587,example_task21,Turn off all cellphones,0.4994624853134155,8,315,0,1,
state_change_task,test_task45,Turn off all tvs,random,2,5993042312821267979,example_task13,Turn off all faucets,0.48129743337631226,4,160,0,1,
state_change_task,test_task45,Turn off all tvs,fixed,0,,example_task81,Turn off all candles,0.45816347002983093,6,225,0,1,
state_change_task,test_task45,Turn off all tvs,none,0,,,,,0,0,,,
state_change_task,test_task46,Turn off all tvs,semantic,0,,example_task21,Turn off all cellphones,0.4994624853134155,8,315,0,1,
state_change_task,test_task46,Turn off all tvs,random,0,283142684716254188,example_task21,Turn off all cellphones,0.4994624853134155,8,315,0,1,
state_change_task,test_task46,Turn off all tvs,random,1,12454749435267767806,example_task21,Turn off all cellphones,0.4994624853134155,8,315,0,1,
state_change_task,test_task46,Turn off all tvs,random,2,11574205256209844626,example_task76,Turn on all tablelamps,0.3822532892227173,6,242,0,0,
state_change_task,test_task46,Turn off all tvs,fixed,0,,example_task81,Turn off all candles,0.45816347002983093,6,225,0,1,
state_change_task,test_task46,Turn off all tvs,none,0,,,,,0,0,,,
state_change_task,test_task47,Turn off all tvs,semantic,0,,example_task21,Turn off all cellphones,0.4994624853134155,8,315,0,1,
state_change_task,test_task47,Turn off all tvs,random,0,6840281519324007562,example_task4,Turn on all faucets,0.3928101658821106,4,157,0,0,
state_change_task,test_task47,Turn off all tvs,random,1,3901171489104580234,example_task12,Turn on all computers,0.49108827114105225,4,169,0,0,
state_change_task,test_task47,Turn off all tvs,random,2,3557816028255583,example_task81,Turn off all candles,0.45816347002983093,6,225,0,1,
state_change_task,test_task47,Turn off all tvs,fixed,0,,example_task81,Turn off all candles,0.45816347002983093,6,225,0,1,
state_change_task,test_task47,Turn off all tvs,none,0,,,,,0,0,,,
state_change_task,test_task48,Turn off all tvs,semantic,0,,example_task21,Turn off all cellphones,0.4994624853134155,8,315,0,1,
state_change_task,test_task48,Turn off all tvs,random,0,14445103520219291623,example_task12,Turn on all computers,0.49108827114105225,4,169,0,0,
state_change_task,test_task48,Turn off all tvs,random,1,7859429636393442695,example_task13,Turn off all faucets,0.48129743337631226,4,160,0,1,
state_change_task,test_task48,Turn off all tvs,random,2,6470978586149049003,example_task13,Turn off all faucets,0.48129743337631226,4,160,0,1,
state_change_task,test_task48,Turn off all tvs,fixed,0,,example_task81,Turn off all candles,0.45816347002983093,6,225,0,1,
state_change_task,test_task48,Turn off all tvs,none,0,,,,,0,0,,,
state_change_task,test_task49,Turn on all lightswitches,semantic,0,,example_task76,Turn on all tablelamps,0.6107883453369141,6,242,0,1,
state_change_task,test_task49,Turn on all lightswitches,random,0,10498096607555571398,example_task13,Turn off all faucets,0.38628941774368286,4,160,0,0,
state_change_task,test_task49,Turn on all lightswitches,random,1,9210497128618592250,example_task12,Turn on all computers,0.5445488691329956,4,169,0,1,
state_change_task,test_task49,Turn on all lightswitches,random,2,3329935940624889313,example_task12,Turn on all computers,0.5445488691329956,4,169,0,1,
state_change_task,test_task49,Turn on all lightswitches,fixed,0,,example_task81,Turn off all candles,0.5193465948104858,6,225,0,0,
state_change_task,test_task49,Turn on all lightswitches,none,0,,,,,0,0,,,
state_change_task,test_task50,Turn on all lightswitches,semantic,0,,example_task76,Turn on all tablelamps,0.6107883453369141,6,242,0,1,
state_change_task,test_task50,Turn on all lightswitches,random,0,613389324513878421,example_task81,Turn off all candles,0.5193465948104858,6,225,0,0,
state_change_task,test_task50,Turn on all lightswitches,random,1,17500568282341590220,example_task4,Turn on all faucets,0.4804110527038574,4,157,0,1,
state_change_task,test_task50,Turn on all lightswitches,random,2,2584960495835766227,example_task21,Turn off all cellphones,0.3894766569137573,8,315,0,0,
state_change_task,test_task50,Turn on all lightswitches,fixed,0,,example_task81,Turn off all candles,0.5193465948104858,6,225,0,0,
state_change_task,test_task50,Turn on all lightswitches,none,0,,,,,0,0,,,
state_change_task,test_task51,Turn on all lightswitches,semantic,0,,example_task76,Turn on all tablelamps,0.6107883453369141,6,242,0,1,
state_change_task,test_task51,Turn on all lightswitches,random,0,8612404132200270510,example_task12,Turn on all computers,0.5445488691329956,4,169,0,1,
state_change_task,test_task51,Turn on all lightswitches,random,1,9645719072973894137,example_task4,Turn on all faucets,0.4804110527038574,4,157,0,1,
state_change_task,test_task51,Turn on all lightswitches,random,2,13935917408906956967,example_task12,Turn on all computers,0.5445488691329956,4,169,0,1,
state_change_task,test_task51,Turn on all lightswitches,fixed,0,,example_task81,Turn off all candles,0.5193465948104858,6,225,0,0,
state_change_task,test_task51,Turn on all lightswitches,none,0,,,,,0,0,,,
state_change_task,test_task52,Turn on all lightswitches,semantic,0,,example_task76,Turn on all tablelamps,0.6107883453369141,6,242,0,1,
state_change_task,test_task52,Turn on all lightswitches,random,0,13167783968504146618,example_task13,Turn off all faucets,0.38628941774368286,4,160,0,0,
state_change_task,test_task52,Turn on all lightswitches,random,1,4126082226182884196,example_task21,Turn off all cellphones,0.3894766569137573,8,315,0,0,
state_change_task,test_task52,Turn on all lightswitches,random,2,2778729782921616855,example_task4,Turn on all faucets,0.4804110527038574,4,157,0,1,
state_change_task,test_task52,Turn on all lightswitches,fixed,0,,example_task81,Turn off all candles,0.5193465948104858,6,225,0,0,
state_change_task,test_task52,Turn on all lightswitches,none,0,,,,,0,0,,,
state_change_task,test_task53,Turn on all lightswitches,semantic,0,,example_task76,Turn on all tablelamps,0.6107883453369141,6,242,0,1,
state_change_task,test_task53,Turn on all lightswitches,random,0,14696813583485157037,example_task21,Turn off all cellphones,0.3894766569137573,8,315,0,0,
state_change_task,test_task53,Turn on all lightswitches,random,1,15737586385392429403,example_task21,Turn off all cellphones,0.3894766569137573,8,315,0,0,
state_change_task,test_task53,Turn on all lightswitches,random,2,11714449376946490450,example_task4,Turn on all faucets,0.4804110527038574,4,157,0,1,
state_change_task,test_task53,Turn on all lightswitches,fixed,0,,example_task81,Turn off all candles,0.5193465948104858,6,225,0,0,
state_change_task,test_task53,Turn on all lightswitches,none,0,,,,,0,0,,,
state_change_task,test_task54,Turn on all lightswitches,semantic,0,,example_task76,Turn on all tablelamps,0.6107883453369141,6,242,0,1,
state_change_task,test_task54,Turn on all lightswitches,random,0,5296590543892286838,example_task76,Turn on all tablelamps,0.6107883453369141,6,242,0,1,
state_change_task,test_task54,Turn on all lightswitches,random,1,7441507361277306946,example_task12,Turn on all computers,0.5445488691329956,4,169,0,1,
state_change_task,test_task54,Turn on all lightswitches,random,2,12182343697034655891,example_task81,Turn off all candles,0.5193465948104858,6,225,0,0,
state_change_task,test_task54,Turn on all lightswitches,fixed,0,,example_task81,Turn off all candles,0.5193465948104858,6,225,0,0,
state_change_task,test_task54,Turn on all lightswitches,none,0,,,,,0,0,,,
state_change_task,test_task55,Turn on all lightswitches,semantic,0,,example_task76,Turn on all tablelamps,0.6107883453369141,6,242,0,1,
state_change_task,test_task55,Turn on all lightswitches,random,0,1042581974590368004,example_task21,Turn off all cellphones,0.3894766569137573,8,315,0,0,
state_change_task,test_task55,Turn on all lightswitches,random,1,17902066064576352876,example_task81,Turn off all candles,0.5193465948104858,6,225,0,0,
state_change_task,test_task55,Turn on all lightswitches,random,2,8886191857972046643,example_task76,Turn on all tablelamps,0.6107883453369141,6,242,0,1,
state_change_task,test_task55,Turn on all lightswitches,fixed,0,,example_task81,Turn off all candles,0.5193465948104858,6,225,0,0,
state_change_task,test_task55,Turn on all lightswitches,none,0,,,,,0,0,,,
state_change_task,test_task56,Turn on all lightswitches,semantic,0,,example_task76,Turn on all tablelamps,0.6107883453369141,6,242,0,1,
state_change_task,test_task56,Turn on all lightswitches,random,0,9612392302702134531,example_task81,Turn off all candles,0.5193465948104858,6,225,0,0,
state_change_task,test_task56,Turn on all lightswitches,random,1,14187112547604042173,example_task4,Turn on all faucets,0.4804110527038574,4,157,0,1,
state_change_task,test_task56,Turn on all lightswitches,random,2,1223052446915208080,example_task81,Turn off all candles,0.5193465948104858,6,225,0,0,
state_change_task,test_task56,Turn on all lightswitches,fixed,0,,example_task81,Turn off all candles,0.5193465948104858,6,225,0,0,
state_change_task,test_task56,Turn on all lightswitches,none,0,,,,,0,0,,,
state_change_task,test_task57,Turn on all lightswitches,semantic,0,,example_task76,Turn on all tablelamps,0.6107883453369141,6,242,0,1,
state_change_task,test_task57,Turn on all lightswitches,random,0,2082814615382902625,example_task13,Turn off all faucets,0.38628941774368286,4,160,0,0,
state_change_task,test_task57,Turn on all lightswitches,random,1,787162269110104417,example_task4,Turn on all faucets,0.4804110527038574,4,157,0,1,
state_change_task,test_task57,Turn on all lightswitches,random,2,874854613204895699,example_task21,Turn off all cellphones,0.3894766569137573,8,315,0,0,
state_change_task,test_task57,Turn on all lightswitches,fixed,0,,example_task81,Turn off all candles,0.5193465948104858,6,225,0,0,
state_change_task,test_task57,Turn on all lightswitches,none,0,,,,,0,0,,,
state_change_task,test_task58,Turn on all lightswitches,semantic,0,,example_task76,Turn on all tablelamps,0.6107883453369141,6,242,0,1,
state_change_task,test_task58,Turn on all lightswitches,random,0,1655896162639825755,example_task4,Turn on all faucets,0.4804110527038574,4,157,0,1,
state_change_task,test_task58,Turn on all lightswitches,random,1,1016742490038325360,example_task21,Turn off all cellphones,0.3894766569137573,8,315,0,0,
state_change_task,test_task58,Turn on all lightswitches,random,2,8576351223012747117,example_task4,Turn on all faucets,0.4804110527038574,4,157,0,1,
state_change_task,test_task58,Turn on all lightswitches,fixed,0,,example_task81,Turn off all candles,0.5193465948104858,6,225,0,0,
state_change_task,test_task58,Turn on all lightswitches,none,0,,,,,0,0,,,
state_change_task,test_task59,Turn on all lightswitches,semantic,0,,example_task76,Turn on all tablelamps,0.6107883453369141,6,242,0,1,
state_change_task,test_task59,Turn on all lightswitches,random,0,1503283909584685266,example_task81,Turn off all candles,0.5193465948104858,6,225,0,0,
state_change_task,test_task59,Turn on all lightswitches,random,1,16536384169003949251,example_task13,Turn off all faucets,0.38628941774368286,4,160,0,0,
state_change_task,test_task59,Turn on all lightswitches,random,2,2798953150751114848,example_task76,Turn on all tablelamps,0.6107883453369141,6,242,0,1,
state_change_task,test_task59,Turn on all lightswitches,fixed,0,,example_task81,Turn off all candles,0.5193465948104858,6,225,0,0,
state_change_task,test_task59,Turn on all lightswitches,none,0,,,,,0,0,,,
state_change_task,test_task60,Turn on all lightswitches,semantic,0,,example_task76,Turn on all tablelamps,0.6107883453369141,6,242,0,1,
state_change_task,test_task60,Turn on all lightswitches,random,0,11567877563188265082,example_task12,Turn on all computers,0.5445488691329956,4,169,0,1,
state_change_task,test_task60,Turn on all lightswitches,random,1,16243188210772025038,example_task4,Turn on all faucets,0.4804110527038574,4,157,0,1,
state_change_task,test_task60,Turn on all lightswitches,random,2,3565927026378010197,example_task4,Turn on all faucets,0.4804110527038574,4,157,0,1,
state_change_task,test_task60,Turn on all lightswitches,fixed,0,,example_task81,Turn off all candles,0.5193465948104858,6,225,0,0,
state_change_task,test_task60,Turn on all lightswitches,none,0,,,,,0,0,,,
state_change_task,test_task61,Turn on all lightswitches,semantic,0,,example_task76,Turn on all tablelamps,0.6107883453369141,6,242,0,1,
state_change_task,test_task61,Turn on all lightswitches,random,0,648835951090806054,example_task13,Turn off all faucets,0.38628941774368286,4,160,0,0,
state_change_task,test_task61,Turn on all lightswitches,random,1,2939133462790849341,example_task21,Turn off all cellphones,0.3894766569137573,8,315,0,0,
state_change_task,test_task61,Turn on all lightswitches,random,2,15996344977430845527,example_task12,Turn on all computers,0.5445488691329956,4,169,0,1,
state_change_task,test_task61,Turn on all lightswitches,fixed,0,,example_task81,Turn off all candles,0.5193465948104858,6,225,0,0,
state_change_task,test_task61,Turn on all lightswitches,none,0,,,,,0,0,,,
state_change_task,test_task62,Turn on all lightswitches,semantic,0,,example_task76,Turn on all tablelamps,0.6107883453369141,6,242,0,1,
state_change_task,test_task62,Turn on all lightswitches,random,0,18156053431151554345,example_task12,Turn on all computers,0.5445488691329956,4,169,0,1,
state_change_task,test_task62,Turn on all lightswitches,random,1,8539506521215261665,example_task81,Turn off all candles,0.5193465948104858,6,225,0,0,
state_change_task,test_task62,Turn on all lightswitches,random,2,6091901665553840203,example_task76,Turn on all tablelamps,0.6107883453369141,6,242,0,1,
state_change_task,test_task62,Turn on all lightswitches,fixed,0,,example_task81,Turn off all candles,0.5193465948104858,6,225,0,0,
state_change_task,test_task62,Turn on all lightswitches,none,0,,,,,0,0,,,
state_change_task,test_task63,Turn on all lightswitches,semantic,0,,example_task76,Turn on all tablelamps,0.6107883453369141,6,242,0,1,
state_change_task,test_task63,Turn on all lightswitches,random,0,2135078883105132341,example_task76,Turn on all tablelamps,0.6107883453369141,6,242,0,1,
state_change_task,test_task63,Turn on all lightswitches,random,1,11782975482937820359,example_task81,Turn off all candles,0.5193465948104858,6,225,0,0,
state_change_task,test_task63,Turn on all lightswitches,random,2,3514121410231686128,example_task12,Turn on all computers,0.5445488691329956,4,169,0,1,
state_change_task,test_task63,Turn on all lightswitches,fixed,0,,example_task81,Turn off all candles,0.5193465948104858,6,225,0,0,
state_change_task,test_task63,Turn on all lightswitches,none,0,,,,,0,0,,,
state_change_task,test_task64,Turn on all lightswitches,semantic,0,,example_task76,Turn on all tablelamps,0.6107883453369141,6,242,0,1,
state_change_task,test_task64,Turn on all lightswitches,random,0,16747604140029938626,example_task12,Turn on all computers,0.5445488691329956,4,169,0,1,
state_change_task,test_task64,Turn on all lightswitches,random,1,17128234745016405153,example_task12,Turn on all computers,0.5445488691329956,4,169,0,1,
state_change_task,test_task64,Turn on all lightswitches,random,2,17828222722927013146,example_task4,Turn on all faucets,0.4804110527038574,4,157,0,1,
state_change_task,test_task64,Turn on all lightswitches,fixed,0,,example_task81,Turn off all candles,0.5193465948104858,6,225,0,0,
state_change_task,test_task64,Turn on all lightswitches,none,0,,,,,0,0,,,
state_change_task,test_task65,Turn off all lightswitches,semantic,0,,example_task81,Turn off all candles,0.5849753618240356,6,225,0,1,
state_change_task,test_task65,Turn off all lightswitches,random,0,12604429051392632989,example_task21,Turn off all cellphones,0.46563106775283813,8,315,0,1,
state_change_task,test_task65,Turn off all lightswitches,random,1,6966190524809070761,example_task76,Turn on all tablelamps,0.5638211965560913,6,242,0,0,
state_change_task,test_task65,Turn off all lightswitches,random,2,8196841393357983284,example_task81,Turn off all candles,0.5849753618240356,6,225,0,1,
state_change_task,test_task65,Turn off all lightswitches,fixed,0,,example_task81,Turn off all candles,0.5849753618240356,6,225,0,1,
state_change_task,test_task65,Turn off all lightswitches,none,0,,,,,0,0,,,
state_change_task,test_task66,Turn off all lightswitches,semantic,0,,example_task81,Turn off all candles,0.5849753618240356,6,225,0,1,
state_change_task,test_task66,Turn off all lightswitches,random,0,15643565205152625746,example_task13,Turn off all faucets,0.46797624230384827,4,160,0,1,
state_change_task,test_task66,Turn off all lightswitches,random,1,6003203019034996442,example_task21,Turn off all cellphones,0.46563106775283813,8,315,0,1,
state_change_task,test_task66,Turn off all lightswitches,random,2,15599051935433961939,example_task4,Turn on all faucets,0.4170824885368347,4,157,0,0,
state_change_task,test_task66,Turn off all lightswitches,fixed,0,,example_task81,Turn off all candles,0.5849753618240356,6,225,0,1,
state_change_task,test_task66,Turn off all lightswitches,none,0,,,,,0,0,,,
state_change_task,test_task67,Turn off all lightswitches,semantic,0,,example_task81,Turn off all candles,0.5849753618240356,6,225,0,1,
state_change_task,test_task67,Turn off all lightswitches,random,0,2529205941008983164,example_task81,Turn off all candles,0.5849753618240356,6,225,0,1,
state_change_task,test_task67,Turn off all lightswitches,random,1,7994692927024677030,example_task12,Turn on all computers,0.4601632356643677,4,169,0,0,
state_change_task,test_task67,Turn off all lightswitches,random,2,4887137387741961228,example_task12,Turn on all computers,0.4601632356643677,4,169,0,0,
state_change_task,test_task67,Turn off all lightswitches,fixed,0,,example_task81,Turn off all candles,0.5849753618240356,6,225,0,1,
state_change_task,test_task67,Turn off all lightswitches,none,0,,,,,0,0,,,
state_change_task,test_task68,Turn off all lightswitches,semantic,0,,example_task81,Turn off all candles,0.5849753618240356,6,225,0,1,
state_change_task,test_task68,Turn off all lightswitches,random,0,17100268881153213616,example_task13,Turn off all faucets,0.46797624230384827,4,160,0,1,
state_change_task,test_task68,Turn off all lightswitches,random,1,724444069475781768,example_task21,Turn off all cellphones,0.46563106775283813,8,315,0,1,
state_change_task,test_task68,Turn off all lightswitches,random,2,25665716012213006,example_task4,Turn on all faucets,0.4170824885368347,4,157,0,0,
state_change_task,test_task68,Turn off all lightswitches,fixed,0,,example_task81,Turn off all candles,0.5849753618240356,6,225,0,1,
state_change_task,test_task68,Turn off all lightswitches,none,0,,,,,0,0,,,
state_change_task,test_task69,Turn off all lightswitches,semantic,0,,example_task81,Turn off all candles,0.5849753618240356,6,225,0,1,
state_change_task,test_task69,Turn off all lightswitches,random,0,593777681324178044,example_task76,Turn on all tablelamps,0.5638211965560913,6,242,0,0,
state_change_task,test_task69,Turn off all lightswitches,random,1,13058438547513897576,example_task12,Turn on all computers,0.4601632356643677,4,169,0,0,
state_change_task,test_task69,Turn off all lightswitches,random,2,5016662169625455096,example_task81,Turn off all candles,0.5849753618240356,6,225,0,1,
state_change_task,test_task69,Turn off all lightswitches,fixed,0,,example_task81,Turn off all candles,0.5849753618240356,6,225,0,1,
state_change_task,test_task69,Turn off all lightswitches,none,0,,,,,0,0,,,
state_change_task,test_task70,Turn off all lightswitches,semantic,0,,example_task81,Turn off all candles,0.5849753618240356,6,225,0,1,
state_change_task,test_task70,Turn off all lightswitches,random,0,15318010081339143418,example_task76,Turn on all tablelamps,0.5638211965560913,6,242,0,0,
state_change_task,test_task70,Turn off all lightswitches,random,1,17342032749106872893,example_task76,Turn on all tablelamps,0.5638211965560913,6,242,0,0,
state_change_task,test_task70,Turn off all lightswitches,random,2,1820008020938503330,example_task13,Turn off all faucets,0.46797624230384827,4,160,0,1,
state_change_task,test_task70,Turn off all lightswitches,fixed,0,,example_task81,Turn off all candles,0.5849753618240356,6,225,0,1,
state_change_task,test_task70,Turn off all lightswitches,none,0,,,,,0,0,,,
state_change_task,test_task71,Turn off all lightswitches,semantic,0,,example_task81,Turn off all candles,0.5849753618240356,6,225,0,1,
state_change_task,test_task71,Turn off all lightswitches,random,0,5086395971324109959,example_task13,Turn off all faucets,0.46797624230384827,4,160,0,1,
state_change_task,test_task71,Turn off all lightswitches,random,1,6565170470657428280,example_task76,Turn on all tablelamps,0.5638211965560913,6,242,0,0,
state_change_task,test_task71,Turn off all lightswitches,random,2,14367918525992037231,example_task4,Turn on all faucets,0.4170824885368347,4,157,0,0,
state_change_task,test_task71,Turn off all lightswitches,fixed,0,,example_task81,Turn off all candles,0.5849753618240356,6,225,0,1,
state_change_task,test_task71,Turn off all lightswitches,none,0,,,,,0,0,,,
state_change_task,test_task72,Turn off all lightswitches,semantic,0,,example_task81,Turn off all candles,0.5849753618240356,6,225,0,1,
state_change_task,test_task72,Turn off all lightswitches,random,0,15327090569579499209,example_task81,Turn off all candles,0.5849753618240356,6,225,0,1,
state_change_task,test_task72,Turn off all lightswitches,random,1,16153175967865547229,example_task81,Turn off all candles,0.5849753618240356,6,225,0,1,
state_change_task,test_task72,Turn off all lightswitches,random,2,861538133916676069,example_task12,Turn on all computers,0.4601632356643677,4,169,0,0,
state_change_task,test_task72,Turn off all lightswitches,fixed,0,,example_task81,Turn off all candles,0.5849753618240356,6,225,0,1,
state_change_task,test_task72,Turn off all lightswitches,none,0,,,,,0,0,,,
state_change_task,test_task73,Turn off all lightswitches,semantic,0,,example_task81,Turn off all candles,0.5849753618240356,6,225,0,1,
state_change_task,test_task73,Turn off all lightswitches,random,0,12502399510698304413,example_task12,Turn on all computers,0.4601632356643677,4,169,0,0,
state_change_task,test_task73,Turn off all lightswitches,random,1,16384873066117872374,example_task12,Turn on all computers,0.4601632356643677,4,169,0,0,
state_change_task,test_task73,Turn off all lightswitches,random,2,277779168027124313,example_task13,Turn off all faucets,0.46797624230384827,4,160,0,1,
state_change_task,test_task73,Turn off all lightswitches,fixed,0,,example_task81,Turn off all candles,0.5849753618240356,6,225,0,1,
state_change_task,test_task73,Turn off all lightswitches,none,0,,,,,0,0,,,
state_change_task,test_task74,Turn off all lightswitches,semantic,0,,example_task81,Turn off all candles,0.5849753618240356,6,225,0,1,
state_change_task,test_task74,Turn off all lightswitches,random,0,4499365726131084349,example_task76,Turn on all tablelamps,0.5638211965560913,6,242,0,0,
state_change_task,test_task74,Turn off all lightswitches,random,1,1206258477028576232,example_task4,Turn on all faucets,0.4170824885368347,4,157,0,0,
state_change_task,test_task74,Turn off all lightswitches,random,2,10027932064307718093,example_task12,Turn on all computers,0.4601632356643677,4,169,0,0,
state_change_task,test_task74,Turn off all lightswitches,fixed,0,,example_task81,Turn off all candles,0.5849753618240356,6,225,0,1,
state_change_task,test_task74,Turn off all lightswitches,none,0,,,,,0,0,,,
state_change_task,test_task75,Turn off all lightswitches,semantic,0,,example_task81,Turn off all candles,0.5849753618240356,6,225,0,1,
state_change_task,test_task75,Turn off all lightswitches,random,0,15972499418108902330,example_task12,Turn on all computers,0.4601632356643677,4,169,0,0,
state_change_task,test_task75,Turn off all lightswitches,random,1,2838290757796040433,example_task4,Turn on all faucets,0.4170824885368347,4,157,0,0,
state_change_task,test_task75,Turn off all lightswitches,random,2,214625915447839273,example_task13,Turn off all faucets,0.46797624230384827,4,160,0,1,
state_change_task,test_task75,Turn off all lightswitches,fixed,0,,example_task81,Turn off all candles,0.5849753618240356,6,225,0,1,
state_change_task,test_task75,Turn off all lightswitches,none,0,,,,,0,0,,,
state_change_task,test_task76,Turn off all lightswitches,semantic,0,,example_task81,Turn off all candles,0.5849753618240356,6,225,0,1,
state_change_task,test_task76,Turn off all lightswitches,random,0,17962482634062413189,example_task21,Turn off all cellphones,0.46563106775283813,8,315,0,1,
state_change_task,test_task76,Turn off all lightswitches,random,1,16906224020062385493,example_task4,Turn on all faucets,0.4170824885368347,4,157,0,0,
state_change_task,test_task76,Turn off all lightswitches,random,2,12730343098881022787,example_task81,Turn off all candles,0.5849753618240356,6,225,0,1,
state_change_task,test_task76,Turn off all lightswitches,fixed,0,,example_task81,Turn off all candles,0.5849753618240356,6,225,0,1,
state_change_task,test_task76,Turn off all lightswitches,none,0,,,,,0,0,,,
state_change_task,test_task77,Turn off all lightswitches,semantic,0,,example_task81,Turn off all candles,0.5849753618240356,6,225,0,1,
state_change_task,test_task77,Turn off all lightswitches,random,0,17566241118715630246,example_task13,Turn off all faucets,0.46797624230384827,4,160,0,1,
state_change_task,test_task77,Turn off all lightswitches,random,1,16391662379427075514,example_task13,Turn off all faucets,0.46797624230384827,4,160,0,1,
state_change_task,test_task77,Turn off all lightswitches,random,2,4311038733230402712,example_task4,Turn on all faucets,0.4170824885368347,4,157,0,0,
state_change_task,test_task77,Turn off all lightswitches,fixed,0,,example_task81,Turn off all candles,0.5849753618240356,6,225,0,1,
state_change_task,test_task77,Turn off all lightswitches,none,0,,,,,0,0,,,
state_change_task,test_task78,Turn off all lightswitches,semantic,0,,example_task81,Turn off all candles,0.5849753618240356,6,225,0,1,
state_change_task,test_task78,Turn off all lightswitches,random,0,5432309458879914811,example_task13,Turn off all faucets,0.46797624230384827,4,160,0,1,
state_change_task,test_task78,Turn off all lightswitches,random,1,17372158739702103385,example_task81,Turn off all candles,0.5849753618240356,6,225,0,1,
state_change_task,test_task78,Turn off all lightswitches,random,2,18224017338957592142,example_task21,Turn off all cellphones,0.46563106775283813,8,315,0,1,
state_change_task,test_task78,Turn off all lightswitches,fixed,0,,example_task81,Turn off all candles,0.5849753618240356,6,225,0,1,
state_change_task,test_task78,Turn off all lightswitches,none,0,,,,,0,0,,,
state_change_task,test_task79,Turn off all lightswitches,semantic,0,,example_task81,Turn off all candles,0.5849753618240356,6,225,0,1,
state_change_task,test_task79,Turn off all lightswitches,random,0,10897051156069411286,example_task21,Turn off all cellphones,0.46563106775283813,8,315,0,1,
state_change_task,test_task79,Turn off all lightswitches,random,1,16396577405070379985,example_task76,Turn on all tablelamps,0.5638211965560913,6,242,0,0,
state_change_task,test_task79,Turn off all lightswitches,random,2,10930514089048985710,example_task81,Turn off all candles,0.5849753618240356,6,225,0,1,
state_change_task,test_task79,Turn off all lightswitches,fixed,0,,example_task81,Turn off all candles,0.5849753618240356,6,225,0,1,
state_change_task,test_task79,Turn off all lightswitches,none,0,,,,,0,0,,,
state_change_task,test_task80,Turn off all lightswitches,semantic,0,,example_task81,Turn off all candles,0.5849753618240356,6,225,0,1,
state_change_task,test_task80,Turn off all lightswitches,random,0,7420178531374194731,example_task4,Turn on all faucets,0.4170824885368347,4,157,0,0,
state_change_task,test_task80,Turn off all lightswitches,random,1,12157859660452645347,example_task76,Turn on all tablelamps,0.5638211965560913,6,242,0,0,
state_change_task,test_task80,Turn off all lightswitches,random,2,7157762065830044525,example_task76,Turn on all tablelamps,0.5638211965560913,6,242,0,0,
state_change_task,test_task80,Turn off all lightswitches,fixed,0,,example_task81,Turn off all candles,0.5849753618240356,6,225,0,1,
state_change_task,test_task80,Turn off all lightswitches,none,0,,,,,0,0,,,
state_change_task,test_task81,Turn off all computers,semantic,0,,example_task12,Turn on all computers,0.8592640161514282,4,169,1,0,
state_change_task,test_task81,Turn off all computers,random,0,4701792980388176277,example_task21,Turn off all cellphones,0.581680417060852,8,315,0,1,
state_change_task,test_task81,Turn off all computers,random,1,8943239905929175607,example_task13,Turn off all faucets,0.5643138885498047,4,160,0,1,
state_change_task,test_task81,Turn off all computers,random,2,18444238768598557143,example_task81,Turn off all candles,0.5131586790084839,6,225,0,1,
state_change_task,test_task81,Turn off all computers,fixed,0,,example_task81,Turn off all candles,0.5131586790084839,6,225,0,1,
state_change_task,test_task81,Turn off all computers,none,0,,,,,0,0,,,
state_change_task,test_task82,Turn off all computers,semantic,0,,example_task12,Turn on all computers,0.8592640161514282,4,169,1,0,
state_change_task,test_task82,Turn off all computers,random,0,12311414592385607156,example_task76,Turn on all tablelamps,0.3371769189834595,6,242,0,0,
state_change_task,test_task82,Turn off all computers,random,1,5771696469013021034,example_task81,Turn off all candles,0.5131586790084839,6,225,0,1,
state_change_task,test_task82,Turn off all computers,random,2,14149636581459411075,example_task76,Turn on all tablelamps,0.3371769189834595,6,242,0,0,
state_change_task,test_task82,Turn off all computers,fixed,0,,example_task81,Turn off all candles,0.5131586790084839,6,225,0,1,
state_change_task,test_task82,Turn off all computers,none,0,,,,,0,0,,,
state_change_task,test_task83,Turn off all computers,semantic,0,,example_task12,Turn on all computers,0.8592640161514282,4,169,1,0,
state_change_task,test_task83,Turn off all computers,random,0,2866748142682584237,example_task21,Turn off all cellphones,0.581680417060852,8,315,0,1,
state_change_task,test_task83,Turn off all computers,random,1,3372965993110048703,example_task81,Turn off all candles,0.5131586790084839,6,225,0,1,
state_change_task,test_task83,Turn off all computers,random,2,14400533635383807466,example_task13,Turn off all faucets,0.5643138885498047,4,160,0,1,
state_change_task,test_task83,Turn off all computers,fixed,0,,example_task81,Turn off all candles,0.5131586790084839,6,225,0,1,
state_change_task,test_task83,Turn off all computers,none,0,,,,,0,0,,,
state_change_task,test_task84,Turn off all computers,semantic,0,,example_task12,Turn on all computers,0.8592640161514282,4,169,1,0,
state_change_task,test_task84,Turn off all computers,random,0,2431007486153934163,example_task12,Turn on all computers,0.8592640161514282,4,169,1,0,
state_change_task,test_task84,Turn off all computers,random,1,14738281719921222763,example_task12,Turn on all computers,0.8592640161514282,4,169,1,0,
state_change_task,test_task84,Turn off all computers,random,2,9150031480227073163,example_task81,Turn off all candles,0.5131586790084839,6,225,0,1,
state_change_task,test_task84,Turn off all computers,fixed,0,,example_task81,Turn off all candles,0.5131586790084839,6,225,0,1,
state_change_task,test_task84,Turn off all computers,none,0,,,,,0,0,,,
state_change_task,test_task85,Turn off all tablelamps,semantic,0,,example_task76,Turn on all tablelamps,0.9095948934555054,6,242,1,0,
state_change_task,test_task85,Turn off all tablelamps,random,0,7205536618072234630,example_task76,Turn on all tablelamps,0.9095948934555054,6,242,1,0,
state_change_task,test_task85,Turn off all tablelamps,random,1,3733596837376711315,example_task21,Turn off all cellphones,0.45363759994506836,8,315,0,1,
state_change_task,test_task85,Turn off all tablelamps,random,2,10355981217902268079,example_task81,Turn off all candles,0.4964370131492615,6,225,0,1,
state_change_task,test_task85,Turn off all tablelamps,fixed,0,,example_task81,Turn off all candles,0.4964370131492615,6,225,0,1,
state_change_task,test_task85,Turn off all tablelamps,none,0,,,,,0,0,,,
state_change_task,test_task86,Turn off all tablelamps,semantic,0,,example_task76,Turn on all tablelamps,0.9095948934555054,6,242,1,0,
state_change_task,test_task86,Turn off all tablelamps,random,0,1419890292789662978,example_task76,Turn on all tablelamps,0.9095948934555054,6,242,1,0,
state_change_task,test_task86,Turn off all tablelamps,random,1,17044522832143213245,example_task13,Turn off all faucets,0.45084327459335327,4,160,0,1,
state_change_task,test_task86,Turn off all tablelamps,random,2,671090163883928231,example_task76,Turn on all tablelamps,0.9095948934555054,6,242,1,0,
state_change_task,test_task86,Turn off all tablelamps,fixed,0,,example_task81,Turn off all candles,0.4964370131492615,6,225,0,1,
state_change_task,test_task86,Turn off all tablelamps,none,0,,,,,0,0,,,
state_change_task,test_task87,Turn off all tablelamps,semantic,0,,example_task76,Turn on all tablelamps,0.9095948934555054,6,242,1,0,
state_change_task,test_task87,Turn off all tablelamps,random,0,10463222436783132799,example_task21,Turn off all cellphones,0.45363759994506836,8,315,0,1,
state_change_task,test_task87,Turn off all tablelamps,random,1,6203606343857146810,example_task81,Turn off all candles,0.4964370131492615,6,225,0,1,
state_change_task,test_task87,Turn off all tablelamps,random,2,328163529878202254,example_task76,Turn on all tablelamps,0.9095948934555054,6,242,1,0,
state_change_task,test_task87,Turn off all tablelamps,fixed,0,,example_task81,Turn off all candles,0.4964370131492615,6,225,0,1,
state_change_task,test_task87,Turn off all tablelamps,none,0,,,,,0,0,,,
state_change_task,test_task88,Turn off all tablelamps,semantic,0,,example_task76,Turn on all tablelamps,0.9095948934555054,6,242,1,0,
state_change_task,test_task88,Turn off all tablelamps,random,0,10864130231506495679,example_task81,Turn off all candles,0.4964370131492615,6,225,0,1,
state_change_task,test_task88,Turn off all tablelamps,random,1,4917146710557851299,example_task76,Turn on all tablelamps,0.9095948934555054,6,242,1,0,
state_change_task,test_task88,Turn off all tablelamps,random,2,17289989007877313380,example_task12,Turn on all computers,0.29659849405288696,4,169,0,0,
state_change_task,test_task88,Turn off all tablelamps,fixed,0,,example_task81,Turn off all candles,0.4964370131492615,6,225,0,1,
state_change_task,test_task88,Turn off all tablelamps,none,0,,,,,0,0,,,
state_change_task,test_task89,Turn on all lightswitches,semantic,0,,example_task76,Turn on all tablelamps,0.6107883453369141,6,242,0,1,
state_change_task,test_task89,Turn on all lightswitches,random,0,17449762509994797513,example_task76,Turn on all tablelamps,0.6107883453369141,6,242,0,1,
state_change_task,test_task89,Turn on all lightswitches,random,1,8828935268411042335,example_task13,Turn off all faucets,0.38628941774368286,4,160,0,0,
state_change_task,test_task89,Turn on all lightswitches,random,2,15600742293693039948,example_task12,Turn on all computers,0.5445488691329956,4,169,0,1,
state_change_task,test_task89,Turn on all lightswitches,fixed,0,,example_task81,Turn off all candles,0.5193465948104858,6,225,0,0,
state_change_task,test_task89,Turn on all lightswitches,none,0,,,,,0,0,,,
state_change_task,test_task90,Turn on all lightswitches,semantic,0,,example_task76,Turn on all tablelamps,0.6107883453369141,6,242,0,1,
state_change_task,test_task90,Turn on all lightswitches,random,0,6925752495958561563,example_task4,Turn on all faucets,0.4804110527038574,4,157,0,1,
state_change_task,test_task90,Turn on all lightswitches,random,1,3101469030200610264,example_task76,Turn on all tablelamps,0.6107883453369141,6,242,0,1,
state_change_task,test_task90,Turn on all lightswitches,random,2,7576546239620414341,example_task76,Turn on all tablelamps,0.6107883453369141,6,242,0,1,
state_change_task,test_task90,Turn on all lightswitches,fixed,0,,example_task81,Turn off all candles,0.5193465948104858,6,225,0,0,
state_change_task,test_task90,Turn on all lightswitches,none,0,,,,,0,0,,,
state_change_task,test_task91,Turn on all lightswitches,semantic,0,,example_task76,Turn on all tablelamps,0.6107883453369141,6,242,0,1,
state_change_task,test_task91,Turn on all lightswitches,random,0,2933949030244870145,example_task12,Turn on all computers,0.5445488691329956,4,169,0,1,
state_change_task,test_task91,Turn on all lightswitches,random,1,8930869371924876297,example_task12,Turn on all computers,0.5445488691329956,4,169,0,1,
state_change_task,test_task91,Turn on all lightswitches,random,2,12234912960609732057,example_task4,Turn on all faucets,0.4804110527038574,4,157,0,1,
state_change_task,test_task91,Turn on all lightswitches,fixed,0,,example_task81,Turn off all candles,0.5193465948104858,6,225,0,0,
state_change_task,test_task91,Turn on all lightswitches,none,0,,,,,0,0,,,
state_change_task,test_task92,Turn on all lightswitches,semantic,0,,example_task76,Turn on all tablelamps,0.6107883453369141,6,242,0,1,
state_change_task,test_task92,Turn on all lightswitches,random,0,4069532750260898210,example_task4,Turn on all faucets,0.4804110527038574,4,157,0,1,
state_change_task,test_task92,Turn on all lightswitches,random,1,17143440384402677134,example_task12,Turn on all computers,0.5445488691329956,4,169,0,1,
state_change_task,test_task92,Turn on all lightswitches,random,2,17445099168702813264,example_task81,Turn off all candles,0.5193465948104858,6,225,0,0,
state_change_task,test_task92,Turn on all lightswitches,fixed,0,,example_task81,Turn off all candles,0.5193465948104858,6,225,0,0,
state_change_task,test_task92,Turn on all lightswitches,none,0,,,,,0,0,,,
state_change_task,test_task93,Turn on all lightswitches,semantic,0,,example_task76,Turn on all tablelamps,0.6107883453369141,6,242,0,1,
state_change_task,test_task93,Turn on all lightswitches,random,0,16827927292464653629,example_task76,Turn on all tablelamps,0.6107883453369141,6,242,0,1,
state_change_task,test_task93,Turn on all lightswitches,random,1,14004061047966790474,example_task12,Turn on all computers,0.5445488691329956,4,169,0,1,
state_change_task,test_task93,Turn on all lightswitches,random,2,10271773601812550514,example_task81,Turn off all candles,0.5193465948104858,6,225,0,0,
state_change_task,test_task93,Turn on all lightswitches,fixed,0,,example_task81,Turn off all candles,0.5193465948104858,6,225,0,0,
state_change_task,test_task93,Turn on all lightswitches,none,0,,,,,0,0,,,
state_change_task,test_task94,Turn on all lightswitches,semantic,0,,example_task76,Turn on all tablelamps,0.6107883453369141,6,242,0,1,
state_change_task,test_task94,Turn on all lightswitches,random,0,13269367003012277448,example_task76,Turn on all tablelamps,0.6107883453369141,6,242,0,1,
state_change_task,test_task94,Turn on all lightswitches,random,1,1728781188845992887,example_task81,Turn off all candles,0.5193465948104858,6,225,0,0,
state_change_task,test_task94,Turn on all lightswitches,random,2,9991237544802990904,example_task13,Turn off all faucets,0.38628941774368286,4,160,0,0,
state_change_task,test_task94,Turn on all lightswitches,fixed,0,,example_task81,Turn off all candles,0.5193465948104858,6,225,0,0,
state_change_task,test_task94,Turn on all lightswitches,none,0,,,,,0,0,,,
state_change_task,test_task95,Turn on all lightswitches,semantic,0,,example_task76,Turn on all tablelamps,0.6107883453369141,6,242,0,1,
state_change_task,test_task95,Turn on all lightswitches,random,0,7028787145263934010,example_task21,Turn off all cellphones,0.3894766569137573,8,315,0,0,
state_change_task,test_task95,Turn on all lightswitches,random,1,14032786888092579443,example_task76,Turn on all tablelamps,0.6107883453369141,6,242,0,1,
state_change_task,test_task95,Turn on all lightswitches,random,2,6450556441625595936,example_task13,Turn off all faucets,0.38628941774368286,4,160,0,0,
state_change_task,test_task95,Turn on all lightswitches,fixed,0,,example_task81,Turn off all candles,0.5193465948104858,6,225,0,0,
state_change_task,test_task95,Turn on all lightswitches,none,0,,,,,0,0,,,
state_change_task,test_task96,Turn on all lightswitches,semantic,0,,example_task76,Turn on all tablelamps,0.6107883453369141,6,242,0,1,
state_change_task,test_task96,Turn on all lightswitches,random,0,7668892586949628374,example_task4,Turn on all faucets,0.4804110527038574,4,157,0,1,
state_change_task,test_task96,Turn on all lightswitches,random,1,17941772997029723575,example_task12,Turn on all computers,0.5445488691329956,4,169,0,1,
state_change_task,test_task96,Turn on all lightswitches,random,2,10434879458780876164,example_task76,Turn on all tablelamps,0.6107883453369141,6,242,0,1,
state_change_task,test_task96,Turn on all lightswitches,fixed,0,,example_task81,Turn off all candles,0.5193465948104858,6,225,0,0,
state_change_task,test_task96,Turn on all lightswitches,none,0,,,,,0,0,,,
state_change_task,test_task97,Turn on all lightswitches,semantic,0,,example_task76,Turn on all tablelamps,0.6107883453369141,6,242,0,1,
state_change_task,test_task97,Turn on all lightswitches,random,0,190817331881879855,example_task12,Turn on all computers,0.5445488691329956,4,169,0,1,
state_change_task,test_task97,Turn on all lightswitches,random,1,7092238717376302686,example_task12,Turn on all computers,0.5445488691329956,4,169,0,1,
state_change_task,test_task97,Turn on all lightswitches,random,2,2927965116853109256,example_task4,Turn on all faucets,0.4804110527038574,4,157,0,1,
state_change_task,test_task97,Turn on all lightswitches,fixed,0,,example_task81,Turn off all candles,0.5193465948104858,6,225,0,0,
state_change_task,test_task97,Turn on all lightswitches,none,0,,,,,0,0,,,
state_change_task,test_task98,Turn on all lightswitches,semantic,0,,example_task76,Turn on all tablelamps,0.6107883453369141,6,242,0,1,
state_change_task,test_task98,Turn on all lightswitches,random,0,11606160623816950559,example_task76,Turn on all tablelamps,0.6107883453369141,6,242,0,1,
state_change_task,test_task98,Turn on all lightswitches,random,1,17155055639940656260,example_task12,Turn on all computers,0.5445488691329956,4,169,0,1,
state_change_task,test_task98,Turn on all lightswitches,random,2,3363004988352086849,example_task81,Turn off all candles,0.5193465948104858,6,225,0,0,
state_change_task,test_task98,Turn on all lightswitches,fixed,0,,example_task81,Turn off all candles,0.5193465948104858,6,225,0,0,
state_change_task,test_task98,Turn on all lightswitches,none,0,,,,,0,0,,,
state_change_task,test_task99,Turn on all lightswitches,semantic,0,,example_task76,Turn on all tablelamps,0.6107883453369141,6,242,0,1,
state_change_task,test_task99,Turn on all lightswitches,random,0,3875338147866819431,example_task12,Turn on all computers,0.5445488691329956,4,169,0,1,
state_change_task,test_task99,Turn on all lightswitches,random,1,18024010413143455323,example_task12,Turn on all computers,0.5445488691329956,4,169,0,1,
state_change_task,test_task99,Turn on all lightswitches,random,2,4434318897450497883,example_task12,Turn on all computers,0.5445488691329956,4,169,0,1,
state_change_task,test_task99,Turn on all lightswitches,fixed,0,,example_task81,Turn off all candles,0.5193465948104858,6,225,0,0,
state_change_task,test_task99,Turn on all lightswitches,none,0,,,,,0,0,,,
state_change_task,test_task100,Turn on all lightswitches,semantic,0,,example_task76,Turn on all tablelamps,0.6107883453369141,6,242,0,1,
state_change_task,test_task100,Turn on all lightswitches,random,0,2141208432619001424,example_task21,Turn off all cellphones,0.3894766569137573,8,315,0,0,
state_change_task,test_task100,Turn on all lightswitches,random,1,16300391939737931442,example_task81,Turn off all candles,0.5193465948104858,6,225,0,0,
state_change_task,test_task100,Turn on all lightswitches,random,2,9081038324719117928,example_task13,Turn off all faucets,0.38628941774368286,4,160,0,0,
state_change_task,test_task100,Turn on all lightswitches,fixed,0,,example_task81,Turn off all candles,0.5193465948104858,6,225,0,0,
state_change_task,test_task100,Turn on all lightswitches,none,0,,,,,0,0,,,
state_change_task,test_task101,Turn on all lightswitches,semantic,0,,example_task76,Turn on all tablelamps,0.6107883453369141,6,242,0,1,
state_change_task,test_task101,Turn on all lightswitches,random,0,16055515455507483954,example_task21,Turn off all cellphones,0.3894766569137573,8,315,0,0,
state_change_task,test_task101,Turn on all lightswitches,random,1,16825944485456923145,example_task12,Turn on all computers,0.5445488691329956,4,169,0,1,
state_change_task,test_task101,Turn on all lightswitches,random,2,7651962224773843476,example_task4,Turn on all faucets,0.4804110527038574,4,157,0,1,
state_change_task,test_task101,Turn on all lightswitches,fixed,0,,example_task81,Turn off all candles,0.5193465948104858,6,225,0,0,
state_change_task,test_task101,Turn on all lightswitches,none,0,,,,,0,0,,,
state_change_task,test_task102,Turn on all lightswitches,semantic,0,,example_task76,Turn on all tablelamps,0.6107883453369141,6,242,0,1,
state_change_task,test_task102,Turn on all lightswitches,random,0,2273717832147994237,example_task81,Turn off all candles,0.5193465948104858,6,225,0,0,
state_change_task,test_task102,Turn on all lightswitches,random,1,12605142636259370421,example_task81,Turn off all candles,0.5193465948104858,6,225,0,0,
state_change_task,test_task102,Turn on all lightswitches,random,2,15526923403366856555,example_task13,Turn off all faucets,0.38628941774368286,4,160,0,0,
state_change_task,test_task102,Turn on all lightswitches,fixed,0,,example_task81,Turn off all candles,0.5193465948104858,6,225,0,0,
state_change_task,test_task102,Turn on all lightswitches,none,0,,,,,0,0,,,
state_change_task,test_task103,Turn on all lightswitches,semantic,0,,example_task76,Turn on all tablelamps,0.6107883453369141,6,242,0,1,
state_change_task,test_task103,Turn on all lightswitches,random,0,6939304062889139771,example_task13,Turn off all faucets,0.38628941774368286,4,160,0,0,
state_change_task,test_task103,Turn on all lightswitches,random,1,8887324732087060204,example_task4,Turn on all faucets,0.4804110527038574,4,157,0,1,
state_change_task,test_task103,Turn on all lightswitches,random,2,7423797989259317043,example_task4,Turn on all faucets,0.4804110527038574,4,157,0,1,
state_change_task,test_task103,Turn on all lightswitches,fixed,0,,example_task81,Turn off all candles,0.5193465948104858,6,225,0,0,
state_change_task,test_task103,Turn on all lightswitches,none,0,,,,,0,0,,,
state_change_task,test_task104,Turn on all lightswitches,semantic,0,,example_task76,Turn on all tablelamps,0.6107883453369141,6,242,0,1,
state_change_task,test_task104,Turn on all lightswitches,random,0,4865902973176773854,example_task12,Turn on all computers,0.5445488691329956,4,169,0,1,
state_change_task,test_task104,Turn on all lightswitches,random,1,13100011532927730161,example_task21,Turn off all cellphones,0.3894766569137573,8,315,0,0,
state_change_task,test_task104,Turn on all lightswitches,random,2,7416153545645455185,example_task76,Turn on all tablelamps,0.6107883453369141,6,242,0,1,
state_change_task,test_task104,Turn on all lightswitches,fixed,0,,example_task81,Turn off all candles,0.5193465948104858,6,225,0,0,
state_change_task,test_task104,Turn on all lightswitches,none,0,,,,,0,0,,,
state_change_task,test_task105,Turn on all lightswitches,semantic,0,,example_task76,Turn on all tablelamps,0.6107883453369141,6,242,0,1,
state_change_task,test_task105,Turn on all lightswitches,random,0,16897441432642711676,example_task4,Turn on all faucets,0.4804110527038574,4,157,0,1,
state_change_task,test_task105,Turn on all lightswitches,random,1,16716683406688841392,example_task81,Turn off all candles,0.5193465948104858,6,225,0,0,
state_change_task,test_task105,Turn on all lightswitches,random,2,11963854439976806592,example_task81,Turn off all candles,0.5193465948104858,6,225,0,0,
state_change_task,test_task105,Turn on all lightswitches,fixed,0,,example_task81,Turn off all candles,0.5193465948104858,6,225,0,0,
state_change_task,test_task105,Turn on all lightswitches,none,0,,,,,0,0,,,
state_change_task,test_task106,Turn on all lightswitches,semantic,0,,example_task76,Turn on all tablelamps,0.6107883453369141,6,242,0,1,
state_change_task,test_task106,Turn on all lightswitches,random,0,7216308385938203826,example_task21,Turn off all cellphones,0.3894766569137573,8,315,0,0,
state_change_task,test_task106,Turn on all lightswitches,random,1,8222306657583556487,example_task12,Turn on all computers,0.5445488691329956,4,169,0,1,
state_change_task,test_task106,Turn on all lightswitches,random,2,5355132309535241573,example_task21,Turn off all cellphones,0.3894766569137573,8,315,0,0,
state_change_task,test_task106,Turn on all lightswitches,fixed,0,,example_task81,Turn off all candles,0.5193465948104858,6,225,0,0,
state_change_task,test_task106,Turn on all lightswitches,none,0,,,,,0,0,,,
state_change_task,test_task107,Turn on all lightswitches,semantic,0,,example_task76,Turn on all tablelamps,0.6107883453369141,6,242,0,1,
state_change_task,test_task107,Turn on all lightswitches,random,0,12474827104651097388,example_task21,Turn off all cellphones,0.3894766569137573,8,315,0,0,
state_change_task,test_task107,Turn on all lightswitches,random,1,11987493862048119697,example_task81,Turn off all candles,0.5193465948104858,6,225,0,0,
state_change_task,test_task107,Turn on all lightswitches,random,2,11576204920650449299,example_task81,Turn off all candles,0.5193465948104858,6,225,0,0,
state_change_task,test_task107,Turn on all lightswitches,fixed,0,,example_task81,Turn off all candles,0.5193465948104858,6,225,0,0,
state_change_task,test_task107,Turn on all lightswitches,none,0,,,,,0,0,,,
state_change_task,test_task108,Turn on all lightswitches,semantic,0,,example_task76,Turn on all tablelamps,0.6107883453369141,6,242,0,1,
state_change_task,test_task108,Turn on all lightswitches,random,0,2934650742813673836,example_task13,Turn off all faucets,0.38628941774368286,4,160,0,0,
state_change_task,test_task108,Turn on all lightswitches,random,1,5924434154414545198,example_task13,Turn off all faucets,0.38628941774368286,4,160,0,0,
state_change_task,test_task108,Turn on all lightswitches,random,2,11940704881049378442,example_task12,Turn on all computers,0.5445488691329956,4,169,0,1,
state_change_task,test_task108,Turn on all lightswitches,fixed,0,,example_task81,Turn off all candles,0.5193465948104858,6,225,0,0,
state_change_task,test_task108,Turn on all lightswitches,none,0,,,,,0,0,,,
state_change_task,test_task109,Turn on all lightswitches,semantic,0,,example_task76,Turn on all tablelamps,0.6107883453369141,6,242,0,1,
state_change_task,test_task109,Turn on all lightswitches,random,0,15669988563476470299,example_task81,Turn off all candles,0.5193465948104858,6,225,0,0,
state_change_task,test_task109,Turn on all lightswitches,random,1,5520895067585989204,example_task13,Turn off all faucets,0.38628941774368286,4,160,0,0,
state_change_task,test_task109,Turn on all lightswitches,random,2,16661401440121762189,example_task13,Turn off all faucets,0.38628941774368286,4,160,0,0,
state_change_task,test_task109,Turn on all lightswitches,fixed,0,,example_task81,Turn off all candles,0.5193465948104858,6,225,0,0,
state_change_task,test_task109,Turn on all lightswitches,none,0,,,,,0,0,,,
state_change_task,test_task110,Turn on all lightswitches,semantic,0,,example_task76,Turn on all tablelamps,0.6107883453369141,6,242,0,1,
state_change_task,test_task110,Turn on all lightswitches,random,0,13734616884055125542,example_task21,Turn off all cellphones,0.3894766569137573,8,315,0,0,
state_change_task,test_task110,Turn on all lightswitches,random,1,10977539956576157197,example_task12,Turn on all computers,0.5445488691329956,4,169,0,1,
state_change_task,test_task110,Turn on all lightswitches,random,2,15018929566849242678,example_task21,Turn off all cellphones,0.3894766569137573,8,315,0,0,
state_change_task,test_task110,Turn on all lightswitches,fixed,0,,example_task81,Turn off all candles,0.5193465948104858,6,225,0,0,
state_change_task,test_task110,Turn on all lightswitches,none,0,,,,,0,0,,,
state_change_task,test_task111,Turn on all lightswitches,semantic,0,,example_task76,Turn on all tablelamps,0.6107883453369141,6,242,0,1,
state_change_task,test_task111,Turn on all lightswitches,random,0,15741129762011226575,example_task21,Turn off all cellphones,0.3894766569137573,8,315,0,0,
state_change_task,test_task111,Turn on all lightswitches,random,1,1790516260925722629,example_task4,Turn on all faucets,0.4804110527038574,4,157,0,1,
state_change_task,test_task111,Turn on all lightswitches,random,2,11279600337077657974,example_task12,Turn on all computers,0.5445488691329956,4,169,0,1,
state_change_task,test_task111,Turn on all lightswitches,fixed,0,,example_task81,Turn off all candles,0.5193465948104858,6,225,0,0,
state_change_task,test_task111,Turn on all lightswitches,none,0,,,,,0,0,,,
state_change_task,test_task112,Turn on all lightswitches,semantic,0,,example_task76,Turn on all tablelamps,0.6107883453369141,6,242,0,1,
state_change_task,test_task112,Turn on all lightswitches,random,0,17244416192007907650,example_task12,Turn on all computers,0.5445488691329956,4,169,0,1,
state_change_task,test_task112,Turn on all lightswitches,random,1,13890309422861988270,example_task21,Turn off all cellphones,0.3894766569137573,8,315,0,0,
state_change_task,test_task112,Turn on all lightswitches,random,2,15322178664233284424,example_task13,Turn off all faucets,0.38628941774368286,4,160,0,0,
state_change_task,test_task112,Turn on all lightswitches,fixed,0,,example_task81,Turn off all candles,0.5193465948104858,6,225,0,0,
state_change_task,test_task112,Turn on all lightswitches,none,0,,,,,0,0,,,
state_change_task,test_task113,Turn on all lightswitches,semantic,0,,example_task76,Turn on all tablelamps,0.6107883453369141,6,242,0,1,
state_change_task,test_task113,Turn on all lightswitches,random,0,4648243971171502996,example_task81,Turn off all candles,0.5193465948104858,6,225,0,0,
state_change_task,test_task113,Turn on all lightswitches,random,1,13549613750434135498,example_task21,Turn off all cellphones,0.3894766569137573,8,315,0,0,
state_change_task,test_task113,Turn on all lightswitches,random,2,15361966822863820841,example_task12,Turn on all computers,0.5445488691329956,4,169,0,1,
state_change_task,test_task113,Turn on all lightswitches,fixed,0,,example_task81,Turn off all candles,0.5193465948104858,6,225,0,0,
state_change_task,test_task113,Turn on all lightswitches,none,0,,,,,0,0,,,
state_change_task,test_task114,Turn on all lightswitches,semantic,0,,example_task76,Turn on all tablelamps,0.6107883453369141,6,242,0,1,
state_change_task,test_task114,Turn on all lightswitches,random,0,9987323514600817154,example_task12,Turn on all computers,0.5445488691329956,4,169,0,1,
state_change_task,test_task114,Turn on all lightswitches,random,1,12541061996168167759,example_task76,Turn on all tablelamps,0.6107883453369141,6,242,0,1,
state_change_task,test_task114,Turn on all lightswitches,random,2,10047136295999803314,example_task81,Turn off all candles,0.5193465948104858,6,225,0,0,
state_change_task,test_task114,Turn on all lightswitches,fixed,0,,example_task81,Turn off all candles,0.5193465948104858,6,225,0,0,
state_change_task,test_task114,Turn on all lightswitches,none,0,,,,,0,0,,,
state_change_task,test_task115,Turn on all lightswitches,semantic,0,,example_task76,Turn on all tablelamps,0.6107883453369141,6,242,0,1,
state_change_task,test_task115,Turn on all lightswitches,random,0,6891777747314618753,example_task21,Turn off all cellphones,0.3894766569137573,8,315,0,0,
state_change_task,test_task115,Turn on all lightswitches,random,1,7550968515933403455,example_task4,Turn on all faucets,0.4804110527038574,4,157,0,1,
state_change_task,test_task115,Turn on all lightswitches,random,2,5552484610297835949,example_task13,Turn off all faucets,0.38628941774368286,4,160,0,0,
state_change_task,test_task115,Turn on all lightswitches,fixed,0,,example_task81,Turn off all candles,0.5193465948104858,6,225,0,0,
state_change_task,test_task115,Turn on all lightswitches,none,0,,,,,0,0,,,
state_change_task,test_task116,Turn on all lightswitches,semantic,0,,example_task76,Turn on all tablelamps,0.6107883453369141,6,242,0,1,
state_change_task,test_task116,Turn on all lightswitches,random,0,16362629595526503087,example_task81,Turn off all candles,0.5193465948104858,6,225,0,0,
state_change_task,test_task116,Turn on all lightswitches,random,1,61218164813303154,example_task21,Turn off all cellphones,0.3894766569137573,8,315,0,0,
state_change_task,test_task116,Turn on all lightswitches,random,2,5567975731011854667,example_task76,Turn on all tablelamps,0.6107883453369141,6,242,0,1,
state_change_task,test_task116,Turn on all lightswitches,fixed,0,,example_task81,Turn off all candles,0.5193465948104858,6,225,0,0,
state_change_task,test_task116,Turn on all lightswitches,none,0,,,,,0,0,,,
state_change_task,test_task117,Turn on all lightswitches,semantic,0,,example_task76,Turn on all tablelamps,0.6107883453369141,6,242,0,1,
state_change_task,test_task117,Turn on all lightswitches,random,0,5701616763189256595,example_task12,Turn on all computers,0.5445488691329956,4,169,0,1,
state_change_task,test_task117,Turn on all lightswitches,random,1,14012778354835494849,example_task12,Turn on all computers,0.5445488691329956,4,169,0,1,
state_change_task,test_task117,Turn on all lightswitches,random,2,1505426680750191098,example_task13,Turn off all faucets,0.38628941774368286,4,160,0,0,
state_change_task,test_task117,Turn on all lightswitches,fixed,0,,example_task81,Turn off all candles,0.5193465948104858,6,225,0,0,
state_change_task,test_task117,Turn on all lightswitches,none,0,,,,,0,0,,,
state_change_task,test_task118,Turn on all lightswitches,semantic,0,,example_task76,Turn on all tablelamps,0.6107883453369141,6,242,0,1,
state_change_task,test_task118,Turn on all lightswitches,random,0,3433976185497423339,example_task76,Turn on all tablelamps,0.6107883453369141,6,242,0,1,
state_change_task,test_task118,Turn on all lightswitches,random,1,3882107081847945873,example_task4,Turn on all faucets,0.4804110527038574,4,157,0,1,
state_change_task,test_task118,Turn on all lightswitches,random,2,8730542511060071197,example_task12,Turn on all computers,0.5445488691329956,4,169,0,1,
state_change_task,test_task118,Turn on all lightswitches,fixed,0,,example_task81,Turn off all candles,0.5193465948104858,6,225,0,0,
state_change_task,test_task118,Turn on all lightswitches,none,0,,,,,0,0,,,
state_change_task,test_task119,Turn on all lightswitches,semantic,0,,example_task76,Turn on all tablelamps,0.6107883453369141,6,242,0,1,
state_change_task,test_task119,Turn on all lightswitches,random,0,13462026976148240994,example_task4,Turn on all faucets,0.4804110527038574,4,157,0,1,
state_change_task,test_task119,Turn on all lightswitches,random,1,16685472513623294235,example_task12,Turn on all computers,0.5445488691329956,4,169,0,1,
state_change_task,test_task119,Turn on all lightswitches,random,2,8980741935044754520,example_task13,Turn off all faucets,0.38628941774368286,4,160,0,0,
state_change_task,test_task119,Turn on all lightswitches,fixed,0,,example_task81,Turn off all candles,0.5193465948104858,6,225,0,0,
state_change_task,test_task119,Turn on all lightswitches,none,0,,,,,0,0,,,
state_change_task,test_task120,Turn on all lightswitches,semantic,0,,example_task76,Turn on all tablelamps,0.6107883453369141,6,242,0,1,
state_change_task,test_task120,Turn on all lightswitches,random,0,1545577321666669705,example_task81,Turn off all candles,0.5193465948104858,6,225,0,0,
state_change_task,test_task120,Turn on all lightswitches,random,1,2504618234813398577,example_task13,Turn off all faucets,0.38628941774368286,4,160,0,0,
state_change_task,test_task120,Turn on all lightswitches,random,2,6383519683452856501,example_task81,Turn off all candles,0.5193465948104858,6,225,0,0,
state_change_task,test_task120,Turn on all lightswitches,fixed,0,,example_task81,Turn off all candles,0.5193465948104858,6,225,0,0,
state_change_task,test_task120,Turn on all lightswitches,none,0,,,,,0,0,,,
state_change_task,test_task121,Turn off all lightswitches,semantic,0,,example_task81,Turn off all candles,0.5849753618240356,6,225,0,1,
state_change_task,test_task121,Turn off all lightswitches,random,0,11877336265970754622,example_task81,Turn off all candles,0.5849753618240356,6,225,0,1,
state_change_task,test_task121,Turn off all lightswitches,random,1,17496536967238414744,example_task12,Turn on all computers,0.4601632356643677,4,169,0,0,
state_change_task,test_task121,Turn off all lightswitches,random,2,9891832869646191437,example_task81,Turn off all candles,0.5849753618240356,6,225,0,1,
state_change_task,test_task121,Turn off all lightswitches,fixed,0,,example_task81,Turn off all candles,0.5849753618240356,6,225,0,1,
state_change_task,test_task121,Turn off all lightswitches,none,0,,,,,0,0,,,
state_change_task,test_task122,Turn off all lightswitches,semantic,0,,example_task81,Turn off all candles,0.5849753618240356,6,225,0,1,
state_change_task,test_task122,Turn off all lightswitches,random,0,8860034986055472498,example_task21,Turn off all cellphones,0.46563106775283813,8,315,0,1,
state_change_task,test_task122,Turn off all lightswitches,random,1,3130799557639902062,example_task81,Turn off all candles,0.5849753618240356,6,225,0,1,
state_change_task,test_task122,Turn off all lightswitches,random,2,6706953280506446960,example_task12,Turn on all computers,0.4601632356643677,4,169,0,0,
state_change_task,test_task122,Turn off all lightswitches,fixed,0,,example_task81,Turn off all candles,0.5849753618240356,6,225,0,1,
state_change_task,test_task122,Turn off all lightswitches,none,0,,,,,0,0,,,
state_change_task,test_task123,Turn off all lightswitches,semantic,0,,example_task81,Turn off all candles,0.5849753618240356,6,225,0,1,
state_change_task,test_task123,Turn off all lightswitches,random,0,289981330042345944,example_task76,Turn on all tablelamps,0.5638211965560913,6,242,0,0,
state_change_task,test_task123,Turn off all lightswitches,random,1,9970273913263188147,example_task81,Turn off all candles,0.5849753618240356,6,225,0,1,
state_change_task,test_task123,Turn off all lightswitches,random,2,6786917098965453310,example_task4,Turn on all faucets,0.4170824885368347,4,157,0,0,
state_change_task,test_task123,Turn off all lightswitches,fixed,0,,example_task81,Turn off all candles,0.5849753618240356,6,225,0,1,
state_change_task,test_task123,Turn off all lightswitches,none,0,,,,,0,0,,,
state_change_task,test_task124,Turn off all lightswitches,semantic,0,,example_task81,Turn off all candles,0.5849753618240356,6,225,0,1,
state_change_task,test_task124,Turn off all lightswitches,random,0,8754619907623370262,example_task21,Turn off all cellphones,0.46563106775283813,8,315,0,1,
state_change_task,test_task124,Turn off all lightswitches,random,1,13108182441090873036,example_task76,Turn on all tablelamps,0.5638211965560913,6,242,0,0,
state_change_task,test_task124,Turn off all lightswitches,random,2,5509364489731777435,example_task4,Turn on all faucets,0.4170824885368347,4,157,0,0,
state_change_task,test_task124,Turn off all lightswitches,fixed,0,,example_task81,Turn off all candles,0.5849753618240356,6,225,0,1,
state_change_task,test_task124,Turn off all lightswitches,none,0,,,,,0,0,,,
state_change_task,test_task125,Turn off all lightswitches,semantic,0,,example_task81,Turn off all candles,0.5849753618240356,6,225,0,1,
state_change_task,test_task125,Turn off all lightswitches,random,0,8367803295446163006,example_task76,Turn on all tablelamps,0.5638211965560913,6,242,0,0,
state_change_task,test_task125,Turn off all lightswitches,random,1,10322144933379544694,example_task12,Turn on all computers,0.4601632356643677,4,169,0,0,
state_change_task,test_task125,Turn off all lightswitches,random,2,15455628477455166079,example_task12,Turn on all computers,0.4601632356643677,4,169,0,0,
state_change_task,test_task125,Turn off all lightswitches,fixed,0,,example_task81,Turn off all candles,0.5849753618240356,6,225,0,1,
state_change_task,test_task125,Turn off all lightswitches,none,0,,,,,0,0,,,
state_change_task,test_task126,Turn off all lightswitches,semantic,0,,example_task81,Turn off all candles,0.5849753618240356,6,225,0,1,
state_change_task,test_task126,Turn off all lightswitches,random,0,16863016650625278451,example_task81,Turn off all candles,0.5849753618240356,6,225,0,1,
state_change_task,test_task126,Turn off all lightswitches,random,1,16909531638409719290,example_task81,Turn off all candles,0.5849753618240356,6,225,0,1,
state_change_task,test_task126,Turn off all lightswitches,random,2,6444940292326729717,example_task76,Turn on all tablelamps,0.5638211965560913,6,242,0,0,
state_change_task,test_task126,Turn off all lightswitches,fixed,0,,example_task81,Turn off all candles,0.5849753618240356,6,225,0,1,
state_change_task,test_task126,Turn off all lightswitches,none,0,,,,,0,0,,,
state_change_task,test_task127,Turn off all lightswitches,semantic,0,,example_task81,Turn off all candles,0.5849753618240356,6,225,0,1,
state_change_task,test_task127,Turn off all lightswitches,random,0,2181808712711649416,example_task81,Turn off all candles,0.5849753618240356,6,225,0,1,
state_change_task,test_task127,Turn off all lightswitches,random,1,4791326333689275601,example_task21,Turn off all cellphones,0.46563106775283813,8,315,0,1,
state_change_task,test_task127,Turn off all lightswitches,random,2,15430204132424465529,example_task76,Turn on all tablelamps,0.5638211965560913,6,242,0,0,
state_change_task,test_task127,Turn off all lightswitches,fixed,0,,example_task81,Turn off all candles,0.5849753618240356,6,225,0,1,
state_change_task,test_task127,Turn off all lightswitches,none,0,,,,,0,0,,,
state_change_task,test_task128,Turn off all lightswitches,semantic,0,,example_task81,Turn off all candles,0.5849753618240356,6,225,0,1,
state_change_task,test_task128,Turn off all lightswitches,random,0,9970579385522955610,example_task76,Turn on all tablelamps,0.5638211965560913,6,242,0,0,
state_change_task,test_task128,Turn off all lightswitches,random,1,1281910523404735814,example_task4,Turn on all faucets,0.4170824885368347,4,157,0,0,
state_change_task,test_task128,Turn off all lightswitches,random,2,15648487400773277425,example_task13,Turn off all faucets,0.46797624230384827,4,160,0,1,
state_change_task,test_task128,Turn off all lightswitches,fixed,0,,example_task81,Turn off all candles,0.5849753618240356,6,225,0,1,
state_change_task,test_task128,Turn off all lightswitches,none,0,,,,,0,0,,,
state_change_task,test_task129,Turn off all lightswitches,semantic,0,,example_task81,Turn off all candles,0.5849753618240356,6,225,0,1,
state_change_task,test_task129,Turn off all lightswitches,random,0,2650117685035642533,example_task81,Turn off all candles,0.5849753618240356,6,225,0,1,
state_change_task,test_task129,Turn off all lightswitches,random,1,14872583213819201797,example_task13,Turn off all faucets,0.46797624230384827,4,160,0,1,
state_change_task,test_task129,Turn off all lightswitches,random,2,4565104613111585582,example_task13,Turn off all faucets,0.46797624230384827,4,160,0,1,
state_change_task,test_task129,Turn off all lightswitches,fixed,0,,example_task81,Turn off all candles,0.5849753618240356,6,225,0,1,
state_change_task,test_task129,Turn off all lightswitches,none,0,,,,,0,0,,,
state_change_task,test_task130,Turn off all lightswitches,semantic,0,,example_task81,Turn off all candles,0.5849753618240356,6,225,0,1,
state_change_task,test_task130,Turn off all lightswitches,random,0,4530283374174108873,example_task81,Turn off all candles,0.5849753618240356,6,225,0,1,
state_change_task,test_task130,Turn off all lightswitches,random,1,17565149395195404684,example_task13,Turn off all faucets,0.46797624230384827,4,160,0,1,
state_change_task,test_task130,Turn off all lightswitches,random,2,13361231699119772910,example_task4,Turn on all faucets,0.4170824885368347,4,157,0,0,
state_change_task,test_task130,Turn off all lightswitches,fixed,0,,example_task81,Turn off all candles,0.5849753618240356,6,225,0,1,
state_change_task,test_task130,Turn off all lightswitches,none,0,,,,,0,0,,,
state_change_task,test_task131,Turn off all lightswitches,semantic,0,,example_task81,Turn off all candles,0.5849753618240356,6,225,0,1,
state_change_task,test_task131,Turn off all lightswitches,random,0,11861944006335778818,example_task76,Turn on all tablelamps,0.5638211965560913,6,242,0,0,
state_change_task,test_task131,Turn off all lightswitches,random,1,440315173187482648,example_task81,Turn off all candles,0.5849753618240356,6,225,0,1,
state_change_task,test_task131,Turn off all lightswitches,random,2,16133504559827224831,example_task12,Turn on all computers,0.4601632356643677,4,169,0,0,
state_change_task,test_task131,Turn off all lightswitches,fixed,0,,example_task81,Turn off all candles,0.5849753618240356,6,225,0,1,
state_change_task,test_task131,Turn off all lightswitches,none,0,,,,,0,0,,,
state_change_task,test_task132,Turn off all lightswitches,semantic,0,,example_task81,Turn off all candles,0.5849753618240356,6,225,0,1,
state_change_task,test_task132,Turn off all lightswitches,random,0,18096323849529483922,example_task4,Turn on all faucets,0.4170824885368347,4,157,0,0,
state_change_task,test_task132,Turn off all lightswitches,random,1,323011566223810071,example_task13,Turn off all faucets,0.46797624230384827,4,160,0,1,
state_change_task,test_task132,Turn off all lightswitches,random,2,6270646723538158687,example_task13,Turn off all faucets,0.46797624230384827,4,160,0,1,
state_change_task,test_task132,Turn off all lightswitches,fixed,0,,example_task81,Turn off all candles,0.5849753618240356,6,225,0,1,
state_change_task,test_task132,Turn off all lightswitches,none,0,,,,,0,0,,,
state_change_task,test_task133,Turn off all lightswitches,semantic,0,,example_task81,Turn off all candles,0.5849753618240356,6,225,0,1,
state_change_task,test_task133,Turn off all lightswitches,random,0,13120721761702524798,example_task4,Turn on all faucets,0.4170824885368347,4,157,0,0,
state_change_task,test_task133,Turn off all lightswitches,random,1,11588542232240667695,example_task4,Turn on all faucets,0.4170824885368347,4,157,0,0,
state_change_task,test_task133,Turn off all lightswitches,random,2,17561328726635863659,example_task21,Turn off all cellphones,0.46563106775283813,8,315,0,1,
state_change_task,test_task133,Turn off all lightswitches,fixed,0,,example_task81,Turn off all candles,0.5849753618240356,6,225,0,1,
state_change_task,test_task133,Turn off all lightswitches,none,0,,,,,0,0,,,
state_change_task,test_task134,Turn off all lightswitches,semantic,0,,example_task81,Turn off all candles,0.5849753618240356,6,225,0,1,
state_change_task,test_task134,Turn off all lightswitches,random,0,12976630811462296760,example_task13,Turn off all faucets,0.46797624230384827,4,160,0,1,
state_change_task,test_task134,Turn off all lightswitches,random,1,3853266177401899445,example_task4,Turn on all faucets,0.4170824885368347,4,157,0,0,
state_change_task,test_task134,Turn off all lightswitches,random,2,16998065916534921060,example_task76,Turn on all tablelamps,0.5638211965560913,6,242,0,0,
state_change_task,test_task134,Turn off all lightswitches,fixed,0,,example_task81,Turn off all candles,0.5849753618240356,6,225,0,1,
state_change_task,test_task134,Turn off all lightswitches,none,0,,,,,0,0,,,
state_change_task,test_task135,Turn off all lightswitches,semantic,0,,example_task81,Turn off all candles,0.5849753618240356,6,225,0,1,
state_change_task,test_task135,Turn off all lightswitches,random,0,1372270696930729424,example_task21,Turn off all cellphones,0.46563106775283813,8,315,0,1,
state_change_task,test_task135,Turn off all lightswitches,random,1,13420422866754842946,example_task76,Turn on all tablelamps,0.5638211965560913,6,242,0,0,
state_change_task,test_task135,Turn off all lightswitches,random,2,364806539709731332,example_task13,Turn off all faucets,0.46797624230384827,4,160,0,1,
state_change_task,test_task135,Turn off all lightswitches,fixed,0,,example_task81,Turn off all candles,0.5849753618240356,6,225,0,1,
state_change_task,test_task135,Turn off all lightswitches,none,0,,,,,0,0,,,
state_change_task,test_task136,Turn off all lightswitches,semantic,0,,example_task81,Turn off all candles,0.5849753618240356,6,225,0,1,
state_change_task,test_task136,Turn off all lightswitches,random,0,17983339910445311949,example_task81,Turn off all candles,0.5849753618240356,6,225,0,1,
state_change_task,test_task136,Turn off all lightswitches,random,1,15226956387491507010,example_task13,Turn off all faucets,0.46797624230384827,4,160,0,1,
state_change_task,test_task136,Turn off all lightswitches,random,2,13481643940000119891,example_task76,Turn on all tablelamps,0.5638211965560913,6,242,0,0,
state_change_task,test_task136,Turn off all lightswitches,fixed,0,,example_task81,Turn off all candles,0.5849753618240356,6,225,0,1,
state_change_task,test_task136,Turn off all lightswitches,none,0,,,,,0,0,,,
state_change_task,test_task137,Turn off all lightswitches,semantic,0,,example_task81,Turn off all candles,0.5849753618240356,6,225,0,1,
state_change_task,test_task137,Turn off all lightswitches,random,0,10863154686892979952,example_task76,Turn on all tablelamps,0.5638211965560913,6,242,0,0,
state_change_task,test_task137,Turn off all lightswitches,random,1,6588659233769224559,example_task76,Turn on all tablelamps,0.5638211965560913,6,242,0,0,
state_change_task,test_task137,Turn off all lightswitches,random,2,9663054301128546338,example_task76,Turn on all tablelamps,0.5638211965560913,6,242,0,0,
state_change_task,test_task137,Turn off all lightswitches,fixed,0,,example_task81,Turn off all candles,0.5849753618240356,6,225,0,1,
state_change_task,test_task137,Turn off all lightswitches,none,0,,,,,0,0,,,
state_change_task,test_task138,Turn off all lightswitches,semantic,0,,example_task81,Turn off all candles,0.5849753618240356,6,225,0,1,
state_change_task,test_task138,Turn off all lightswitches,random,0,9620721550226128806,example_task81,Turn off all candles,0.5849753618240356,6,225,0,1,
state_change_task,test_task138,Turn off all lightswitches,random,1,12000548891816601540,example_task21,Turn off all cellphones,0.46563106775283813,8,315,0,1,
state_change_task,test_task138,Turn off all lightswitches,random,2,17985875473551487330,example_task81,Turn off all candles,0.5849753618240356,6,225,0,1,
state_change_task,test_task138,Turn off all lightswitches,fixed,0,,example_task81,Turn off all candles,0.5849753618240356,6,225,0,1,
state_change_task,test_task138,Turn off all lightswitches,none,0,,,,,0,0,,,
state_change_task,test_task139,Turn off all lightswitches,semantic,0,,example_task81,Turn off all candles,0.5849753618240356,6,225,0,1,
state_change_task,test_task139,Turn off all lightswitches,random,0,18367290277104896734,example_task12,Turn on all computers,0.4601632356643677,4,169,0,0,
state_change_task,test_task139,Turn off all lightswitches,random,1,9095071247740788865,example_task81,Turn off all candles,0.5849753618240356,6,225,0,1,
state_change_task,test_task139,Turn off all lightswitches,random,2,14724493831237650291,example_task76,Turn on all tablelamps,0.5638211965560913,6,242,0,0,
state_change_task,test_task139,Turn off all lightswitches,fixed,0,,example_task81,Turn off all candles,0.5849753618240356,6,225,0,1,
state_change_task,test_task139,Turn off all lightswitches,none,0,,,,,0,0,,,
state_change_task,test_task140,Turn off all lightswitches,semantic,0,,example_task81,Turn off all candles,0.5849753618240356,6,225,0,1,
state_change_task,test_task140,Turn off all lightswitches,random,0,3310392664944223186,example_task81,Turn off all candles,0.5849753618240356,6,225,0,1,
state_change_task,test_task140,Turn off all lightswitches,random,1,6903905774013851988,example_task13,Turn off all faucets,0.46797624230384827,4,160,0,1,
state_change_task,test_task140,Turn off all lightswitches,random,2,8213008993394731969,example_task12,Turn on all computers,0.4601632356643677,4,169,0,0,
state_change_task,test_task140,Turn off all lightswitches,fixed,0,,example_task81,Turn off all candles,0.5849753618240356,6,225,0,1,
state_change_task,test_task140,Turn off all lightswitches,none,0,,,,,0,0,,,
state_change_task,test_task141,Turn off all lightswitches,semantic,0,,example_task81,Turn off all candles,0.5849753618240356,6,225,0,1,
state_change_task,test_task141,Turn off all lightswitches,random,0,16366657792434196561,example_task4,Turn on all faucets,0.4170824885368347,4,157,0,0,
state_change_task,test_task141,Turn off all lightswitches,random,1,13804692734584974009,example_task4,Turn on all faucets,0.4170824885368347,4,157,0,0,
state_change_task,test_task141,Turn off all lightswitches,random,2,16971738938778122366,example_task81,Turn off all candles,0.5849753618240356,6,225,0,1,
state_change_task,test_task141,Turn off all lightswitches,fixed,0,,example_task81,Turn off all candles,0.5849753618240356,6,225,0,1,
state_change_task,test_task141,Turn off all lightswitches,none,0,,,,,0,0,,,
state_change_task,test_task142,Turn off all lightswitches,semantic,0,,example_task81,Turn off all candles,0.5849753618240356,6,225,0,1,
state_change_task,test_task142,Turn off all lightswitches,random,0,7305321535879025385,example_task13,Turn off all faucets,0.46797624230384827,4,160,0,1,
state_change_task,test_task142,Turn off all lightswitches,random,1,18052130685586420488,example_task12,Turn on all computers,0.4601632356643677,4,169,0,0,
state_change_task,test_task142,Turn off all lightswitches,random,2,9556850949709689224,example_task76,Turn on all tablelamps,0.5638211965560913,6,242,0,0,
state_change_task,test_task142,Turn off all lightswitches,fixed,0,,example_task81,Turn off all candles,0.5849753618240356,6,225,0,1,
state_change_task,test_task142,Turn off all lightswitches,none,0,,,,,0,0,,,
state_change_task,test_task143,Turn off all lightswitches,semantic,0,,example_task81,Turn off all candles,0.5849753618240356,6,225,0,1,
state_change_task,test_task143,Turn off all lightswitches,random,0,16997432515506390564,example_task4,Turn on all faucets,0.4170824885368347,4,157,0,0,
state_change_task,test_task143,Turn off all lightswitches,random,1,17970825734857523149,example_task76,Turn on all tablelamps,0.5638211965560913,6,242,0,0,
state_change_task,test_task143,Turn off all lightswitches,random,2,10122849631372006413,example_task4,Turn on all faucets,0.4170824885368347,4,157,0,0,
state_change_task,test_task143,Turn off all lightswitches,fixed,0,,example_task81,Turn off all candles,0.5849753618240356,6,225,0,1,
state_change_task,test_task143,Turn off all lightswitches,none,0,,,,,0,0,,,
state_change_task,test_task144,Turn off all lightswitches,semantic,0,,example_task81,Turn off all candles,0.5849753618240356,6,225,0,1,
state_change_task,test_task144,Turn off all lightswitches,random,0,1701891058544027487,example_task81,Turn off all candles,0.5849753618240356,6,225,0,1,
state_change_task,test_task144,Turn off all lightswitches,random,1,3657458345755587878,example_task13,Turn off all faucets,0.46797624230384827,4,160,0,1,
state_change_task,test_task144,Turn off all lightswitches,random,2,3713723003056097301,example_task12,Turn on all computers,0.4601632356643677,4,169,0,0,
state_change_task,test_task144,Turn off all lightswitches,fixed,0,,example_task81,Turn off all candles,0.5849753618240356,6,225,0,1,
state_change_task,test_task144,Turn off all lightswitches,none,0,,,,,0,0,,,
state_change_task,test_task145,Turn off all lightswitches,semantic,0,,example_task81,Turn off all candles,0.5849753618240356,6,225,0,1,
state_change_task,test_task145,Turn off all lightswitches,random,0,3216782584252663145,example_task12,Turn on all computers,0.4601632356643677,4,169,0,0,
state_change_task,test_task145,Turn off all lightswitches,random,1,16994698050432253147,example_task81,Turn off all candles,0.5849753618240356,6,225,0,1,
state_change_task,test_task145,Turn off all lightswitches,random,2,10211255214352261486,example_task21,Turn off all cellphones,0.46563106775283813,8,315,0,1,
state_change_task,test_task145,Turn off all lightswitches,fixed,0,,example_task81,Turn off all candles,0.5849753618240356,6,225,0,1,
state_change_task,test_task145,Turn off all lightswitches,none,0,,,,,0,0,,,
state_change_task,test_task146,Turn off all lightswitches,semantic,0,,example_task81,Turn off all candles,0.5849753618240356,6,225,0,1,
state_change_task,test_task146,Turn off all lightswitches,random,0,2798659926011467047,example_task21,Turn off all cellphones,0.46563106775283813,8,315,0,1,
state_change_task,test_task146,Turn off all lightswitches,random,1,12661748311787000861,example_task12,Turn on all computers,0.4601632356643677,4,169,0,0,
state_change_task,test_task146,Turn off all lightswitches,random,2,5188184675591854882,example_task13,Turn off all faucets,0.46797624230384827,4,160,0,1,
state_change_task,test_task146,Turn off all lightswitches,fixed,0,,example_task81,Turn off all candles,0.5849753618240356,6,225,0,1,
state_change_task,test_task146,Turn off all lightswitches,none,0,,,,,0,0,,,
state_change_task,test_task147,Turn off all lightswitches,semantic,0,,example_task81,Turn off all candles,0.5849753618240356,6,225,0,1,
state_change_task,test_task147,Turn off all lightswitches,random,0,13787156630360723036,example_task12,Turn on all computers,0.4601632356643677,4,169,0,0,
state_change_task,test_task147,Turn off all lightswitches,random,1,5968959993611867281,example_task13,Turn off all faucets,0.46797624230384827,4,160,0,1,
state_change_task,test_task147,Turn off all lightswitches,random,2,9625815502912529949,example_task12,Turn on all computers,0.4601632356643677,4,169,0,0,
state_change_task,test_task147,Turn off all lightswitches,fixed,0,,example_task81,Turn off all candles,0.5849753618240356,6,225,0,1,
state_change_task,test_task147,Turn off all lightswitches,none,0,,,,,0,0,,,
state_change_task,test_task148,Turn off all lightswitches,semantic,0,,example_task81,Turn off all candles,0.5849753618240356,6,225,0,1,
state_change_task,test_task148,Turn off all lightswitches,random,0,10564073749640825075,example_task13,Turn off all faucets,0.46797624230384827,4,160,0,1,
state_change_task,test_task148,Turn off all lightswitches,random,1,776986383426132329,example_task76,Turn on all tablelamps,0.5638211965560913,6,242,0,0,
state_change_task,test_task148,Turn off all lightswitches,random,2,17014597096171092681,example_task76,Turn on all tablelamps,0.5638211965560913,6,242,0,0,
state_change_task,test_task148,Turn off all lightswitches,fixed,0,,example_task81,Turn off all candles,0.5849753618240356,6,225,0,1,
state_change_task,test_task148,Turn off all lightswitches,none,0,,,,,0,0,,,
state_change_task,test_task149,Turn off all lightswitches,semantic,0,,example_task81,Turn off all candles,0.5849753618240356,6,225,0,1,
state_change_task,test_task149,Turn off all lightswitches,random,0,1705590257055444881,example_task4,Turn on all faucets,0.4170824885368347,4,157,0,0,
state_change_task,test_task149,Turn off all lightswitches,random,1,12747624625050516599,example_task13,Turn off all faucets,0.46797624230384827,4,160,0,1,
state_change_task,test_task149,Turn off all lightswitches,random,2,11355277241179541821,example_task13,Turn off all faucets,0.46797624230384827,4,160,0,1,
state_change_task,test_task149,Turn off all lightswitches,fixed,0,,example_task81,Turn off all candles,0.5849753618240356,6,225,0,1,
state_change_task,test_task149,Turn off all lightswitches,none,0,,,,,0,0,,,
state_change_task,test_task150,Turn off all lightswitches,semantic,0,,example_task81,Turn off all candles,0.5849753618240356,6,225,0,1,
state_change_task,test_task150,Turn off all lightswitches,random,0,4535427794694021694,example_task4,Turn on all faucets,0.4170824885368347,4,157,0,0,
state_change_task,test_task150,Turn off all lightswitches,random,1,2844350973355356892,example_task13,Turn off all faucets,0.46797624230384827,4,160,0,1,
state_change_task,test_task150,Turn off all lightswitches,random,2,17577401260614423885,example_task81,Turn off all candles,0.5849753618240356,6,225,0,1,
state_change_task,test_task150,Turn off all lightswitches,fixed,0,,example_task81,Turn off all candles,0.5849753618240356,6,225,0,1,
state_change_task,test_task150,Turn off all lightswitches,none,0,,,,,0,0,,,
state_change_task,test_task151,Turn off all lightswitches,semantic,0,,example_task81,Turn off all candles,0.5849753618240356,6,225,0,1,
state_change_task,test_task151,Turn off all lightswitches,random,0,3623521134429273109,example_task13,Turn off all faucets,0.46797624230384827,4,160,0,1,
state_change_task,test_task151,Turn off all lightswitches,random,1,7869092922703477547,example_task4,Turn on all faucets,0.4170824885368347,4,157,0,0,
state_change_task,test_task151,Turn off all lightswitches,random,2,5395374775911659914,example_task13,Turn off all faucets,0.46797624230384827,4,160,0,1,
state_change_task,test_task151,Turn off all lightswitches,fixed,0,,example_task81,Turn off all candles,0.5849753618240356,6,225,0,1,
state_change_task,test_task151,Turn off all lightswitches,none,0,,,,,0,0,,,
state_change_task,test_task152,Turn off all lightswitches,semantic,0,,example_task81,Turn off all candles,0.5849753618240356,6,225,0,1,
state_change_task,test_task152,Turn off all lightswitches,random,0,10531893334383656191,example_task4,Turn on all faucets,0.4170824885368347,4,157,0,0,
state_change_task,test_task152,Turn off all lightswitches,random,1,14800843199549057322,example_task81,Turn off all candles,0.5849753618240356,6,225,0,1,
state_change_task,test_task152,Turn off all lightswitches,random,2,4067280755164146645,example_task21,Turn off all cellphones,0.46563106775283813,8,315,0,1,
state_change_task,test_task152,Turn off all lightswitches,fixed,0,,example_task81,Turn off all candles,0.5849753618240356,6,225,0,1,
state_change_task,test_task152,Turn off all lightswitches,none,0,,,,,0,0,,,
state_change_task,test_task153,Turn off all tablelamps,semantic,0,,example_task76,Turn on all tablelamps,0.9095948934555054,6,242,1,0,
state_change_task,test_task153,Turn off all tablelamps,random,0,1504896779126816433,example_task4,Turn on all faucets,0.356049120426178,4,157,0,0,
state_change_task,test_task153,Turn off all tablelamps,random,1,10060950252108059195,example_task13,Turn off all faucets,0.45084327459335327,4,160,0,1,
state_change_task,test_task153,Turn off all tablelamps,random,2,10550547874513663748,example_task81,Turn off all candles,0.4964370131492615,6,225,0,1,
state_change_task,test_task153,Turn off all tablelamps,fixed,0,,example_task81,Turn off all candles,0.4964370131492615,6,225,0,1,
state_change_task,test_task153,Turn off all tablelamps,none,0,,,,,0,0,,,
state_change_task,test_task154,Turn off all tablelamps,semantic,0,,example_task76,Turn on all tablelamps,0.9095948934555054,6,242,1,0,
state_change_task,test_task154,Turn off all tablelamps,random,0,15332756368353538989,example_task21,Turn off all cellphones,0.45363759994506836,8,315,0,1,
state_change_task,test_task154,Turn off all tablelamps,random,1,9029425091467313515,example_task12,Turn on all computers,0.29659849405288696,4,169,0,0,
state_change_task,test_task154,Turn off all tablelamps,random,2,12004784971272635678,example_task13,Turn off all faucets,0.45084327459335327,4,160,0,1,
state_change_task,test_task154,Turn off all tablelamps,fixed,0,,example_task81,Turn off all candles,0.4964370131492615,6,225,0,1,
state_change_task,test_task154,Turn off all tablelamps,none,0,,,,,0,0,,,
state_change_task,test_task155,Turn off all tablelamps,semantic,0,,example_task76,Turn on all tablelamps,0.9095948934555054,6,242,1,0,
state_change_task,test_task155,Turn off all tablelamps,random,0,1321912142458350363,example_task4,Turn on all faucets,0.356049120426178,4,157,0,0,
state_change_task,test_task155,Turn off all tablelamps,random,1,4466206677686180989,example_task12,Turn on all computers,0.29659849405288696,4,169,0,0,
state_change_task,test_task155,Turn off all tablelamps,random,2,14317687158828226293,example_task4,Turn on all faucets,0.356049120426178,4,157,0,0,
state_change_task,test_task155,Turn off all tablelamps,fixed,0,,example_task81,Turn off all candles,0.4964370131492615,6,225,0,1,
state_change_task,test_task155,Turn off all tablelamps,none,0,,,,,0,0,,,
state_change_task,test_task156,Turn off all tablelamps,semantic,0,,example_task76,Turn on all tablelamps,0.9095948934555054,6,242,1,0,
state_change_task,test_task156,Turn off all tablelamps,random,0,5798763894599181396,example_task21,Turn off all cellphones,0.45363759994506836,8,315,0,1,
state_change_task,test_task156,Turn off all tablelamps,random,1,14835340209697204267,example_task12,Turn on all computers,0.29659849405288696,4,169,0,0,
state_change_task,test_task156,Turn off all tablelamps,random,2,13790785105384033834,example_task12,Turn on all computers,0.29659849405288696,4,169,0,0,
state_change_task,test_task156,Turn off all tablelamps,fixed,0,,example_task81,Turn off all candles,0.4964370131492615,6,225,0,1,
state_change_task,test_task156,Turn off all tablelamps,none,0,,,,,0,0,,,
state_change_task,test_task157,Turn off all tablelamps,semantic,0,,example_task76,Turn on all tablelamps,0.9095948934555054,6,242,1,0,
state_change_task,test_task157,Turn off all tablelamps,random,0,5465947430102464562,example_task21,Turn off all cellphones,0.45363759994506836,8,315,0,1,
state_change_task,test_task157,Turn off all tablelamps,random,1,10932144647621916032,example_task13,Turn off all faucets,0.45084327459335327,4,160,0,1,
state_change_task,test_task157,Turn off all tablelamps,random,2,16880414270977718893,example_task13,Turn off all faucets,0.45084327459335327,4,160,0,1,
state_change_task,test_task157,Turn off all tablelamps,fixed,0,,example_task81,Turn off all candles,0.4964370131492615,6,225,0,1,
state_change_task,test_task157,Turn off all tablelamps,none,0,,,,,0,0,,,
state_change_task,test_task158,Turn off all tablelamps,semantic,0,,example_task76,Turn on all tablelamps,0.9095948934555054,6,242,1,0,
state_change_task,test_task158,Turn off all tablelamps,random,0,7824690526402858397,example_task13,Turn off all faucets,0.45084327459335327,4,160,0,1,
state_change_task,test_task158,Turn off all tablelamps,random,1,3058097820748674962,example_task81,Turn off all candles,0.4964370131492615,6,225,0,1,
state_change_task,test_task158,Turn off all tablelamps,random,2,909998367122310326,example_task21,Turn off all cellphones,0.45363759994506836,8,315,0,1,
state_change_task,test_task158,Turn off all tablelamps,fixed,0,,example_task81,Turn off all candles,0.4964370131492615,6,225,0,1,
state_change_task,test_task158,Turn off all tablelamps,none,0,,,,,0,0,,,
state_change_task,test_task159,Turn off all tablelamps,semantic,0,,example_task76,Turn on all tablelamps,0.9095948934555054,6,242,1,0,
state_change_task,test_task159,Turn off all tablelamps,random,0,12700643220874944905,example_task13,Turn off all faucets,0.45084327459335327,4,160,0,1,
state_change_task,test_task159,Turn off all tablelamps,random,1,13908153792997664686,example_task4,Turn on all faucets,0.356049120426178,4,157,0,0,
state_change_task,test_task159,Turn off all tablelamps,random,2,17685048124433390370,example_task12,Turn on all computers,0.29659849405288696,4,169,0,0,
state_change_task,test_task159,Turn off all tablelamps,fixed,0,,example_task81,Turn off all candles,0.4964370131492615,6,225,0,1,
state_change_task,test_task159,Turn off all tablelamps,none,0,,,,,0,0,,,
state_change_task,test_task160,Turn off all tablelamps,semantic,0,,example_task76,Turn on all tablelamps,0.9095948934555054,6,242,1,0,
state_change_task,test_task160,Turn off all tablelamps,random,0,5725797656083340543,example_task21,Turn off all cellphones,0.45363759994506836,8,315,0,1,
state_change_task,test_task160,Turn off all tablelamps,random,1,17386719973080451826,example_task76,Turn on all tablelamps,0.9095948934555054,6,242,1,0,
state_change_task,test_task160,Turn off all tablelamps,random,2,14269225389733051485,example_task21,Turn off all cellphones,0.45363759994506836,8,315,0,1,
state_change_task,test_task160,Turn off all tablelamps,fixed,0,,example_task81,Turn off all candles,0.4964370131492615,6,225,0,1,
state_change_task,test_task160,Turn off all tablelamps,none,0,,,,,0,0,,,
state_change_task,test_task161,Turn on all lightswitches,semantic,0,,example_task76,Turn on all tablelamps,0.6107883453369141,6,242,0,1,
state_change_task,test_task161,Turn on all lightswitches,random,0,3601518102628735614,example_task4,Turn on all faucets,0.4804110527038574,4,157,0,1,
state_change_task,test_task161,Turn on all lightswitches,random,1,1817902747085928628,example_task81,Turn off all candles,0.5193465948104858,6,225,0,0,
state_change_task,test_task161,Turn on all lightswitches,random,2,3550039197236055113,example_task76,Turn on all tablelamps,0.6107883453369141,6,242,0,1,
state_change_task,test_task161,Turn on all lightswitches,fixed,0,,example_task81,Turn off all candles,0.5193465948104858,6,225,0,0,
state_change_task,test_task161,Turn on all lightswitches,none,0,,,,,0,0,,,
state_change_task,test_task162,Turn on all lightswitches,semantic,0,,example_task76,Turn on all tablelamps,0.6107883453369141,6,242,0,1,
state_change_task,test_task162,Turn on all lightswitches,random,0,5848751646909208512,example_task76,Turn on all tablelamps,0.6107883453369141,6,242,0,1,
state_change_task,test_task162,Turn on all lightswitches,random,1,692025978107873566,example_task4,Turn on all faucets,0.4804110527038574,4,157,0,1,
state_change_task,test_task162,Turn on all lightswitches,random,2,1289429841550775472,example_task21,Turn off all cellphones,0.3894766569137573,8,315,0,0,
state_change_task,test_task162,Turn on all lightswitches,fixed,0,,example_task81,Turn off all candles,0.5193465948104858,6,225,0,0,
state_change_task,test_task162,Turn on all lightswitches,none,0,,,,,0,0,,,
state_change_task,test_task163,Turn on all lightswitches,semantic,0,,example_task76,Turn on all tablelamps,0.6107883453369141,6,242,0,1,
state_change_task,test_task163,Turn on all lightswitches,random,0,1970111764812855381,example_task21,Turn off all cellphones,0.3894766569137573,8,315,0,0,
state_change_task,test_task163,Turn on all lightswitches,random,1,10214735308977672734,example_task21,Turn off all cellphones,0.3894766569137573,8,315,0,0,
state_change_task,test_task163,Turn on all lightswitches,random,2,8291026702352974605,example_task13,Turn off all faucets,0.38628941774368286,4,160,0,0,
state_change_task,test_task163,Turn on all lightswitches,fixed,0,,example_task81,Turn off all candles,0.5193465948104858,6,225,0,0,
state_change_task,test_task163,Turn on all lightswitches,none,0,,,,,0,0,,,
state_change_task,test_task164,Turn on all lightswitches,semantic,0,,example_task76,Turn on all tablelamps,0.6107883453369141,6,242,0,1,
state_change_task,test_task164,Turn on all lightswitches,random,0,905850030293097275,example_task4,Turn on all faucets,0.4804110527038574,4,157,0,1,
state_change_task,test_task164,Turn on all lightswitches,random,1,13120569138326239947,example_task12,Turn on all computers,0.5445488691329956,4,169,0,1,
state_change_task,test_task164,Turn on all lightswitches,random,2,13657764390156051060,example_task21,Turn off all cellphones,0.3894766569137573,8,315,0,0,
state_change_task,test_task164,Turn on all lightswitches,fixed,0,,example_task81,Turn off all candles,0.5193465948104858,6,225,0,0,
state_change_task,test_task164,Turn on all lightswitches,none,0,,,,,0,0,,,
state_change_task,test_task165,Turn on all lightswitches,semantic,0,,example_task76,Turn on all tablelamps,0.6107883453369141,6,242,0,1,
state_change_task,test_task165,Turn on all lightswitches,random,0,1427392433152114363,example_task76,Turn on all tablelamps,0.6107883453369141,6,242,0,1,
state_change_task,test_task165,Turn on all lightswitches,random,1,2382928175591800884,example_task76,Turn on all tablelamps,0.6107883453369141,6,242,0,1,
state_change_task,test_task165,Turn on all lightswitches,random,2,1495514085494607832,example_task13,Turn off all faucets,0.38628941774368286,4,160,0,0,
state_change_task,test_task165,Turn on all lightswitches,fixed,0,,example_task81,Turn off all candles,0.5193465948104858,6,225,0,0,
state_change_task,test_task165,Turn on all lightswitches,none,0,,,,,0,0,,,
state_change_task,test_task166,Turn on all lightswitches,semantic,0,,example_task76,Turn on all tablelamps,0.6107883453369141,6,242,0,1,
state_change_task,test_task166,Turn on all lightswitches,random,0,1360799859702827087,example_task21,Turn off all cellphones,0.3894766569137573,8,315,0,0,
state_change_task,test_task166,Turn on all lightswitches,random,1,3470313715836915939,example_task76,Turn on all tablelamps,0.6107883453369141,6,242,0,1,
state_change_task,test_task166,Turn on all lightswitches,random,2,10444564500346864987,example_task13,Turn off all faucets,0.38628941774368286,4,160,0,0,
state_change_task,test_task166,Turn on all lightswitches,fixed,0,,example_task81,Turn off all candles,0.5193465948104858,6,225,0,0,
state_change_task,test_task166,Turn on all lightswitches,none,0,,,,,0,0,,,
state_change_task,test_task167,Turn on all lightswitches,semantic,0,,example_task76,Turn on all tablelamps,0.6107883453369141,6,242,0,1,
state_change_task,test_task167,Turn on all lightswitches,random,0,3612552099584831719,example_task76,Turn on all tablelamps,0.6107883453369141,6,242,0,1,
state_change_task,test_task167,Turn on all lightswitches,random,1,4821601172390468609,example_task21,Turn off all cellphones,0.3894766569137573,8,315,0,0,
state_change_task,test_task167,Turn on all lightswitches,random,2,10710436343980656052,example_task12,Turn on all computers,0.5445488691329956,4,169,0,1,
state_change_task,test_task167,Turn on all lightswitches,fixed,0,,example_task81,Turn off all candles,0.5193465948104858,6,225,0,0,
state_change_task,test_task167,Turn on all lightswitches,none,0,,,,,0,0,,,
state_change_task,test_task168,Turn on all lightswitches,semantic,0,,example_task76,Turn on all tablelamps,0.6107883453369141,6,242,0,1,
state_change_task,test_task168,Turn on all lightswitches,random,0,11520719652634150990,example_task81,Turn off all candles,0.5193465948104858,6,225,0,0,
state_change_task,test_task168,Turn on all lightswitches,random,1,17112817315479670173,example_task21,Turn off all cellphones,0.3894766569137573,8,315,0,0,
state_change_task,test_task168,Turn on all lightswitches,random,2,12598462691739654923,example_task21,Turn off all cellphones,0.3894766569137573,8,315,0,0,
state_change_task,test_task168,Turn on all lightswitches,fixed,0,,example_task81,Turn off all candles,0.5193465948104858,6,225,0,0,
state_change_task,test_task168,Turn on all lightswitches,none,0,,,,,0,0,,,
state_change_task,test_task169,Turn on all lightswitches,semantic,0,,example_task76,Turn on all tablelamps,0.6107883453369141,6,242,0,1,
state_change_task,test_task169,Turn on all lightswitches,random,0,11657773016721243527,example_task21,Turn off all cellphones,0.3894766569137573,8,315,0,0,
state_change_task,test_task169,Turn on all lightswitches,random,1,8147798133749077429,example_task76,Turn on all tablelamps,0.6107883453369141,6,242,0,1,
state_change_task,test_task169,Turn on all lightswitches,random,2,7292087108852551877,example_task4,Turn on all faucets,0.4804110527038574,4,157,0,1,
state_change_task,test_task169,Turn on all lightswitches,fixed,0,,example_task81,Turn off all candles,0.5193465948104858,6,225,0,0,
state_change_task,test_task169,Turn on all lightswitches,none,0,,,,,0,0,,,
state_change_task,test_task170,Turn on all lightswitches,semantic,0,,example_task76,Turn on all tablelamps,0.6107883453369141,6,242,0,1,
state_change_task,test_task170,Turn on all lightswitches,random,0,8114232294433775314,example_task76,Turn on all tablelamps,0.6107883453369141,6,242,0,1,
state_change_task,test_task170,Turn on all lightswitches,random,1,4764426656179462271,example_task76,Turn on all tablelamps,0.6107883453369141,6,242,0,1,
state_change_task,test_task170,Turn on all lightswitches,random,2,14703652776175488608,example_task4,Turn on all faucets,0.4804110527038574,4,157,0,1,
state_change_task,test_task170,Turn on all lightswitches,fixed,0,,example_task81,Turn off all candles,0.5193465948104858,6,225,0,0,
state_change_task,test_task170,Turn on all lightswitches,none,0,,,,,0,0,,,
state_change_task,test_task171,Turn on all lightswitches,semantic,0,,example_task76,Turn on all tablelamps,0.6107883453369141,6,242,0,1,
state_change_task,test_task171,Turn on all lightswitches,random,0,16581578192956075080,example_task13,Turn off all faucets,0.38628941774368286,4,160,0,0,
state_change_task,test_task171,Turn on all lightswitches,random,1,14956788772292129493,example_task13,Turn off all faucets,0.38628941774368286,4,160,0,0,
state_change_task,test_task171,Turn on all lightswitches,random,2,8194823977131287388,example_task12,Turn on all computers,0.5445488691329956,4,169,0,1,
state_change_task,test_task171,Turn on all lightswitches,fixed,0,,example_task81,Turn off all candles,0.5193465948104858,6,225,0,0,
state_change_task,test_task171,Turn on all lightswitches,none,0,,,,,0,0,,,
state_change_task,test_task172,Turn on all lightswitches,semantic,0,,example_task76,Turn on all tablelamps,0.6107883453369141,6,242,0,1,
state_change_task,test_task172,Turn on all lightswitches,random,0,15822423681390788874,example_task12,Turn on all computers,0.5445488691329956,4,169,0,1,
state_change_task,test_task172,Turn on all lightswitches,random,1,14977766168159680000,example_task76,Turn on all tablelamps,0.6107883453369141,6,242,0,1,
state_change_task,test_task172,Turn on all lightswitches,random,2,17725592653474236507,example_task21,Turn off all cellphones,0.3894766569137573,8,315,0,0,
state_change_task,test_task172,Turn on all lightswitches,fixed,0,,example_task81,Turn off all candles,0.5193465948104858,6,225,0,0,
state_change_task,test_task172,Turn on all lightswitches,none,0,,,,,0,0,,,
state_change_task,test_task173,Turn on all lightswitches,semantic,0,,example_task76,Turn on all tablelamps,0.6107883453369141,6,242,0,1,
state_change_task,test_task173,Turn on all lightswitches,random,0,2664744733813345646,example_task13,Turn off all faucets,0.38628941774368286,4,160,0,0,
state_change_task,test_task173,Turn on all lightswitches,random,1,11564157213600359385,example_task13,Turn off all faucets,0.38628941774368286,4,160,0,0,
state_change_task,test_task173,Turn on all lightswitches,random,2,6574342233317861645,example_task81,Turn off all candles,0.5193465948104858,6,225,0,0,
state_change_task,test_task173,Turn on all lightswitches,fixed,0,,example_task81,Turn off all candles,0.5193465948104858,6,225,0,0,
state_change_task,test_task173,Turn on all lightswitches,none,0,,,,,0,0,,,
state_change_task,test_task174,Turn on all lightswitches,semantic,0,,example_task76,Turn on all tablelamps,0.6107883453369141,6,242,0,1,
state_change_task,test_task174,Turn on all lightswitches,random,0,8130613524870351466,example_task21,Turn off all cellphones,0.3894766569137573,8,315,0,0,
state_change_task,test_task174,Turn on all lightswitches,random,1,17643269335405506636,example_task13,Turn off all faucets,0.38628941774368286,4,160,0,0,
state_change_task,test_task174,Turn on all lightswitches,random,2,59591739080418403,example_task4,Turn on all faucets,0.4804110527038574,4,157,0,1,
state_change_task,test_task174,Turn on all lightswitches,fixed,0,,example_task81,Turn off all candles,0.5193465948104858,6,225,0,0,
state_change_task,test_task174,Turn on all lightswitches,none,0,,,,,0,0,,,
state_change_task,test_task175,Turn on all lightswitches,semantic,0,,example_task76,Turn on all tablelamps,0.6107883453369141,6,242,0,1,
state_change_task,test_task175,Turn on all lightswitches,random,0,11400945456459588336,example_task12,Turn on all computers,0.5445488691329956,4,169,0,1,
state_change_task,test_task175,Turn on all lightswitches,random,1,17471305720276779934,example_task12,Turn on all computers,0.5445488691329956,4,169,0,1,
state_change_task,test_task175,Turn on all lightswitches,random,2,624780247367288164,example_task4,Turn on all faucets,0.4804110527038574,4,157,0,1,
state_change_task,test_task175,Turn on all lightswitches,fixed,0,,example_task81,Turn off all candles,0.5193465948104858,6,225,0,0,
state_change_task,test_task175,Turn on all lightswitches,none,0,,,,,0,0,,,
state_change_task,test_task176,Turn on all lightswitches,semantic,0,,example_task76,Turn on all tablelamps,0.6107883453369141,6,242,0,1,
state_change_task,test_task176,Turn on all lightswitches,random,0,11208365518659381065,example_task13,Turn off all faucets,0.38628941774368286,4,160,0,0,
state_change_task,test_task176,Turn on all lightswitches,random,1,17136710813963115261,example_task81,Turn off all candles,0.5193465948104858,6,225,0,0,
state_change_task,test_task176,Turn on all lightswitches,random,2,1706420500951873925,example_task4,Turn on all faucets,0.4804110527038574,4,157,0,1,
state_change_task,test_task176,Turn on all lightswitches,fixed,0,,example_task81,Turn off all candles,0.5193465948104858,6,225,0,0,
state_change_task,test_task176,Turn on all lightswitches,none,0,,,,,0,0,,,
state_change_task,test_task177,Turn off all lightswitches,semantic,0,,example_task81,Turn off all candles,0.5849753618240356,6,225,0,1,
state_change_task,test_task177,Turn off all lightswitches,random,0,10654335986983231849,example_task13,Turn off all faucets,0.46797624230384827,4,160,0,1,
state_change_task,test_task177,Turn off all lightswitches,random,1,17822066439298300651,example_task12,Turn on all computers,0.4601632356643677,4,169,0,0,
state_change_task,test_task177,Turn off all lightswitches,random,2,16087567169015133105,example_task13,Turn off all faucets,0.46797624230384827,4,160,0,1,
state_change_task,test_task177,Turn off all lightswitches,fixed,0,,example_task81,Turn off all candles,0.5849753618240356,6,225,0,1,
state_change_task,test_task177,Turn off all lightswitches,none,0,,,,,0,0,,,
state_change_task,test_task178,Turn off all lightswitches,semantic,0,,example_task81,Turn off all candles,0.5849753618240356,6,225,0,1,
state_change_task,test_task178,Turn off all lightswitches,random,0,14851230574830753191,example_task21,Turn off all cellphones,0.46563106775283813,8,315,0,1,
state_change_task,test_task178,Turn off all lightswitches,random,1,2131307291382038019,example_task13,Turn off all faucets,0.46797624230384827,4,160,0,1,
state_change_task,test_task178,Turn off all lightswitches,random,2,8777496152846559924,example_task21,Turn off all cellphones,0.46563106775283813,8,315,0,1,
state_change_task,test_task178,Turn off all lightswitches,fixed,0,,example_task81,Turn off all candles,0.5849753618240356,6,225,0,1,
state_change_task,test_task178,Turn off all lightswitches,none,0,,,,,0,0,,,
state_change_task,test_task179,Turn off all lightswitches,semantic,0,,example_task81,Turn off all candles,0.5849753618240356,6,225,0,1,
state_change_task,test_task179,Turn off all lightswitches,random,0,16983582658731511946,example_task4,Turn on all faucets,0.4170824885368347,4,157,0,0,
state_change_task,test_task179,Turn off all lightswitches,random,1,4318233440474685851,example_task13,Turn off all faucets,0.46797624230384827,4,160,0,1,
state_change_task,test_task179,Turn off all lightswitches,random,2,7209522217112792510,example_task76,Turn on all tablelamps,0.5638211965560913,6,242,0,0,
state_change_task,test_task179,Turn off all lightswitches,fixed,0,,example_task81,Turn off all candles,0.5849753618240356,6,225,0,1,
state_change_task,test_task179,Turn off all lightswitches,none,0,,,,,0,0,,,
state_change_task,test_task180,Turn off all lightswitches,semantic,0,,example_task81,Turn off all candles,0.5849753618240356,6,225,0,1,
state_change_task,test_task180,Turn off all lightswitches,random,0,13306804176012775353,example_task81,Turn off all candles,0.5849753618240356,6,225,0,1,
state_change_task,test_task180,Turn off all lightswitches,random,1,4859509974206343608,example_task76,Turn on all tablelamps,0.5638211965560913,6,242,0,0,
state_change_task,test_task180,Turn off all lightswitches,random,2,6957609397731541368,example_task13,Turn off all faucets,0.46797624230384827,4,160,0,1,
state_change_task,test_task180,Turn off all lightswitches,fixed,0,,example_task81,Turn off all candles,0.5849753618240356,6,225,0,1,
state_change_task,test_task180,Turn off all lightswitches,none,0,,,,,0,0,,,
state_change_task,test_task181,Turn off all lightswitches,semantic,0,,example_task81,Turn off all candles,0.5849753618240356,6,225,0,1,
state_change_task,test_task181,Turn off all lightswitches,random,0,6472260783556627098,example_task13,Turn off all faucets,0.46797624230384827,4,160,0,1,
state_change_task,test_task181,Turn off all lightswitches,random,1,15664243702384804301,example_task12,Turn on all computers,0.4601632356643677,4,169,0,0,
state_change_task,test_task181,Turn off all lightswitches,random,2,7697363863656550663,example_task13,Turn off all faucets,0.46797624230384827,4,160,0,1,
state_change_task,test_task181,Turn off all lightswitches,fixed,0,,example_task81,Turn off all candles,0.5849753618240356,6,225,0,1,
state_change_task,test_task181,Turn off all lightswitches,none,0,,,,,0,0,,,
state_change_task,test_task182,Turn off all lightswitches,semantic,0,,example_task81,Turn off all candles,0.5849753618240356,6,225,0,1,
state_change_task,test_task182,Turn off all lightswitches,random,0,10208525300509914322,example_task12,Turn on all computers,0.4601632356643677,4,169,0,0,
state_change_task,test_task182,Turn off all lightswitches,random,1,10563089249375972404,example_task81,Turn off all candles,0.5849753618240356,6,225,0,1,
state_change_task,test_task182,Turn off all lightswitches,random,2,12554288294614849834,example_task21,Turn off all cellphones,0.46563106775283813,8,315,0,1,
state_change_task,test_task182,Turn off all lightswitches,fixed,0,,example_task81,Turn off all candles,0.5849753618240356,6,225,0,1,
state_change_task,test_task182,Turn off all lightswitches,none,0,,,,,0,0,,,
state_change_task,test_task183,Turn off all lightswitches,semantic,0,,example_task81,Turn off all candles,0.5849753618240356,6,225,0,1,
state_change_task,test_task183,Turn off all lightswitches,random,0,7184481691829373148,example_task4,Turn on all faucets,0.4170824885368347,4,157,0,0,
state_change_task,test_task183,Turn off all lightswitches,random,1,4398593136225268094,example_task81,Turn off all candles,0.5849753618240356,6,225,0,1,
state_change_task,test_task183,Turn off all lightswitches,random,2,9355945476106520509,example_task12,Turn on all computers,0.4601632356643677,4,169,0,0,
state_change_task,test_task183,Turn off all lightswitches,fixed,0,,example_task81,Turn off all candles,0.5849753618240356,6,225,0,1,
state_change_task,test_task183,Turn off all lightswitches,none,0,,,,,0,0,,,
state_change_task,test_task184,Turn off all lightswitches,semantic,0,,example_task81,Turn off all candles,0.5849753618240356,6,225,0,1,
state_change_task,test_task184,Turn off all lightswitches,random,0,7358993985039501186,example_task21,Turn off all cellphones,0.46563106775283813,8,315,0,1,
state_change_task,test_task184,Turn off all lightswitches,random,1,15354994620982243201,example_task4,Turn on all faucets,0.4170824885368347,4,157,0,0,
state_change_task,test_task184,Turn off all lightswitches,random,2,17380219163172207938,example_task4,Turn on all faucets,0.4170824885368347,4,157,0,0,
state_change_task,test_task184,Turn off all lightswitches,fixed,0,,example_task81,Turn off all candles,0.5849753618240356,6,225,0,1,
state_change_task,test_task184,Turn off all lightswitches,none,0,,,,,0,0,,,
state_change_task,test_task185,Turn off all lightswitches,semantic,0,,example_task81,Turn off all candles,0.5849753618240356,6,225,0,1,
state_change_task,test_task185,Turn off all lightswitches,random,0,4616784257361831212,example_task21,Turn off all cellphones,0.46563106775283813,8,315,0,1,
state_change_task,test_task185,Turn off all lightswitches,random,1,11545513632968028670,example_task4,Turn on all faucets,0.4170824885368347,4,157,0,0,
state_change_task,test_task185,Turn off all lightswitches,random,2,7402552515285489814,example_task4,Turn on all faucets,0.4170824885368347,4,157,0,0,
state_change_task,test_task185,Turn off all lightswitches,fixed,0,,example_task81,Turn off all candles,0.5849753618240356,6,225,0,1,
state_change_task,test_task185,Turn off all lightswitches,none,0,,,,,0,0,,,
state_change_task,test_task186,Turn off all lightswitches,semantic,0,,example_task81,Turn off all candles,0.5849753618240356,6,225,0,1,
state_change_task,test_task186,Turn off all lightswitches,random,0,13864566817545874182,example_task81,Turn off all candles,0.5849753618240356,6,225,0,1,
state_change_task,test_task186,Turn off all lightswitches,random,1,5271036429134463662,example_task12,Turn on all computers,0.4601632356643677,4,169,0,0,
state_change_task,test_task186,Turn off all lightswitches,random,2,9940110934969575067,example_task81,Turn off all candles,0.5849753618240356,6,225,0,1,
state_change_task,test_task186,Turn off all lightswitches,fixed,0,,example_task81,Turn off all candles,0.5849753618240356,6,225,0,1,
state_change_task,test_task186,Turn off all lightswitches,none,0,,,,,0,0,,,
state_change_task,test_task187,Turn off all lightswitches,semantic,0,,example_task81,Turn off all candles,0.5849753618240356,6,225,0,1,
state_change_task,test_task187,Turn off all lightswitches,random,0,15667968039026735222,example_task4,Turn on all faucets,0.4170824885368347,4,157,0,0,
state_change_task,test_task187,Turn off all lightswitches,random,1,9294837936655866980,example_task13,Turn off all faucets,0.46797624230384827,4,160,0,1,
state_change_task,test_task187,Turn off all lightswitches,random,2,5394383410289460689,example_task21,Turn off all cellphones,0.46563106775283813,8,315,0,1,
state_change_task,test_task187,Turn off all lightswitches,fixed,0,,example_task81,Turn off all candles,0.5849753618240356,6,225,0,1,
state_change_task,test_task187,Turn off all lightswitches,none,0,,,,,0,0,,,
state_change_task,test_task188,Turn off all lightswitches,semantic,0,,example_task81,Turn off all candles,0.5849753618240356,6,225,0,1,
state_change_task,test_task188,Turn off all lightswitches,random,0,2951063460724262960,example_task21,Turn off all cellphones,0.46563106775283813,8,315,0,1,
state_change_task,test_task188,Turn off all lightswitches,random,1,13210360183566850091,example_task21,Turn off all cellphones,0.46563106775283813,8,315,0,1,
state_change_task,test_task188,Turn off all lightswitches,random,2,2935632231125911837,example_task81,Turn off all candles,0.5849753618240356,6,225,0,1,
state_change_task,test_task188,Turn off all lightswitches,fixed,0,,example_task81,Turn off all candles,0.5849753618240356,6,225,0,1,
state_change_task,test_task188,Turn off all lightswitches,none,0,,,,,0,0,,,
state_change_task,test_task189,Turn off all lightswitches,semantic,0,,example_task81,Turn off all candles,0.5849753618240356,6,225,0,1,
state_change_task,test_task189,Turn off all lightswitches,random,0,14870698856508713802,example_task76,Turn on all tablelamps,0.5638211965560913,6,242,0,0,
state_change_task,test_task189,Turn off all lightswitches,random,1,8603539694348097796,example_task12,Turn on all computers,0.4601632356643677,4,169,0,0,
state_change_task,test_task189,Turn off all lightswitches,random,2,1057852620646493675,example_task4,Turn on all faucets,0.4170824885368347,4,157,0,0,
state_change_task,test_task189,Turn off all lightswitches,fixed,0,,example_task81,Turn off all candles,0.5849753618240356,6,225,0,1,
state_change_task,test_task189,Turn off all lightswitches,none,0,,,,,0,0,,,
state_change_task,test_task190,Turn off all lightswitches,semantic,0,,example_task81,Turn off all candles,0.5849753618240356,6,225,0,1,
state_change_task,test_task190,Turn off all lightswitches,random,0,6311407808447404099,example_task13,Turn off all faucets,0.46797624230384827,4,160,0,1,
state_change_task,test_task190,Turn off all lightswitches,random,1,451300987676397815,example_task4,Turn on all faucets,0.4170824885368347,4,157,0,0,
state_change_task,test_task190,Turn off all lightswitches,random,2,4384508739383299004,example_task76,Turn on all tablelamps,0.5638211965560913,6,242,0,0,
state_change_task,test_task190,Turn off all lightswitches,fixed,0,,example_task81,Turn off all candles,0.5849753618240356,6,225,0,1,
state_change_task,test_task190,Turn off all lightswitches,none,0,,,,,0,0,,,
state_change_task,test_task191,Turn off all lightswitches,semantic,0,,example_task81,Turn off all candles,0.5849753618240356,6,225,0,1,
state_change_task,test_task191,Turn off all lightswitches,random,0,13519846801614212820,example_task21,Turn off all cellphones,0.46563106775283813,8,315,0,1,
state_change_task,test_task191,Turn off all lightswitches,random,1,3711047133543434769,example_task81,Turn off all candles,0.5849753618240356,6,225,0,1,
state_change_task,test_task191,Turn off all lightswitches,random,2,18294856279161851631,example_task76,Turn on all tablelamps,0.5638211965560913,6,242,0,0,
state_change_task,test_task191,Turn off all lightswitches,fixed,0,,example_task81,Turn off all candles,0.5849753618240356,6,225,0,1,
state_change_task,test_task191,Turn off all lightswitches,none,0,,,,,0,0,,,
state_change_task,test_task192,Turn off all lightswitches,semantic,0,,example_task81,Turn off all candles,0.5849753618240356,6,225,0,1,
state_change_task,test_task192,Turn off all lightswitches,random,0,3071654496891571246,example_task76,Turn on all tablelamps,0.5638211965560913,6,242,0,0,
state_change_task,test_task192,Turn off all lightswitches,random,1,9196266656581295607,example_task76,Turn on all tablelamps,0.5638211965560913,6,242,0,0,
state_change_task,test_task192,Turn off all lightswitches,random,2,11937403301925310131,example_task76,Turn on all tablelamps,0.5638211965560913,6,242,0,0,
state_change_task,test_task192,Turn off all lightswitches,fixed,0,,example_task81,Turn off all candles,0.5849753618240356,6,225,0,1,
state_change_task,test_task192,Turn off all lightswitches,none,0,,,,,0,0,,,
state_change_task,test_task193,Turn on all lightswitches,semantic,0,,example_task76,Turn on all tablelamps,0.6107883453369141,6,242,0,1,
state_change_task,test_task193,Turn on all lightswitches,random,0,6536817540770533834,example_task13,Turn off all faucets,0.38628941774368286,4,160,0,0,
state_change_task,test_task193,Turn on all lightswitches,random,1,11197033319306543173,example_task21,Turn off all cellphones,0.3894766569137573,8,315,0,0,
state_change_task,test_task193,Turn on all lightswitches,random,2,5136162480209742008,example_task13,Turn off all faucets,0.38628941774368286,4,160,0,0,
state_change_task,test_task193,Turn on all lightswitches,fixed,0,,example_task81,Turn off all candles,0.5193465948104858,6,225,0,0,
state_change_task,test_task193,Turn on all lightswitches,none,0,,,,,0,0,,,
state_change_task,test_task194,Turn on all lightswitches,semantic,0,,example_task76,Turn on all tablelamps,0.6107883453369141,6,242,0,1,
state_change_task,test_task194,Turn on all lightswitches,random,0,10914853217870723109,example_task81,Turn off all candles,0.5193465948104858,6,225,0,0,
state_change_task,test_task194,Turn on all lightswitches,random,1,8729038864631754126,example_task21,Turn off all cellphones,0.3894766569137573,8,315,0,0,
state_change_task,test_task194,Turn on all lightswitches,random,2,13757564097674943203,example_task13,Turn off all faucets,0.38628941774368286,4,160,0,0,
state_change_task,test_task194,Turn on all lightswitches,fixed,0,,example_task81,Turn off all candles,0.5193465948104858,6,225,0,0,
state_change_task,test_task194,Turn on all lightswitches,none,0,,,,,0,0,,,
state_change_task,test_task195,Turn on all lightswitches,semantic,0,,example_task76,Turn on all tablelamps,0.6107883453369141,6,242,0,1,
state_change_task,test_task195,Turn on all lightswitches,random,0,8441428888721878561,example_task21,Turn off all cellphones,0.3894766569137573,8,315,0,0,
state_change_task,test_task195,Turn on all lightswitches,random,1,120438173818471589,example_task13,Turn off all faucets,0.38628941774368286,4,160,0,0,
state_change_task,test_task195,Turn on all lightswitches,random,2,14193707270267828046,example_task13,Turn off all faucets,0.38628941774368286,4,160,0,0,
state_change_task,test_task195,Turn on all lightswitches,fixed,0,,example_task81,Turn off all candles,0.5193465948104858,6,225,0,0,
state_change_task,test_task195,Turn on all lightswitches,none,0,,,,,0,0,,,
state_change_task,test_task196,Turn on all lightswitches,semantic,0,,example_task76,Turn on all tablelamps,0.6107883453369141,6,242,0,1,
state_change_task,test_task196,Turn on all lightswitches,random,0,2006176425168074302,example_task4,Turn on all faucets,0.4804110527038574,4,157,0,1,
state_change_task,test_task196,Turn on all lightswitches,random,1,15846180484840661420,example_task76,Turn on all tablelamps,0.6107883453369141,6,242,0,1,
state_change_task,test_task196,Turn on all lightswitches,random,2,14704421886143953423,example_task21,Turn off all cellphones,0.3894766569137573,8,315,0,0,
state_change_task,test_task196,Turn on all lightswitches,fixed,0,,example_task81,Turn off all candles,0.5193465948104858,6,225,0,0,
state_change_task,test_task196,Turn on all lightswitches,none,0,,,,,0,0,,,
state_change_task,test_task197,Turn on all lightswitches,semantic,0,,example_task76,Turn on all tablelamps,0.6107883453369141,6,242,0,1,
state_change_task,test_task197,Turn on all lightswitches,random,0,1243155473024526759,example_task12,Turn on all computers,0.5445488691329956,4,169,0,1,
state_change_task,test_task197,Turn on all lightswitches,random,1,11015856219834528788,example_task4,Turn on all faucets,0.4804110527038574,4,157,0,1,
state_change_task,test_task197,Turn on all lightswitches,random,2,3459375934303221868,example_task12,Turn on all computers,0.5445488691329956,4,169,0,1,
state_change_task,test_task197,Turn on all lightswitches,fixed,0,,example_task81,Turn off all candles,0.5193465948104858,6,225,0,0,
state_change_task,test_task197,Turn on all lightswitches,none,0,,,,,0,0,,,
state_change_task,test_task198,Turn on all lightswitches,semantic,0,,example_task76,Turn on all tablelamps,0.6107883453369141,6,242,0,1,
state_change_task,test_task198,Turn on all lightswitches,random,0,672861706794733946,example_task13,Turn off all faucets,0.38628941774368286,4,160,0,0,
state_change_task,test_task198,Turn on all lightswitches,random,1,212665052805074160,example_task4,Turn on all faucets,0.4804110527038574,4,157,0,1,
state_change_task,test_task198,Turn on all lightswitches,random,2,12141104183750137393,example_task12,Turn on all computers,0.5445488691329956,4,169,0,1,
state_change_task,test_task198,Turn on all lightswitches,fixed,0,,example_task81,Turn off all candles,0.5193465948104858,6,225,0,0,
state_change_task,test_task198,Turn on all lightswitches,none,0,,,,,0,0,,,
state_change_task,test_task199,Turn on all lightswitches,semantic,0,,example_task76,Turn on all tablelamps,0.6107883453369141,6,242,0,1,
state_change_task,test_task199,Turn on all lightswitches,random,0,1165427159862575482,example_task21,Turn off all cellphones,0.3894766569137573,8,315,0,0,
state_change_task,test_task199,Turn on all lightswitches,random,1,1647761729007425313,example_task76,Turn on all tablelamps,0.6107883453369141,6,242,0,1,
state_change_task,test_task199,Turn on all lightswitches,random,2,4281301427137230164,example_task12,Turn on all computers,0.5445488691329956,4,169,0,1,
state_change_task,test_task199,Turn on all lightswitches,fixed,0,,example_task81,Turn off all candles,0.5193465948104858,6,225,0,0,
state_change_task,test_task199,Turn on all lightswitches,none,0,,,,,0,0,,,
state_change_task,test_task200,Turn on all lightswitches,semantic,0,,example_task76,Turn on all tablelamps,0.6107883453369141,6,242,0,1,
state_change_task,test_task200,Turn on all lightswitches,random,0,16655413276883827959,example_task12,Turn on all computers,0.5445488691329956,4,169,0,1,
state_change_task,test_task200,Turn on all lightswitches,random,1,17980557985084142310,example_task12,Turn on all computers,0.5445488691329956,4,169,0,1,
state_change_task,test_task200,Turn on all lightswitches,random,2,3325780434304721826,example_task76,Turn on all tablelamps,0.6107883453369141,6,242,0,1,
state_change_task,test_task200,Turn on all lightswitches,fixed,0,,example_task81,Turn off all candles,0.5193465948104858,6,225,0,0,
state_change_task,test_task200,Turn on all lightswitches,none,0,,,,,0,0,,,
state_change_task,test_task201,Turn on all lightswitches,semantic,0,,example_task76,Turn on all tablelamps,0.6107883453369141,6,242,0,1,
state_change_task,test_task201,Turn on all lightswitches,random,0,15138522313994711101,example_task13,Turn off all faucets,0.38628941774368286,4,160,0,0,
state_change_task,test_task201,Turn on all lightswitches,random,1,10870274546162549075,example_task21,Turn off all cellphones,0.3894766569137573,8,315,0,0,
state_change_task,test_task201,Turn on all lightswitches,random,2,1239699245791271683,example_task4,Turn on all faucets,0.4804110527038574,4,157,0,1,
state_change_task,test_task201,Turn on all lightswitches,fixed,0,,example_task81,Turn off all candles,0.5193465948104858,6,225,0,0,
state_change_task,test_task201,Turn on all lightswitches,none,0,,,,,0,0,,,
state_change_task,test_task202,Turn on all lightswitches,semantic,0,,example_task76,Turn on all tablelamps,0.6107883453369141,6,242,0,1,
state_change_task,test_task202,Turn on all lightswitches,random,0,5589346171512900536,example_task21,Turn off all cellphones,0.3894766569137573,8,315,0,0,
state_change_task,test_task202,Turn on all lightswitches,random,1,5288791897548129294,example_task21,Turn off all cellphones,0.3894766569137573,8,315,0,0,
state_change_task,test_task202,Turn on all lightswitches,random,2,5051065814729785732,example_task76,Turn on all tablelamps,0.6107883453369141,6,242,0,1,
state_change_task,test_task202,Turn on all lightswitches,fixed,0,,example_task81,Turn off all candles,0.5193465948104858,6,225,0,0,
state_change_task,test_task202,Turn on all lightswitches,none,0,,,,,0,0,,,
state_change_task,test_task203,Turn on all lightswitches,semantic,0,,example_task76,Turn on all tablelamps,0.6107883453369141,6,242,0,1,
state_change_task,test_task203,Turn on all lightswitches,random,0,6650694324233939962,example_task21,Turn off all cellphones,0.3894766569137573,8,315,0,0,
state_change_task,test_task203,Turn on all lightswitches,random,1,4896939438908285909,example_task76,Turn on all tablelamps,0.6107883453369141,6,242,0,1,
state_change_task,test_task203,Turn on all lightswitches,random,2,110527412577005771,example_task13,Turn off all faucets,0.38628941774368286,4,160,0,0,
state_change_task,test_task203,Turn on all lightswitches,fixed,0,,example_task81,Turn off all candles,0.5193465948104858,6,225,0,0,
state_change_task,test_task203,Turn on all lightswitches,none,0,,,,,0,0,,,
state_change_task,test_task204,Turn on all lightswitches,semantic,0,,example_task76,Turn on all tablelamps,0.6107883453369141,6,242,0,1,
state_change_task,test_task204,Turn on all lightswitches,random,0,13385298837568263494,example_task13,Turn off all faucets,0.38628941774368286,4,160,0,0,
state_change_task,test_task204,Turn on all lightswitches,random,1,14894110771585511022,example_task13,Turn off all faucets,0.38628941774368286,4,160,0,0,
state_change_task,test_task204,Turn on all lightswitches,random,2,9162948802695640393,example_task4,Turn on all faucets,0.4804110527038574,4,157,0,1,
state_change_task,test_task204,Turn on all lightswitches,fixed,0,,example_task81,Turn off all candles,0.5193465948104858,6,225,0,0,
state_change_task,test_task204,Turn on all lightswitches,none,0,,,,,0,0,,,
state_change_task,test_task205,Turn on all lightswitches,semantic,0,,example_task76,Turn on all tablelamps,0.6107883453369141,6,242,0,1,
state_change_task,test_task205,Turn on all lightswitches,random,0,5589740794702815265,example_task76,Turn on all tablelamps,0.6107883453369141,6,242,0,1,
state_change_task,test_task205,Turn on all lightswitches,random,1,4809339842956402215,example_task13,Turn off all faucets,0.38628941774368286,4,160,0,0,
state_change_task,test_task205,Turn on all lightswitches,random,2,16841983012710107764,example_task21,Turn off all cellphones,0.3894766569137573,8,315,0,0,
state_change_task,test_task205,Turn on all lightswitches,fixed,0,,example_task81,Turn off all candles,0.5193465948104858,6,225,0,0,
state_change_task,test_task205,Turn on all lightswitches,none,0,,,,,0,0,,,
state_change_task,test_task206,Turn on all lightswitches,semantic,0,,example_task76,Turn on all tablelamps,0.6107883453369141,6,242,0,1,
state_change_task,test_task206,Turn on all lightswitches,random,0,15592628065752061795,example_task13,Turn off all faucets,0.38628941774368286,4,160,0,0,
state_change_task,test_task206,Turn on all lightswitches,random,1,2437429835865543010,example_task21,Turn off all cellphones,0.3894766569137573,8,315,0,0,
state_change_task,test_task206,Turn on all lightswitches,random,2,5470135081396356454,example_task13,Turn off all faucets,0.38628941774368286,4,160,0,0,
state_change_task,test_task206,Turn on all lightswitches,fixed,0,,example_task81,Turn off all candles,0.5193465948104858,6,225,0,0,
state_change_task,test_task206,Turn on all lightswitches,none,0,,,,,0,0,,,
state_change_task,test_task207,Turn on all lightswitches,semantic,0,,example_task76,Turn on all tablelamps,0.6107883453369141,6,242,0,1,
state_change_task,test_task207,Turn on all lightswitches,random,0,16534632862429515767,example_task13,Turn off all faucets,0.38628941774368286,4,160,0,0,
state_change_task,test_task207,Turn on all lightswitches,random,1,8656158592138735478,example_task12,Turn on all computers,0.5445488691329956,4,169,0,1,
state_change_task,test_task207,Turn on all lightswitches,random,2,1723188172670180063,example_task81,Turn off all candles,0.5193465948104858,6,225,0,0,
state_change_task,test_task207,Turn on all lightswitches,fixed,0,,example_task81,Turn off all candles,0.5193465948104858,6,225,0,0,
state_change_task,test_task207,Turn on all lightswitches,none,0,,,,,0,0,,,
state_change_task,test_task208,Turn on all lightswitches,semantic,0,,example_task76,Turn on all tablelamps,0.6107883453369141,6,242,0,1,
state_change_task,test_task208,Turn on all lightswitches,random,0,6860945577178648343,example_task13,Turn off all faucets,0.38628941774368286,4,160,0,0,
state_change_task,test_task208,Turn on all lightswitches,random,1,9724979187134451578,example_task21,Turn off all cellphones,0.3894766569137573,8,315,0,0,
state_change_task,test_task208,Turn on all lightswitches,random,2,3564713300967460368,example_task81,Turn off all candles,0.5193465948104858,6,225,0,0,
state_change_task,test_task208,Turn on all lightswitches,fixed,0,,example_task81,Turn off all candles,0.5193465948104858,6,225,0,0,
state_change_task,test_task208,Turn on all lightswitches,none,0,,,,,0,0,,,
state_change_task,test_task209,Turn on all tvs,semantic,0,,example_task12,Turn on all computers,0.6019070744514465,4,169,0,1,
state_change_task,test_task209,Turn on all tvs,random,0,11167009654424154355,example_task4,Turn on all faucets,0.48697182536125183,4,157,0,1,
state_change_task,test_task209,Turn on all tvs,random,1,10875226919541941093,example_task81,Turn off all candles,0.4064347445964813,6,225,0,0,
state_change_task,test_task209,Turn on all tvs,random,2,15530362686931894499,example_task76,Turn on all tablelamps,0.46107590198516846,6,242,0,1,
state_change_task,test_task209,Turn on all tvs,fixed,0,,example_task81,Turn off all candles,0.4064347445964813,6,225,0,0,
state_change_task,test_task209,Turn on all tvs,none,0,,,,,0,0,,,
state_change_task,test_task210,Turn on all tvs,semantic,0,,example_task12,Turn on all computers,0.6019070744514465,4,169,0,1,
state_change_task,test_task210,Turn on all tvs,random,0,9623830191119414861,example_task81,Turn off all candles,0.4064347445964813,6,225,0,0,
state_change_task,test_task210,Turn on all tvs,random,1,4808430322599307323,example_task81,Turn off all candles,0.4064347445964813,6,225,0,0,
state_change_task,test_task210,Turn on all tvs,random,2,17323968708581776260,example_task12,Turn on all computers,0.6019070744514465,4,169,0,1,
state_change_task,test_task210,Turn on all tvs,fixed,0,,example_task81,Turn off all candles,0.4064347445964813,6,225,0,0,
state_change_task,test_task210,Turn on all tvs,none,0,,,,,0,0,,,
state_change_task,test_task211,Turn on all tvs,semantic,0,,example_task12,Turn on all computers,0.6019070744514465,4,169,0,1,
state_change_task,test_task211,Turn on all tvs,random,0,8740273093498023634,example_task21,Turn off all cellphones,0.4297104775905609,8,315,0,0,
state_change_task,test_task211,Turn on all tvs,random,1,559118417568426582,example_task21,Turn off all cellphones,0.4297104775905609,8,315,0,0,
state_change_task,test_task211,Turn on all tvs,random,2,625922142920266986,example_task76,Turn on all tablelamps,0.46107590198516846,6,242,0,1,
state_change_task,test_task211,Turn on all tvs,fixed,0,,example_task81,Turn off all candles,0.4064347445964813,6,225,0,0,
state_change_task,test_task211,Turn on all tvs,none,0,,,,,0,0,,,
state_change_task,test_task212,Turn on all tvs,semantic,0,,example_task12,Turn on all computers,0.6019070744514465,4,169,0,1,
state_change_task,test_task212,Turn on all tvs,random,0,5950290997440925374,example_task81,Turn off all candles,0.4064347445964813,6,225,0,0,
state_change_task,test_task212,Turn on all tvs,random,1,2594937143297645173,example_task4,Turn on all faucets,0.48697182536125183,4,157,0,1,
state_change_task,test_task212,Turn on all tvs,random,2,10343096360650705055,example_task81,Turn off all candles,0.4064347445964813,6,225,0,0,
state_change_task,test_task212,Turn on all tvs,fixed,0,,example_task81,Turn off all candles,0.4064347445964813,6,225,0,0,
state_change_task,test_task212,Turn on all tvs,none,0,,,,,0,0,,,
state_change_task,test_task213,Turn off all tablelamps,semantic,0,,example_task76,Turn on all tablelamps,0.9095948934555054,6,242,1,0,
state_change_task,test_task213,Turn off all tablelamps,random,0,4438716639172063241,example_task21,Turn off all cellphones,0.45363759994506836,8,315,0,1,
state_change_task,test_task213,Turn off all tablelamps,random,1,16964951041118346864,example_task13,Turn off all faucets,0.45084327459335327,4,160,0,1,
state_change_task,test_task213,Turn off all tablelamps,random,2,13803214213235031627,example_task12,Turn on all computers,0.29659849405288696,4,169,0,0,
state_change_task,test_task213,Turn off all tablelamps,fixed,0,,example_task81,Turn off all candles,0.4964370131492615,6,225,0,1,
state_change_task,test_task213,Turn off all tablelamps,none,0,,,,,0,0,,,
state_change_task,test_task214,Turn off all tablelamps,semantic,0,,example_task76,Turn on all tablelamps,0.9095948934555054,6,242,1,0,
state_change_task,test_task214,Turn off all tablelamps,random,0,14182262791735416536,example_task13,Turn off all faucets,0.45084327459335327,4,160,0,1,
state_change_task,test_task214,Turn off all tablelamps,random,1,241161867790795462,example_task81,Turn off all candles,0.4964370131492615,6,225,0,1,
state_change_task,test_task214,Turn off all tablelamps,random,2,4738550735800425293,example_task81,Turn off all candles,0.4964370131492615,6,225,0,1,
state_change_task,test_task214,Turn off all tablelamps,fixed,0,,example_task81,Turn off all candles,0.4964370131492615,6,225,0,1,
state_change_task,test_task214,Turn off all tablelamps,none,0,,,,,0,0,,,
state_change_task,test_task215,Turn off all tablelamps,semantic,0,,example_task76,Turn on all tablelamps,0.9095948934555054,6,242,1,0,
state_change_task,test_task215,Turn off all tablelamps,random,0,14100147895857169889,example_task4,Turn on all faucets,0.356049120426178,4,157,0,0,
state_change_task,test_task215,Turn off all tablelamps,random,1,4245299698799990625,example_task21,Turn off all cellphones,0.45363759994506836,8,315,0,1,
state_change_task,test_task215,Turn off all tablelamps,random,2,6308568399515779989,example_task76,Turn on all tablelamps,0.9095948934555054,6,242,1,0,
state_change_task,test_task215,Turn off all tablelamps,fixed,0,,example_task81,Turn off all candles,0.4964370131492615,6,225,0,1,
state_change_task,test_task215,Turn off all tablelamps,none,0,,,,,0,0,,,
state_change_task,test_task216,Turn off all tablelamps,semantic,0,,example_task76,Turn on all tablelamps,0.9095948934555054,6,242,1,0,
state_change_task,test_task216,Turn off all tablelamps,random,0,8813331254686016419,example_task13,Turn off all faucets,0.45084327459335327,4,160,0,1,
state_change_task,test_task216,Turn off all tablelamps,random,1,1379094492270241984,example_task76,Turn on all tablelamps,0.9095948934555054,6,242,1,0,
state_change_task,test_task216,Turn off all tablelamps,random,2,3909714861506054011,example_task76,Turn on all tablelamps,0.9095948934555054,6,242,1,0,
state_change_task,test_task216,Turn off all tablelamps,fixed,0,,example_task81,Turn off all candles,0.4964370131492615,6,225,0,1,
state_change_task,test_task216,Turn off all tablelamps,none,0,,,,,0,0,,,
state_change_task,test_task217,Turn off all lightswitches,semantic,0,,example_task81,Turn off all candles,0.5849753618240356,6,225,0,1,
state_change_task,test_task217,Turn off all lightswitches,random,0,10014699710635350099,example_task12,Turn on all computers,0.4601632356643677,4,169,0,0,
state_change_task,test_task217,Turn off all lightswitches,random,1,2936031224036184042,example_task76,Turn on all tablelamps,0.5638211965560913,6,242,0,0,
state_change_task,test_task217,Turn off all lightswitches,random,2,15369835384632096810,example_task21,Turn off all cellphones,0.46563106775283813,8,315,0,1,
state_change_task,test_task217,Turn off all lightswitches,fixed,0,,example_task81,Turn off all candles,0.5849753618240356,6,225,0,1,
state_change_task,test_task217,Turn off all lightswitches,none,0,,,,,0,0,,,
state_change_task,test_task218,Turn off all lightswitches,semantic,0,,example_task81,Turn off all candles,0.5849753618240356,6,225,0,1,
state_change_task,test_task218,Turn off all lightswitches,random,0,18232829356578429489,example_task13,Turn off all faucets,0.46797624230384827,4,160,0,1,
state_change_task,test_task218,Turn off all lightswitches,random,1,13624755235385996992,example_task76,Turn on all tablelamps,0.5638211965560913,6,242,0,0,
state_change_task,test_task218,Turn off all lightswitches,random,2,8968624050462987852,example_task12,Turn on all computers,0.4601632356643677,4,169,0,0,
state_change_task,test_task218,Turn off all lightswitches,fixed,0,,example_task81,Turn off all candles,0.5849753618240356,6,225,0,1,
state_change_task,test_task218,Turn off all lightswitches,none,0,,,,,0,0,,,
state_change_task,test_task219,Turn off all lightswitches,semantic,0,,example_task81,Turn off all candles,0.5849753618240356,6,225,0,1,
state_change_task,test_task219,Turn off all lightswitches,random,0,8089917470921846762,example_task4,Turn on all faucets,0.4170824885368347,4,157,0,0,
state_change_task,test_task219,Turn off all lightswitches,random,1,14257553765383318657,example_task4,Turn on all faucets,0.4170824885368347,4,157,0,0,
state_change_task,test_task219,Turn off all lightswitches,random,2,9469162133715939112,example_task81,Turn off all candles,0.5849753618240356,6,225,0,1,
state_change_task,test_task219,Turn off all lightswitches,fixed,0,,example_task81,Turn off all candles,0.5849753618240356,6,225,0,1,
state_change_task,test_task219,Turn off all lightswitches,none,0,,,,,0,0,,,
state_change_task,test_task220,Turn off all lightswitches,semantic,0,,example_task81,Turn off all candles,0.5849753618240356,6,225,0,1,
state_change_task,test_task220,Turn off all lightswitches,random,0,10849318714288063714,example_task81,Turn off all candles,0.5849753618240356,6,225,0,1,
state_change_task,test_task220,Turn off all lightswitches,random,1,12255232150639780780,example_task12,Turn on all computers,0.4601632356643677,4,169,0,0,
state_change_task,test_task220,Turn off all lightswitches,random,2,8198321402635201210,example_task21,Turn off all cellphones,0.46563106775283813,8,315,0,1,
state_change_task,test_task220,Turn off all lightswitches,fixed,0,,example_task81,Turn off all candles,0.5849753618240356,6,225,0,1,
state_change_task,test_task220,Turn off all lightswitches,none,0,,,,,0,0,,,
state_change_task,test_task221,Turn off all lightswitches,semantic,0,,example_task81,Turn off all candles,0.5849753618240356,6,225,0,1,
state_change_task,test_task221,Turn off all lightswitches,random,0,554903183143026563,example_task4,Turn on all faucets,0.4170824885368347,4,157,0,0,
state_change_task,test_task221,Turn off all lightswitches,random,1,16351098580905361992,example_task4,Turn on all faucets,0.4170824885368347,4,157,0,0,
state_change_task,test_task221,Turn off all lightswitches,random,2,2995830992123384308,example_task76,Turn on all tablelamps,0.5638211965560913,6,242,0,0,
state_change_task,test_task221,Turn off all lightswitches,fixed,0,,example_task81,Turn off all candles,0.5849753618240356,6,225,0,1,
state_change_task,test_task221,Turn off all lightswitches,none,0,,,,,0,0,,,
state_change_task,test_task222,Turn off all lightswitches,semantic,0,,example_task81,Turn off all candles,0.5849753618240356,6,225,0,1,
state_change_task,test_task222,Turn off all lightswitches,random,0,3664630248499909869,example_task21,Turn off all cellphones,0.46563106775283813,8,315,0,1,
state_change_task,test_task222,Turn off all lightswitches,random,1,10567214572111085688,example_task76,Turn on all tablelamps,0.5638211965560913,6,242,0,0,
state_change_task,test_task222,Turn off all lightswitches,random,2,12541502730804282631,example_task81,Turn off all candles,0.5849753618240356,6,225,0,1,
state_change_task,test_task222,Turn off all lightswitches,fixed,0,,example_task81,Turn off all candles,0.5849753618240356,6,225,0,1,
state_change_task,test_task222,Turn off all lightswitches,none,0,,,,,0,0,,,
state_change_task,test_task223,Turn off all lightswitches,semantic,0,,example_task81,Turn off all candles,0.5849753618240356,6,225,0,1,
state_change_task,test_task223,Turn off all lightswitches,random,0,18404678141376089647,example_task13,Turn off all faucets,0.46797624230384827,4,160,0,1,
state_change_task,test_task223,Turn off all lightswitches,random,1,6389220841299392387,example_task76,Turn on all tablelamps,0.5638211965560913,6,242,0,0,
state_change_task,test_task223,Turn off all lightswitches,random,2,7550582271898134555,example_task12,Turn on all computers,0.4601632356643677,4,169,0,0,
state_change_task,test_task223,Turn off all lightswitches,fixed,0,,example_task81,Turn off all candles,0.5849753618240356,6,225,0,1,
state_change_task,test_task223,Turn off all lightswitches,none,0,,,,,0,0,,,
state_change_task,test_task224,Turn off all lightswitches,semantic,0,,example_task81,Turn off all candles,0.5849753618240356,6,225,0,1,
state_change_task,test_task224,Turn off all lightswitches,random,0,61029391194172196,example_task76,Turn on all tablelamps,0.5638211965560913,6,242,0,0,
state_change_task,test_task224,Turn off all lightswitches,random,1,9136852774925716819,example_task4,Turn on all faucets,0.4170824885368347,4,157,0,0,
state_change_task,test_task224,Turn off all lightswitches,random,2,13570310163541688178,example_task76,Turn on all tablelamps,0.5638211965560913,6,242,0,0,
state_change_task,test_task224,Turn off all lightswitches,fixed,0,,example_task81,Turn off all candles,0.5849753618240356,6,225,0,1,
state_change_task,test_task224,Turn off all lightswitches,none,0,,,,,0,0,,,
state_change_task,test_task225,Turn off all lightswitches,semantic,0,,example_task81,Turn off all candles,0.5849753618240356,6,225,0,1,
state_change_task,test_task225,Turn off all lightswitches,random,0,10974264616186436527,example_task76,Turn on all tablelamps,0.5638211965560913,6,242,0,0,
state_change_task,test_task225,Turn off all lightswitches,random,1,17311158983622185412,example_task76,Turn on all tablelamps,0.5638211965560913,6,242,0,0,
state_change_task,test_task225,Turn off all lightswitches,random,2,11190215528697877751,example_task21,Turn off all cellphones,0.46563106775283813,8,315,0,1,
state_change_task,test_task225,Turn off all lightswitches,fixed,0,,example_task81,Turn off all candles,0.5849753618240356,6,225,0,1,
state_change_task,test_task225,Turn off all lightswitches,none,0,,,,,0,0,,,
state_change_task,test_task226,Turn off all lightswitches,semantic,0,,example_task81,Turn off all candles,0.5849753618240356,6,225,0,1,
state_change_task,test_task226,Turn off all lightswitches,random,0,7288201620386727817,example_task4,Turn on all faucets,0.4170824885368347,4,157,0,0,
state_change_task,test_task226,Turn off all lightswitches,random,1,7117837008720035843,example_task4,Turn on all faucets,0.4170824885368347,4,157,0,0,
state_change_task,test_task226,Turn off all lightswitches,random,2,10392380547949709183,example_task76,Turn on all tablelamps,0.5638211965560913,6,242,0,0,
state_change_task,test_task226,Turn off all lightswitches,fixed,0,,example_task81,Turn off all candles,0.5849753618240356,6,225,0,1,
state_change_task,test_task226,Turn off all lightswitches,none,0,,,,,0,0,,,
state_change_task,test_task227,Turn off all lightswitches,semantic,0,,example_task81,Turn off all candles,0.5849753618240356,6,225,0,1,
state_change_task,test_task227,Turn off all lightswitches,random,0,1688307625118443889,example_task21,Turn off all cellphones,0.46563106775283813,8,315,0,1,
state_change_task,test_task227,Turn off all lightswitches,random,1,14795818522327605901,example_task13,Turn off all faucets,0.46797624230384827,4,160,0,1,
state_change_task,test_task227,Turn off all lightswitches,random,2,16981982037597942982,example_task76,Turn on all tablelamps,0.5638211965560913,6,242,0,0,
state_change_task,test_task227,Turn off all lightswitches,fixed,0,,example_task81,Turn off all candles,0.5849753618240356,6,225,0,1,
state_change_task,test_task227,Turn off all lightswitches,none,0,,,,,0,0,,,
state_change_task,test_task228,Turn off all lightswitches,semantic,0,,example_task81,Turn off all candles,0.5849753618240356,6,225,0,1,
state_change_task,test_task228,Turn off all lightswitches,random,0,5389691550183904743,example_task76,Turn on all tablelamps,0.5638211965560913,6,242,0,0,
state_change_task,test_task228,Turn off all lightswitches,random,1,423622529618635451,example_task4,Turn on all faucets,0.4170824885368347,4,157,0,0,
state_change_task,test_task228,Turn off all lightswitches,random,2,15591283571664878064,example_task13,Turn off all faucets,0.46797624230384827,4,160,0,1,
state_change_task,test_task228,Turn off all lightswitches,fixed,0,,example_task81,Turn off all candles,0.5849753618240356,6,225,0,1,
state_change_task,test_task228,Turn off all lightswitches,none,0,,,,,0,0,,,
state_change_task,test_task229,Turn off all lightswitches,semantic,0,,example_task81,Turn off all candles,0.5849753618240356,6,225,0,1,
state_change_task,test_task229,Turn off all lightswitches,random,0,10703792883024149613,example_task4,Turn on all faucets,0.4170824885368347,4,157,0,0,
state_change_task,test_task229,Turn off all lightswitches,random,1,13876353007877147370,example_task4,Turn on all faucets,0.4170824885368347,4,157,0,0,
state_change_task,test_task229,Turn off all lightswitches,random,2,12711948044624928107,example_task76,Turn on all tablelamps,0.5638211965560913,6,242,0,0,
state_change_task,test_task229,Turn off all lightswitches,fixed,0,,example_task81,Turn off all candles,0.5849753618240356,6,225,0,1,
state_change_task,test_task229,Turn off all lightswitches,none,0,,,,,0,0,,,
state_change_task,test_task230,Turn off all lightswitches,semantic,0,,example_task81,Turn off all candles,0.5849753618240356,6,225,0,1,
state_change_task,test_task230,Turn off all lightswitches,random,0,17781063268899828606,example_task81,Turn off all candles,0.5849753618240356,6,225,0,1,
state_change_task,test_task230,Turn off all lightswitches,random,1,11926407942293314439,example_task13,Turn off all faucets,0.46797624230384827,4,160,0,1,
state_change_task,test_task230,Turn off all lightswitches,random,2,18400841983919469955,example_task21,Turn off all cellphones,0.46563106775283813,8,315,0,1,
state_change_task,test_task230,Turn off all lightswitches,fixed,0,,example_task81,Turn off all candles,0.5849753618240356,6,225,0,1,
state_change_task,test_task230,Turn off all lightswitches,none,0,,,,,0,0,,,
state_change_task,test_task231,Turn off all lightswitches,semantic,0,,example_task81,Turn off all candles,0.5849753618240356,6,225,0,1,
state_change_task,test_task231,Turn off all lightswitches,random,0,17596365176046904664,example_task76,Turn on all tablelamps,0.5638211965560913,6,242,0,0,
state_change_task,test_task231,Turn off all lightswitches,random,1,4426603793700441169,example_task76,Turn on all tablelamps,0.5638211965560913,6,242,0,0,
state_change_task,test_task231,Turn off all lightswitches,random,2,11313232999863343784,example_task12,Turn on all computers,0.4601632356643677,4,169,0,0,
state_change_task,test_task231,Turn off all lightswitches,fixed,0,,example_task81,Turn off all candles,0.5849753618240356,6,225,0,1,
state_change_task,test_task231,Turn off all lightswitches,none,0,,,,,0,0,,,
state_change_task,test_task232,Turn off all lightswitches,semantic,0,,example_task81,Turn off all candles,0.5849753618240356,6,225,0,1,
state_change_task,test_task232,Turn off all lightswitches,random,0,7094373879460184900,example_task13,Turn off all faucets,0.46797624230384827,4,160,0,1,
state_change_task,test_task232,Turn off all lightswitches,random,1,15776676586427924593,example_task13,Turn off all faucets,0.46797624230384827,4,160,0,1,
state_change_task,test_task232,Turn off all lightswitches,random,2,1679255932307329302,example_task4,Turn on all faucets,0.4170824885368347,4,157,0,0,
state_change_task,test_task232,Turn off all lightswitches,fixed,0,,example_task81,Turn off all candles,0.5849753618240356,6,225,0,1,
state_change_task,test_task232,Turn off all lightswitches,none,0,,,,,0,0,,,
state_change_task,test_task233,Turn off all tvs,semantic,0,,example_task21,Turn off all cellphones,0.4994624853134155,8,315,0,1,
state_change_task,test_task233,Turn off all tvs,random,0,4114089546943923714,example_task13,Turn off all faucets,0.48129743337631226,4,160,0,1,
state_change_task,test_task233,Turn off all tvs,random,1,15957351625729933514,example_task76,Turn on all tablelamps,0.3822532892227173,6,242,0,0,
state_change_task,test_task233,Turn off all tvs,random,2,13529931185882603143,example_task13,Turn off all faucets,0.48129743337631226,4,160,0,1,
state_change_task,test_task233,Turn off all tvs,fixed,0,,example_task81,Turn off all candles,0.45816347002983093,6,225,0,1,
state_change_task,test_task233,Turn off all tvs,none,0,,,,,0,0,,,
state_change_task,test_task234,Turn off all tvs,semantic,0,,example_task21,Turn off all cellphones,0.4994624853134155,8,315,0,1,
state_change_task,test_task234,Turn off all tvs,random,0,4810673174509635775,example_task81,Turn off all candles,0.45816347002983093,6,225,0,1,
state_change_task,test_task234,Turn off all tvs,random,1,15158734094464299304,example_task76,Turn on all tablelamps,0.3822532892227173,6,242,0,0,
state_change_task,test_task234,Turn off all tvs,random,2,257931846507146817,example_task21,Turn off all cellphones,0.4994624853134155,8,315,0,1,
state_change_task,test_task234,Turn off all tvs,fixed,0,,example_task81,Turn off all candles,0.45816347002983093,6,225,0,1,
state_change_task,test_task234,Turn off all tvs,none,0,,,,,0,0,,,
state_change_task,test_task235,Turn off all tvs,semantic,0,,example_task21,Turn off all cellphones,0.4994624853134155,8,315,0,1,
state_change_task,test_task235,Turn off all tvs,random,0,12055999233325953152,example_task21,Turn off all cellphones,0.4994624853134155,8,315,0,1,
state_change_task,test_task235,Turn off all tvs,random,1,12748344061410835056,example_task76,Turn on all tablelamps,0.3822532892227173,6,242,0,0,
state_change_task,test_task235,Turn off all tvs,random,2,15719120027576419494,example_task12,Turn on all computers,0.49108827114105225,4,169,0,0,
state_change_task,test_task235,Turn off all tvs,fixed,0,,example_task81,Turn off all candles,0.45816347002983093,6,225,0,1,
state_change_task,test_task235,Turn off all tvs,none,0,,,,,0,0,,,
state_change_task,test_task236,Turn off all tvs,semantic,0,,example_task21,Turn off all cellphones,0.4994624853134155,8,315,0,1,
state_change_task,test_task236,Turn off all tvs,random,0,6918928937716258267,example_task12,Turn on all computers,0.49108827114105225,4,169,0,0,
state_change_task,test_task236,Turn off all tvs,random,1,11348757463936509840,example_task81,Turn off all candles,0.45816347002983093,6,225,0,1,
state_change_task,test_task236,Turn off all tvs,random,2,14314812614016709531,example_task12,Turn on all computers,0.49108827114105225,4,169,0,0,
state_change_task,test_task236,Turn off all tvs,fixed,0,,example_task81,Turn off all candles,0.45816347002983093,6,225,0,1,
state_change_task,test_task236,Turn off all tvs,none,0,,,,,0,0,,,
state_change_task,test_task237,Turn on all lightswitches,semantic,0,,example_task76,Turn on all tablelamps,0.6107883453369141,6,242,0,1,
state_change_task,test_task237,Turn on all lightswitches,random,0,16415205223116784234,example_task81,Turn off all candles,0.5193465948104858,6,225,0,0,
state_change_task,test_task237,Turn on all lightswitches,random,1,4221826910021593009,example_task76,Turn on all tablelamps,0.6107883453369141,6,242,0,1,
state_change_task,test_task237,Turn on all lightswitches,random,2,10518688904154348763,example_task81,Turn off all candles,0.5193465948104858,6,225,0,0,
state_change_task,test_task237,Turn on all lightswitches,fixed,0,,example_task81,Turn off all candles,0.5193465948104858,6,225,0,0,
state_change_task,test_task237,Turn on all lightswitches,none,0,,,,,0,0,,,
state_change_task,test_task238,Turn on all lightswitches,semantic,0,,example_task76,Turn on all tablelamps,0.6107883453369141,6,242,0,1,
state_change_task,test_task238,Turn on all lightswitches,random,0,15190598668506638465,example_task4,Turn on all faucets,0.4804110527038574,4,157,0,1,
state_change_task,test_task238,Turn on all lightswitches,random,1,5622855482068428667,example_task12,Turn on all computers,0.5445488691329956,4,169,0,1,
state_change_task,test_task238,Turn on all lightswitches,random,2,68157936576977172,example_task4,Turn on all faucets,0.4804110527038574,4,157,0,1,
state_change_task,test_task238,Turn on all lightswitches,fixed,0,,example_task81,Turn off all candles,0.5193465948104858,6,225,0,0,
state_change_task,test_task238,Turn on all lightswitches,none,0,,,,,0,0,,,
state_change_task,test_task239,Turn on all lightswitches,semantic,0,,example_task76,Turn on all tablelamps,0.6107883453369141,6,242,0,1,
state_change_task,test_task239,Turn on all lightswitches,random,0,15254128416647182877,example_task4,Turn on all faucets,0.4804110527038574,4,157,0,1,
state_change_task,test_task239,Turn on all lightswitches,random,1,14914889110805941013,example_task4,Turn on all faucets,0.4804110527038574,4,157,0,1,
state_change_task,test_task239,Turn on all lightswitches,random,2,4796768920182831949,example_task13,Turn off all faucets,0.38628941774368286,4,160,0,0,
state_change_task,test_task239,Turn on all lightswitches,fixed,0,,example_task81,Turn off all candles,0.5193465948104858,6,225,0,0,
state_change_task,test_task239,Turn on all lightswitches,none,0,,,,,0,0,,,
state_change_task,test_task240,Turn on all lightswitches,semantic,0,,example_task76,Turn on all tablelamps,0.6107883453369141,6,242,0,1,
state_change_task,test_task240,Turn on all lightswitches,random,0,5386614720529826945,example_task21,Turn off all cellphones,0.3894766569137573,8,315,0,0,
state_change_task,test_task240,Turn on all lightswitches,random,1,6895149994379278662,example_task76,Turn on all tablelamps,0.6107883453369141,6,242,0,1,
state_change_task,test_task240,Turn on all lightswitches,random,2,10927486976871714107,example_task21,Turn off all cellphones,0.3894766569137573,8,315,0,0,
state_change_task,test_task240,Turn on all lightswitches,fixed,0,,example_task81,Turn off all candles,0.5193465948104858,6,225,0,0,
state_change_task,test_task240,Turn on all lightswitches,none,0,,,,,0,0,,,
state_change_task,test_task241,Turn on all lightswitches,semantic,0,,example_task76,Turn on all tablelamps,0.6107883453369141,6,242,0,1,
state_change_task,test_task241,Turn on all lightswitches,random,0,4563822253105499040,example_task12,Turn on all computers,0.5445488691329956,4,169,0,1,
state_change_task,test_task241,Turn on all lightswitches,random,1,2711059646384298388,example_task4,Turn on all faucets,0.4804110527038574,4,157,0,1,
state_change_task,test_task241,Turn on all lightswitches,random,2,2381396169649115746,example_task4,Turn on all faucets,0.4804110527038574,4,157,0,1,
state_change_task,test_task241,Turn on all lightswitches,fixed,0,,example_task81,Turn off all candles,0.5193465948104858,6,225,0,0,
state_change_task,test_task241,Turn on all lightswitches,none,0,,,,,0,0,,,
state_change_task,test_task242,Turn on all lightswitches,semantic,0,,example_task76,Turn on all tablelamps,0.6107883453369141,6,242,0,1,
state_change_task,test_task242,Turn on all lightswitches,random,0,13529240988287020754,example_task12,Turn on all computers,0.5445488691329956,4,169,0,1,
state_change_task,test_task242,Turn on all lightswitches,random,1,2605965270409209468,example_task76,Turn on all tablelamps,0.6107883453369141,6,242,0,1,
state_change_task,test_task242,Turn on all lightswitches,random,2,3944673316365034293,example_task76,Turn on all tablelamps,0.6107883453369141,6,242,0,1,
state_change_task,test_task242,Turn on all lightswitches,fixed,0,,example_task81,Turn off all candles,0.5193465948104858,6,225,0,0,
state_change_task,test_task242,Turn on all lightswitches,none,0,,,,,0,0,,,
state_change_task,test_task243,Turn on all lightswitches,semantic,0,,example_task76,Turn on all tablelamps,0.6107883453369141,6,242,0,1,
state_change_task,test_task243,Turn on all lightswitches,random,0,14019709235750382108,example_task81,Turn off all candles,0.5193465948104858,6,225,0,0,
state_change_task,test_task243,Turn on all lightswitches,random,1,18308339432983515271,example_task4,Turn on all faucets,0.4804110527038574,4,157,0,1,
state_change_task,test_task243,Turn on all lightswitches,random,2,6585813511610743529,example_task12,Turn on all computers,0.5445488691329956,4,169,0,1,
state_change_task,test_task243,Turn on all lightswitches,fixed,0,,example_task81,Turn off all candles,0.5193465948104858,6,225,0,0,
state_change_task,test_task243,Turn on all lightswitches,none,0,,,,,0,0,,,
state_change_task,test_task244,Turn on all lightswitches,semantic,0,,example_task76,Turn on all tablelamps,0.6107883453369141,6,242,0,1,
state_change_task,test_task244,Turn on all lightswitches,random,0,6144336622940052777,example_task12,Turn on all computers,0.5445488691329956,4,169,0,1,
state_change_task,test_task244,Turn on all lightswitches,random,1,17145076510092486539,example_task13,Turn off all faucets,0.38628941774368286,4,160,0,0,
state_change_task,test_task244,Turn on all lightswitches,random,2,5126479136487124559,example_task81,Turn off all candles,0.5193465948104858,6,225,0,0,
state_change_task,test_task244,Turn on all lightswitches,fixed,0,,example_task81,Turn off all candles,0.5193465948104858,6,225,0,0,
state_change_task,test_task244,Turn on all lightswitches,none,0,,,,,0,0,,,
state_change_task,test_task245,Turn on all lightswitches,semantic,0,,example_task76,Turn on all tablelamps,0.6107883453369141,6,242,0,1,
state_change_task,test_task245,Turn on all lightswitches,random,0,12894420392947463489,example_task13,Turn off all faucets,0.38628941774368286,4,160,0,0,
state_change_task,test_task245,Turn on all lightswitches,random,1,2043668970054611233,example_task12,Turn on all computers,0.5445488691329956,4,169,0,1,
state_change_task,test_task245,Turn on all lightswitches,random,2,2905737959367389950,example_task12,Turn on all computers,0.5445488691329956,4,169,0,1,
state_change_task,test_task245,Turn on all lightswitches,fixed,0,,example_task81,Turn off all candles,0.5193465948104858,6,225,0,0,
state_change_task,test_task245,Turn on all lightswitches,none,0,,,,,0,0,,,
state_change_task,test_task246,Turn on all lightswitches,semantic,0,,example_task76,Turn on all tablelamps,0.6107883453369141,6,242,0,1,
state_change_task,test_task246,Turn on all lightswitches,random,0,10793523351337961807,example_task4,Turn on all faucets,0.4804110527038574,4,157,0,1,
state_change_task,test_task246,Turn on all lightswitches,random,1,18187017883027682258,example_task13,Turn off all faucets,0.38628941774368286,4,160,0,0,
state_change_task,test_task246,Turn on all lightswitches,random,2,261314854009143889,example_task12,Turn on all computers,0.5445488691329956,4,169,0,1,
state_change_task,test_task246,Turn on all lightswitches,fixed,0,,example_task81,Turn off all candles,0.5193465948104858,6,225,0,0,
state_change_task,test_task246,Turn on all lightswitches,none,0,,,,,0,0,,,
state_change_task,test_task247,Turn on all lightswitches,semantic,0,,example_task76,Turn on all tablelamps,0.6107883453369141,6,242,0,1,
state_change_task,test_task247,Turn on all lightswitches,random,0,14525049589916639201,example_task12,Turn on all computers,0.5445488691329956,4,169,0,1,
state_change_task,test_task247,Turn on all lightswitches,random,1,5401407020979356705,example_task12,Turn on all computers,0.5445488691329956,4,169,0,1,
state_change_task,test_task247,Turn on all lightswitches,random,2,16097532211756123959,example_task81,Turn off all candles,0.5193465948104858,6,225,0,0,
state_change_task,test_task247,Turn on all lightswitches,fixed,0,,example_task81,Turn off all candles,0.5193465948104858,6,225,0,0,
state_change_task,test_task247,Turn on all lightswitches,none,0,,,,,0,0,,,
state_change_task,test_task248,Turn on all lightswitches,semantic,0,,example_task76,Turn on all tablelamps,0.6107883453369141,6,242,0,1,
state_change_task,test_task248,Turn on all lightswitches,random,0,7016017082278548956,example_task4,Turn on all faucets,0.4804110527038574,4,157,0,1,
state_change_task,test_task248,Turn on all lightswitches,random,1,6938799530440998802,example_task21,Turn off all cellphones,0.3894766569137573,8,315,0,0,
state_change_task,test_task248,Turn on all lightswitches,random,2,13332885650141854549,example_task76,Turn on all tablelamps,0.6107883453369141,6,242,0,1,
state_change_task,test_task248,Turn on all lightswitches,fixed,0,,example_task81,Turn off all candles,0.5193465948104858,6,225,0,0,
state_change_task,test_task248,Turn on all lightswitches,none,0,,,,,0,0,,,
state_change_task,test_task249,Turn on all lightswitches,semantic,0,,example_task76,Turn on all tablelamps,0.6107883453369141,6,242,0,1,
state_change_task,test_task249,Turn on all lightswitches,random,0,9340006618014068309,example_task21,Turn off all cellphones,0.3894766569137573,8,315,0,0,
state_change_task,test_task249,Turn on all lightswitches,random,1,2569181826883983409,example_task12,Turn on all computers,0.5445488691329956,4,169,0,1,
state_change_task,test_task249,Turn on all lightswitches,random,2,4587199996527183345,example_task21,Turn off all cellphones,0.3894766569137573,8,315,0,0,
state_change_task,test_task249,Turn on all lightswitches,fixed,0,,example_task81,Turn off all candles,0.5193465948104858,6,225,0,0,
state_change_task,test_task249,Turn on all lightswitches,none,0,,,,,0,0,,,
state_change_task,test_task250,Turn on all lightswitches,semantic,0,,example_task76,Turn on all tablelamps,0.6107883453369141,6,242,0,1,
state_change_task,test_task250,Turn on all lightswitches,random,0,1555567396512171128,example_task76,Turn on all tablelamps,0.6107883453369141,6,242,0,1,
state_change_task,test_task250,Turn on all lightswitches,random,1,137281984652198771,example_task4,Turn on all faucets,0.4804110527038574,4,157,0,1,
state_change_task,test_task250,Turn on all lightswitches,random,2,17142646259799374308,example_task4,Turn on all faucets,0.4804110527038574,4,157,0,1,
state_change_task,test_task250,Turn on all lightswitches,fixed,0,,example_task81,Turn off all candles,0.5193465948104858,6,225,0,0,
state_change_task,test_task250,Turn on all lightswitches,none,0,,,,,0,0,,,
state_change_task,test_task251,Turn on all lightswitches,semantic,0,,example_task76,Turn on all tablelamps,0.6107883453369141,6,242,0,1,
state_change_task,test_task251,Turn on all lightswitches,random,0,7072353233049313022,example_task21,Turn off all cellphones,0.3894766569137573,8,315,0,0,
state_change_task,test_task251,Turn on all lightswitches,random,1,12149680391691932748,example_task4,Turn on all faucets,0.4804110527038574,4,157,0,1,
state_change_task,test_task251,Turn on all lightswitches,random,2,3939319414548828864,example_task12,Turn on all computers,0.5445488691329956,4,169,0,1,
state_change_task,test_task251,Turn on all lightswitches,fixed,0,,example_task81,Turn off all candles,0.5193465948104858,6,225,0,0,
state_change_task,test_task251,Turn on all lightswitches,none,0,,,,,0,0,,,
state_change_task,test_task252,Turn on all lightswitches,semantic,0,,example_task76,Turn on all tablelamps,0.6107883453369141,6,242,0,1,
state_change_task,test_task252,Turn on all lightswitches,random,0,4944183992238808942,example_task21,Turn off all cellphones,0.3894766569137573,8,315,0,0,
state_change_task,test_task252,Turn on all lightswitches,random,1,10515180893331992683,example_task12,Turn on all computers,0.5445488691329956,4,169,0,1,
state_change_task,test_task252,Turn on all lightswitches,random,2,15339410389393254434,example_task13,Turn off all faucets,0.38628941774368286,4,160,0,0,
state_change_task,test_task252,Turn on all lightswitches,fixed,0,,example_task81,Turn off all candles,0.5193465948104858,6,225,0,0,
state_change_task,test_task252,Turn on all lightswitches,none,0,,,,,0,0,,,
state_change_task,test_task253,Turn on all tvs,semantic,0,,example_task12,Turn on all computers,0.6019070744514465,4,169,0,1,
state_change_task,test_task253,Turn on all tvs,random,0,648584161381627184,example_task81,Turn off all candles,0.4064347445964813,6,225,0,0,
state_change_task,test_task253,Turn on all tvs,random,1,18080026576309827543,example_task21,Turn off all cellphones,0.4297104775905609,8,315,0,0,
state_change_task,test_task253,Turn on all tvs,random,2,10318094344569179612,example_task12,Turn on all computers,0.6019070744514465,4,169,0,1,
state_change_task,test_task253,Turn on all tvs,fixed,0,,example_task81,Turn off all candles,0.4064347445964813,6,225,0,0,
state_change_task,test_task253,Turn on all tvs,none,0,,,,,0,0,,,
state_change_task,test_task254,Turn on all tvs,semantic,0,,example_task12,Turn on all computers,0.6019070744514465,4,169,0,1,
state_change_task,test_task254,Turn on all tvs,random,0,15892593174724174482,example_task12,Turn on all computers,0.6019070744514465,4,169,0,1,
state_change_task,test_task254,Turn on all tvs,random,1,13372144922641032705,example_task81,Turn off all candles,0.4064347445964813,6,225,0,0,
state_change_task,test_task254,Turn on all tvs,random,2,9280652295537827453,example_task21,Turn off all cellphones,0.4297104775905609,8,315,0,0,
state_change_task,test_task254,Turn on all tvs,fixed,0,,example_task81,Turn off all candles,0.4064347445964813,6,225,0,0,
state_change_task,test_task254,Turn on all tvs,none,0,,,,,0,0,,,
state_change_task,test_task255,Turn on all tvs,semantic,0,,example_task12,Turn on all computers,0.6019070744514465,4,169,0,1,
state_change_task,test_task255,Turn on all tvs,random,0,4017067829531744414,example_task81,Turn off all candles,0.4064347445964813,6,225,0,0,
state_change_task,test_task255,Turn on all tvs,random,1,7376539964994801255,example_task76,Turn on all tablelamps,0.46107590198516846,6,242,0,1,
state_change_task,test_task255,Turn on all tvs,random,2,17288739186055693729,example_task4,Turn on all faucets,0.48697182536125183,4,157,0,1,
state_change_task,test_task255,Turn on all tvs,fixed,0,,example_task81,Turn off all candles,0.4064347445964813,6,225,0,0,
state_change_task,test_task255,Turn on all tvs,none,0,,,,,0,0,,,
state_change_task,test_task256,Turn on all tvs,semantic,0,,example_task12,Turn on all computers,0.6019070744514465,4,169,0,1,
state_change_task,test_task256,Turn on all tvs,random,0,11628633135754713807,example_task13,Turn off all faucets,0.4153762757778168,4,160,0,0,
state_change_task,test_task256,Turn on all tvs,random,1,12899013306922262288,example_task21,Turn off all cellphones,0.4297104775905609,8,315,0,0,
state_change_task,test_task256,Turn on all tvs,random,2,10660827430598662708,example_task13,Turn off all faucets,0.4153762757778168,4,160,0,0,
state_change_task,test_task256,Turn on all tvs,fixed,0,,example_task81,Turn off all candles,0.4064347445964813,6,225,0,0,
state_change_task,test_task256,Turn on all tvs,none,0,,,,,0,0,,,
state_change_task,test_task257,Turn off all lightswitches,semantic,0,,example_task81,Turn off all candles,0.5849753618240356,6,225,0,1,
state_change_task,test_task257,Turn off all lightswitches,random,0,390268974299133058,example_task76,Turn on all tablelamps,0.5638211965560913,6,242,0,0,
state_change_task,test_task257,Turn off all lightswitches,random,1,16727246383260773158,example_task21,Turn off all cellphones,0.46563106775283813,8,315,0,1,
state_change_task,test_task257,Turn off all lightswitches,random,2,2658491034812561257,example_task81,Turn off all candles,0.5849753618240356,6,225,0,1,
state_change_task,test_task257,Turn off all lightswitches,fixed,0,,example_task81,Turn off all candles,0.5849753618240356,6,225,0,1,
state_change_task,test_task257,Turn off all lightswitches,none,0,,,,,0,0,,,
state_change_task,test_task258,Turn off all lightswitches,semantic,0,,example_task81,Turn off all candles,0.5849753618240356,6,225,0,1,
state_change_task,test_task258,Turn off all lightswitches,random,0,12641394162115357429,example_task81,Turn off all candles,0.5849753618240356,6,225,0,1,
state_change_task,test_task258,Turn off all lightswitches,random,1,11678629868129142269,example_task76,Turn on all tablelamps,0.5638211965560913,6,242,0,0,
state_change_task,test_task258,Turn off all lightswitches,random,2,134254724337691622,example_task21,Turn off all cellphones,0.46563106775283813,8,315,0,1,
state_change_task,test_task258,Turn off all lightswitches,fixed,0,,example_task81,Turn off all candles,0.5849753618240356,6,225,0,1,
state_change_task,test_task258,Turn off all lightswitches,none,0,,,,,0,0,,,
state_change_task,test_task259,Turn off all lightswitches,semantic,0,,example_task81,Turn off all candles,0.5849753618240356,6,225,0,1,
state_change_task,test_task259,Turn off all lightswitches,random,0,8867256248241331693,example_task76,Turn on all tablelamps,0.5638211965560913,6,242,0,0,
state_change_task,test_task259,Turn off all lightswitches,random,1,8542300554036355014,example_task81,Turn off all candles,0.5849753618240356,6,225,0,1,
state_change_task,test_task259,Turn off all lightswitches,random,2,13725505214718675460,example_task4,Turn on all faucets,0.4170824885368347,4,157,0,0,
state_change_task,test_task259,Turn off all lightswitches,fixed,0,,example_task81,Turn off all candles,0.5849753618240356,6,225,0,1,
state_change_task,test_task259,Turn off all lightswitches,none,0,,,,,0,0,,,
state_change_task,test_task260,Turn off all lightswitches,semantic,0,,example_task81,Turn off all candles,0.5849753618240356,6,225,0,1,
state_change_task,test_task260,Turn off all lightswitches,random,0,8721480826199354599,example_task13,Turn off all faucets,0.46797624230384827,4,160,0,1,
state_change_task,test_task260,Turn off all lightswitches,random,1,13769362562806383201,example_task76,Turn on all tablelamps,0.5638211965560913,6,242,0,0,
state_change_task,test_task260,Turn off all lightswitches,random,2,3993227080831755889,example_task21,Turn off all cellphones,0.46563106775283813,8,315,0,1,
state_change_task,test_task260,Turn off all lightswitches,fixed,0,,example_task81,Turn off all candles,0.5849753618240356,6,225,0,1,
state_change_task,test_task260,Turn off all lightswitches,none,0,,,,,0,0,,,
state_change_task,test_task261,Turn off all lightswitches,semantic,0,,example_task81,Turn off all candles,0.5849753618240356,6,225,0,1,
state_change_task,test_task261,Turn off all lightswitches,random,0,18349908382849473679,example_task21,Turn off all cellphones,0.46563106775283813,8,315,0,1,
state_change_task,test_task261,Turn off all lightswitches,random,1,11034729914348352283,example_task76,Turn on all tablelamps,0.5638211965560913,6,242,0,0,
state_change_task,test_task261,Turn off all lightswitches,random,2,12341363785358235479,example_task21,Turn off all cellphones,0.46563106775283813,8,315,0,1,
state_change_task,test_task261,Turn off all lightswitches,fixed,0,,example_task81,Turn off all candles,0.5849753618240356,6,225,0,1,
state_change_task,test_task261,Turn off all lightswitches,none,0,,,,,0,0,,,
state_change_task,test_task262,Turn off all lightswitches,semantic,0,,example_task81,Turn off all candles,0.5849753618240356,6,225,0,1,
state_change_task,test_task262,Turn off all lightswitches,random,0,12620646668310935352,example_task12,Turn on all computers,0.4601632356643677,4,169,0,0,
state_change_task,test_task262,Turn off all lightswitches,random,1,3400543675051647581,example_task81,Turn off all candles,0.5849753618240356,6,225,0,1,
state_change_task,test_task262,Turn off all lightswitches,random,2,8997612286144956074,example_task21,Turn off all cellphones,0.46563106775283813,8,315,0,1,
state_change_task,test_task262,Turn off all lightswitches,fixed,0,,example_task81,Turn off all candles,0.5849753618240356,6,225,0,1,
state_change_task,test_task262,Turn off all lightswitches,none,0,,,,,0,0,,,
state_change_task,test_task263,Turn off all lightswitches,semantic,0,,example_task81,Turn off all candles,0.5849753618240356,6,225,0,1,
state_change_task,test_task263,Turn off all lightswitches,random,0,13398804932951148977,example_task4,Turn on all faucets,0.4170824885368347,4,157,0,0,
state_change_task,test_task263,Turn off all lightswitches,random,1,18181394883724749418,example_task81,Turn off all candles,0.5849753618240356,6,225,0,1,
state_change_task,test_task263,Turn off all lightswitches,random,2,3577220766908599260,example_task13,Turn off all faucets,0.46797624230384827,4,160,0,1,
state_change_task,test_task263,Turn off all lightswitches,fixed,0,,example_task81,Turn off all candles,0.5849753618240356,6,225,0,1,
state_change_task,test_task263,Turn off all lightswitches,none,0,,,,,0,0,,,
state_change_task,test_task264,Turn off all lightswitches,semantic,0,,example_task81,Turn off all candles,0.5849753618240356,6,225,0,1,
state_change_task,test_task264,Turn off all lightswitches,random,0,17454697549700727650,example_task13,Turn off all faucets,0.46797624230384827,4,160,0,1,
state_change_task,test_task264,Turn off all lightswitches,random,1,15862601455467688170,example_task21,Turn off all cellphones,0.46563106775283813,8,315,0,1,
state_change_task,test_task264,Turn off all lightswitches,random,2,14541617049080912417,example_task12,Turn on all computers,0.4601632356643677,4,169,0,0,
state_change_task,test_task264,Turn off all lightswitches,fixed,0,,example_task81,Turn off all candles,0.5849753618240356,6,225,0,1,
state_change_task,test_task264,Turn off all lightswitches,none,0,,,,,0,0,,,
state_change_task,test_task265,Turn off all lightswitches,semantic,0,,example_task81,Turn off all candles,0.5849753618240356,6,225,0,1,
state_change_task,test_task265,Turn off all lightswitches,random,0,17993839168767395023,example_task21,Turn off all cellphones,0.46563106775283813,8,315,0,1,
state_change_task,test_task265,Turn off all lightswitches,random,1,10328853107767295804,example_task13,Turn off all faucets,0.46797624230384827,4,160,0,1,
state_change_task,test_task265,Turn off all lightswitches,random,2,9337334621827730848,example_task13,Turn off all faucets,0.46797624230384827,4,160,0,1,
state_change_task,test_task265,Turn off all lightswitches,fixed,0,,example_task81,Turn off all candles,0.5849753618240356,6,225,0,1,
state_change_task,test_task265,Turn off all lightswitches,none,0,,,,,0,0,,,
state_change_task,test_task266,Turn off all lightswitches,semantic,0,,example_task81,Turn off all candles,0.5849753618240356,6,225,0,1,
state_change_task,test_task266,Turn off all lightswitches,random,0,16983389587221234678,example_task12,Turn on all computers,0.4601632356643677,4,169,0,0,
state_change_task,test_task266,Turn off all lightswitches,random,1,10786755339843932256,example_task21,Turn off all cellphones,0.46563106775283813,8,315,0,1,
state_change_task,test_task266,Turn off all lightswitches,random,2,3738408610986517911,example_task13,Turn off all faucets,0.46797624230384827,4,160,0,1,
state_change_task,test_task266,Turn off all lightswitches,fixed,0,,example_task81,Turn off all candles,0.5849753618240356,6,225,0,1,
state_change_task,test_task266,Turn off all lightswitches,none,0,,,,,0,0,,,
state_change_task,test_task267,Turn off all lightswitches,semantic,0,,example_task81,Turn off all candles,0.5849753618240356,6,225,0,1,
state_change_task,test_task267,Turn off all lightswitches,random,0,2676751029534271665,example_task81,Turn off all candles,0.5849753618240356,6,225,0,1,
state_change_task,test_task267,Turn off all lightswitches,random,1,6823715584911154845,example_task76,Turn on all tablelamps,0.5638211965560913,6,242,0,0,
state_change_task,test_task267,Turn off all lightswitches,random,2,913522364626140849,example_task12,Turn on all computers,0.4601632356643677,4,169,0,0,
state_change_task,test_task267,Turn off all lightswitches,fixed,0,,example_task81,Turn off all candles,0.5849753618240356,6,225,0,1,
state_change_task,test_task267,Turn off all lightswitches,none,0,,,,,0,0,,,
state_change_task,test_task268,Turn off all lightswitches,semantic,0,,example_task81,Turn off all candles,0.5849753618240356,6,225,0,1,
state_change_task,test_task268,Turn off all lightswitches,random,0,5329046094588268087,example_task13,Turn off all faucets,0.46797624230384827,4,160,0,1,
state_change_task,test_task268,Turn off all lightswitches,random,1,33925246801193560,example_task81,Turn off all candles,0.5849753618240356,6,225,0,1,
state_change_task,test_task268,Turn off all lightswitches,random,2,6311480224365556630,example_task81,Turn off all candles,0.5849753618240356,6,225,0,1,
state_change_task,test_task268,Turn off all lightswitches,fixed,0,,example_task81,Turn off all candles,0.5849753618240356,6,225,0,1,
state_change_task,test_task268,Turn off all lightswitches,none,0,,,,,0,0,,,
state_change_task,test_task269,Turn off all lightswitches,semantic,0,,example_task81,Turn off all candles,0.5849753618240356,6,225,0,1,
state_change_task,test_task269,Turn off all lightswitches,random,0,5989687416230200135,example_task12,Turn on all computers,0.4601632356643677,4,169,0,0,
state_change_task,test_task269,Turn off all lightswitches,random,1,2770289649021798880,example_task13,Turn off all faucets,0.46797624230384827,4,160,0,1,
state_change_task,test_task269,Turn off all lightswitches,random,2,9976362919676060986,example_task4,Turn on all faucets,0.4170824885368347,4,157,0,0,
state_change_task,test_task269,Turn off all lightswitches,fixed,0,,example_task81,Turn off all candles,0.5849753618240356,6,225,0,1,
state_change_task,test_task269,Turn off all lightswitches,none,0,,,,,0,0,,,
state_change_task,test_task270,Turn off all lightswitches,semantic,0,,example_task81,Turn off all candles,0.5849753618240356,6,225,0,1,
state_change_task,test_task270,Turn off all lightswitches,random,0,5554717089511184503,example_task12,Turn on all computers,0.4601632356643677,4,169,0,0,
state_change_task,test_task270,Turn off all lightswitches,random,1,2727210430248584041,example_task4,Turn on all faucets,0.4170824885368347,4,157,0,0,
state_change_task,test_task270,Turn off all lightswitches,random,2,4962683272081664130,example_task13,Turn off all faucets,0.46797624230384827,4,160,0,1,
state_change_task,test_task270,Turn off all lightswitches,fixed,0,,example_task81,Turn off all candles,0.5849753618240356,6,225,0,1,
state_change_task,test_task270,Turn off all lightswitches,none,0,,,,,0,0,,,
state_change_task,test_task271,Turn off all lightswitches,semantic,0,,example_task81,Turn off all candles,0.5849753618240356,6,225,0,1,
state_change_task,test_task271,Turn off all lightswitches,random,0,6218197023924744874,example_task12,Turn on all computers,0.4601632356643677,4,169,0,0,
state_change_task,test_task271,Turn off all lightswitches,random,1,17079706882317662509,example_task21,Turn off all cellphones,0.46563106775283813,8,315,0,1,
state_change_task,test_task271,Turn off all lightswitches,random,2,11575242181857850908,example_task21,Turn off all cellphones,0.46563106775283813,8,315,0,1,
state_change_task,test_task271,Turn off all lightswitches,fixed,0,,example_task81,Turn off all candles,0.5849753618240356,6,225,0,1,
state_change_task,test_task271,Turn off all lightswitches,none,0,,,,,0,0,,,
state_change_task,test_task272,Turn off all lightswitches,semantic,0,,example_task81,Turn off all candles,0.5849753618240356,6,225,0,1,
state_change_task,test_task272,Turn off all lightswitches,random,0,2017514043718211314,example_task12,Turn on all computers,0.4601632356643677,4,169,0,0,
state_change_task,test_task272,Turn off all lightswitches,random,1,12978985402075380012,example_task13,Turn off all faucets,0.46797624230384827,4,160,0,1,
state_change_task,test_task272,Turn off all lightswitches,random,2,14773559313730152506,example_task12,Turn on all computers,0.4601632356643677,4,169,0,0,
state_change_task,test_task272,Turn off all lightswitches,fixed,0,,example_task81,Turn off all candles,0.5849753618240356,6,225,0,1,
state_change_task,test_task272,Turn off all lightswitches,none,0,,,,,0,0,,,
state_change_task,test_task273,Turn off all tvs,semantic,0,,example_task21,Turn off all cellphones,0.4994624853134155,8,315,0,1,
state_change_task,test_task273,Turn off all tvs,random,0,4785102953823657415,example_task13,Turn off all faucets,0.48129743337631226,4,160,0,1,
state_change_task,test_task273,Turn off all tvs,random,1,7994198873215744928,example_task21,Turn off all cellphones,0.4994624853134155,8,315,0,1,
state_change_task,test_task273,Turn off all tvs,random,2,12341930835520539074,example_task4,Turn on all faucets,0.3928101658821106,4,157,0,0,
state_change_task,test_task273,Turn off all tvs,fixed,0,,example_task81,Turn off all candles,0.45816347002983093,6,225,0,1,
state_change_task,test_task273,Turn off all tvs,none,0,,,,,0,0,,,
state_change_task,test_task274,Turn off all tvs,semantic,0,,example_task21,Turn off all cellphones,0.4994624853134155,8,315,0,1,
state_change_task,test_task274,Turn off all tvs,random,0,4725954272745892743,example_task4,Turn on all faucets,0.3928101658821106,4,157,0,0,
state_change_task,test_task274,Turn off all tvs,random,1,9119529885632916126,example_task13,Turn off all faucets,0.48129743337631226,4,160,0,1,
state_change_task,test_task274,Turn off all tvs,random,2,7588793614976573425,example_task21,Turn off all cellphones,0.4994624853134155,8,315,0,1,
state_change_task,test_task274,Turn off all tvs,fixed,0,,example_task81,Turn off all candles,0.45816347002983093,6,225,0,1,
state_change_task,test_task274,Turn off all tvs,none,0,,,,,0,0,,,
state_change_task,test_task275,Turn off all tvs,semantic,0,,example_task21,Turn off all cellphones,0.4994624853134155,8,315,0,1,
state_change_task,test_task275,Turn off all tvs,random,0,675044474804273717,example_task81,Turn off all candles,0.45816347002983093,6,225,0,1,
state_change_task,test_task275,Turn off all tvs,random,1,8978653537060421294,example_task12,Turn on all computers,0.49108827114105225,4,169,0,0,
state_change_task,test_task275,Turn off all tvs,random,2,13361599977301997401,example_task76,Turn on all tablelamps,0.3822532892227173,6,242,0,0,
state_change_task,test_task275,Turn off all tvs,fixed,0,,example_task81,Turn off all candles,0.45816347002983093,6,225,0,1,
state_change_task,test_task275,Turn off all tvs,none,0,,,,,0,0,,,
state_change_task,test_task276,Turn off all tvs,semantic,0,,example_task21,Turn off all cellphones,0.4994624853134155,8,315,0,1,
state_change_task,test_task276,Turn off all tvs,random,0,16696483236588542102,example_task4,Turn on all faucets,0.3928101658821106,4,157,0,0,
state_change_task,test_task276,Turn off all tvs,random,1,7921016010931851898,example_task21,Turn off all cellphones,0.4994624853134155,8,315,0,1,
state_change_task,test_task276,Turn off all tvs,random,2,17074803997131446286,example_task4,Turn on all faucets,0.3928101658821106,4,157,0,0,
state_change_task,test_task276,Turn off all tvs,fixed,0,,example_task81,Turn off all candles,0.45816347002983093,6,225,0,1,
state_change_task,test_task276,Turn off all tvs,none,0,,,,,0,0,,,
state_change_task,test_task277,Turn on all lightswitches,semantic,0,,example_task76,Turn on all tablelamps,0.6107883453369141,6,242,0,1,
state_change_task,test_task277,Turn on all lightswitches,random,0,10491930291811819096,example_task21,Turn off all cellphones,0.3894766569137573,8,315,0,0,
state_change_task,test_task277,Turn on all lightswitches,random,1,587847847488080253,example_task4,Turn on all faucets,0.4804110527038574,4,157,0,1,
state_change_task,test_task277,Turn on all lightswitches,random,2,3243231629159269603,example_task12,Turn on all computers,0.5445488691329956,4,169,0,1,
state_change_task,test_task277,Turn on all lightswitches,fixed,0,,example_task81,Turn off all candles,0.5193465948104858,6,225,0,0,
state_change_task,test_task277,Turn on all lightswitches,none,0,,,,,0,0,,,
state_change_task,test_task278,Turn on all lightswitches,semantic,0,,example_task76,Turn on all tablelamps,0.6107883453369141,6,242,0,1,
state_change_task,test_task278,Turn on all lightswitches,random,0,8407650231980808946,example_task12,Turn on all computers,0.5445488691329956,4,169,0,1,
state_change_task,test_task278,Turn on all lightswitches,random,1,2468525012618996612,example_task13,Turn off all faucets,0.38628941774368286,4,160,0,0,
state_change_task,test_task278,Turn on all lightswitches,random,2,15183718683945918157,example_task4,Turn on all faucets,0.4804110527038574,4,157,0,1,
state_change_task,test_task278,Turn on all lightswitches,fixed,0,,example_task81,Turn off all candles,0.5193465948104858,6,225,0,0,
state_change_task,test_task278,Turn on all lightswitches,none,0,,,,,0,0,,,
state_change_task,test_task279,Turn on all lightswitches,semantic,0,,example_task76,Turn on all tablelamps,0.6107883453369141,6,242,0,1,
state_change_task,test_task279,Turn on all lightswitches,random,0,10234755654710523743,example_task4,Turn on all faucets,0.4804110527038574,4,157,0,1,
state_change_task,test_task279,Turn on all lightswitches,random,1,7793275908377864933,example_task81,Turn off all candles,0.5193465948104858,6,225,0,0,
state_change_task,test_task279,Turn on all lightswitches,random,2,3114193560665503563,example_task4,Turn on all faucets,0.4804110527038574,4,157,0,1,
state_change_task,test_task279,Turn on all lightswitches,fixed,0,,example_task81,Turn off all candles,0.5193465948104858,6,225,0,0,
state_change_task,test_task279,Turn on all lightswitches,none,0,,,,,0,0,,,
state_change_task,test_task280,Turn on all lightswitches,semantic,0,,example_task76,Turn on all tablelamps,0.6107883453369141,6,242,0,1,
state_change_task,test_task280,Turn on all lightswitches,random,0,8208740191115326413,example_task12,Turn on all computers,0.5445488691329956,4,169,0,1,
state_change_task,test_task280,Turn on all lightswitches,random,1,16599276428118113474,example_task21,Turn off all cellphones,0.3894766569137573,8,315,0,0,
state_change_task,test_task280,Turn on all lightswitches,random,2,14815497192585499213,example_task4,Turn on all faucets,0.4804110527038574,4,157,0,1,
state_change_task,test_task280,Turn on all lightswitches,fixed,0,,example_task81,Turn off all candles,0.5193465948104858,6,225,0,0,
state_change_task,test_task280,Turn on all lightswitches,none,0,,,,,0,0,,,
state_change_task,test_task281,Turn on all lightswitches,semantic,0,,example_task76,Turn on all tablelamps,0.6107883453369141,6,242,0,1,
state_change_task,test_task281,Turn on all lightswitches,random,0,4977794661314901876,example_task81,Turn off all candles,0.5193465948104858,6,225,0,0,
state_change_task,test_task281,Turn on all lightswitches,random,1,13142460881034124763,example_task12,Turn on all computers,0.5445488691329956,4,169,0,1,
state_change_task,test_task281,Turn on all lightswitches,random,2,3520218878739514206,example_task13,Turn off all faucets,0.38628941774368286,4,160,0,0,
state_change_task,test_task281,Turn on all lightswitches,fixed,0,,example_task81,Turn off all candles,0.5193465948104858,6,225,0,0,
state_change_task,test_task281,Turn on all lightswitches,none,0,,,,,0,0,,,
state_change_task,test_task282,Turn on all lightswitches,semantic,0,,example_task76,Turn on all tablelamps,0.6107883453369141,6,242,0,1,
state_change_task,test_task282,Turn on all lightswitches,random,0,3045023223713072360,example_task4,Turn on all faucets,0.4804110527038574,4,157,0,1,
state_change_task,test_task282,Turn on all lightswitches,random,1,4496623499072338102,example_task12,Turn on all computers,0.5445488691329956,4,169,0,1,
state_change_task,test_task282,Turn on all lightswitches,random,2,540879551470500489,example_task4,Turn on all faucets,0.4804110527038574,4,157,0,1,
state_change_task,test_task282,Turn on all lightswitches,fixed,0,,example_task81,Turn off all candles,0.5193465948104858,6,225,0,0,
state_change_task,test_task282,Turn on all lightswitches,none,0,,,,,0,0,,,
state_change_task,test_task283,Turn on all lightswitches,semantic,0,,example_task76,Turn on all tablelamps,0.6107883453369141,6,242,0,1,
state_change_task,test_task283,Turn on all lightswitches,random,0,10427088037400258993,example_task13,Turn off all faucets,0.38628941774368286,4,160,0,0,
state_change_task,test_task283,Turn on all lightswitches,random,1,259833777266440121,example_task13,Turn off all faucets,0.38628941774368286,4,160,0,0,
state_change_task,test_task283,Turn on all lightswitches,random,2,12302859147238799665,example_task4,Turn on all faucets,0.4804110527038574,4,157,0,1,
state_change_task,test_task283,Turn on all lightswitches,fixed,0,,example_task81,Turn off all candles,0.5193465948104858,6,225,0,0,
state_change_task,test_task283,Turn on all lightswitches,none,0,,,,,0,0,,,
state_change_task,test_task284,Turn on all lightswitches,semantic,0,,example_task76,Turn on all tablelamps,0.6107883453369141,6,242,0,1,
state_change_task,test_task284,Turn on all lightswitches,random,0,4001301279267539578,example_task81,Turn off all candles,0.5193465948104858,6,225,0,0,
state_change_task,test_task284,Turn on all lightswitches,random,1,7917642660252055895,example_task76,Turn on all tablelamps,0.6107883453369141,6,242,0,1,
state_change_task,test_task284,Turn on all lightswitches,random,2,7245079000156550887,example_task81,Turn off all candles,0.5193465948104858,6,225,0,0,
state_change_task,test_task284,Turn on all lightswitches,fixed,0,,example_task81,Turn off all candles,0.5193465948104858,6,225,0,0,
state_change_task,test_task284,Turn on all lightswitches,none,0,,,,,0,0,,,
state_change_task,test_task285,Turn on all lightswitches,semantic,0,,example_task76,Turn on all tablelamps,0.6107883453369141,6,242,0,1,
state_change_task,test_task285,Turn on all lightswitches,random,0,4672085241033445809,example_task76,Turn on all tablelamps,0.6107883453369141,6,242,0,1,
state_change_task,test_task285,Turn on all lightswitches,random,1,11534488501358178852,example_task13,Turn off all faucets,0.38628941774368286,4,160,0,0,
state_change_task,test_task285,Turn on all lightswitches,random,2,9912473706955935271,example_task13,Turn off all faucets,0.38628941774368286,4,160,0,0,
state_change_task,test_task285,Turn on all lightswitches,fixed,0,,example_task81,Turn off all candles,0.5193465948104858,6,225,0,0,
state_change_task,test_task285,Turn on all lightswitches,none,0,,,,,0,0,,,
state_change_task,test_task286,Turn on all lightswitches,semantic,0,,example_task76,Turn on all tablelamps,0.6107883453369141,6,242,0,1,
state_change_task,test_task286,Turn on all lightswitches,random,0,3912035840828203094,example_task21,Turn off all cellphones,0.3894766569137573,8,315,0,0,
state_change_task,test_task286,Turn on all lightswitches,random,1,12474833958883870745,example_task4,Turn on all faucets,0.4804110527038574,4,157,0,1,
state_change_task,test_task286,Turn on all lightswitches,random,2,4956552235833194760,example_task12,Turn on all computers,0.5445488691329956,4,169,0,1,
state_change_task,test_task286,Turn on all lightswitches,fixed,0,,example_task81,Turn off all candles,0.5193465948104858,6,225,0,0,
state_change_task,test_task286,Turn on all lightswitches,none,0,,,,,0,0,,,
state_change_task,test_task287,Turn on all lightswitches,semantic,0,,example_task76,Turn on all tablelamps,0.6107883453369141,6,242,0,1,
state_change_task,test_task287,Turn on all lightswitches,random,0,6635397161744655770,example_task12,Turn on all computers,0.5445488691329956,4,169,0,1,
state_change_task,test_task287,Turn on all lightswitches,random,1,15743435088100670409,example_task4,Turn on all faucets,0.4804110527038574,4,157,0,1,
state_change_task,test_task287,Turn on all lightswitches,random,2,11011211480654815359,example_task21,Turn off all cellphones,0.3894766569137573,8,315,0,0,
state_change_task,test_task287,Turn on all lightswitches,fixed,0,,example_task81,Turn off all candles,0.5193465948104858,6,225,0,0,
state_change_task,test_task287,Turn on all lightswitches,none,0,,,,,0,0,,,
state_change_task,test_task288,Turn on all lightswitches,semantic,0,,example_task76,Turn on all tablelamps,0.6107883453369141,6,242,0,1,
state_change_task,test_task288,Turn on all lightswitches,random,0,13923628439672030113,example_task4,Turn on all faucets,0.4804110527038574,4,157,0,1,
state_change_task,test_task288,Turn on all lightswitches,random,1,12609216548350177586,example_task21,Turn off all cellphones,0.3894766569137573,8,315,0,0,
state_change_task,test_task288,Turn on all lightswitches,random,2,387016657192626625,example_task13,Turn off all faucets,0.38628941774368286,4,160,0,0,
state_change_task,test_task288,Turn on all lightswitches,fixed,0,,example_task81,Turn off all candles,0.5193465948104858,6,225,0,0,
state_change_task,test_task288,Turn on all lightswitches,none,0,,,,,0,0,,,
state_change_task,test_task289,Turn on all lightswitches,semantic,0,,example_task76,Turn on all tablelamps,0.6107883453369141,6,242,0,1,
state_change_task,test_task289,Turn on all lightswitches,random,0,5489942373757285552,example_task4,Turn on all faucets,0.4804110527038574,4,157,0,1,
state_change_task,test_task289,Turn on all lightswitches,random,1,16786452759182916637,example_task12,Turn on all computers,0.5445488691329956,4,169,0,1,
state_change_task,test_task289,Turn on all lightswitches,random,2,5214029679035080036,example_task21,Turn off all cellphones,0.3894766569137573,8,315,0,0,
state_change_task,test_task289,Turn on all lightswitches,fixed,0,,example_task81,Turn off all candles,0.5193465948104858,6,225,0,0,
state_change_task,test_task289,Turn on all lightswitches,none,0,,,,,0,0,,,
state_change_task,test_task290,Turn on all lightswitches,semantic,0,,example_task76,Turn on all tablelamps,0.6107883453369141,6,242,0,1,
state_change_task,test_task290,Turn on all lightswitches,random,0,16889498867496234504,example_task21,Turn off all cellphones,0.3894766569137573,8,315,0,0,
state_change_task,test_task290,Turn on all lightswitches,random,1,17191381437311737666,example_task21,Turn off all cellphones,0.3894766569137573,8,315,0,0,
state_change_task,test_task290,Turn on all lightswitches,random,2,8149754773859941062,example_task4,Turn on all faucets,0.4804110527038574,4,157,0,1,
state_change_task,test_task290,Turn on all lightswitches,fixed,0,,example_task81,Turn off all candles,0.5193465948104858,6,225,0,0,
state_change_task,test_task290,Turn on all lightswitches,none,0,,,,,0,0,,,
state_change_task,test_task291,Turn on all lightswitches,semantic,0,,example_task76,Turn on all tablelamps,0.6107883453369141,6,242,0,1,
state_change_task,test_task291,Turn on all lightswitches,random,0,9479814795868425833,example_task12,Turn on all computers,0.5445488691329956,4,169,0,1,
state_change_task,test_task291,Turn on all lightswitches,random,1,2224732965776998520,example_task12,Turn on all computers,0.5445488691329956,4,169,0,1,
state_change_task,test_task291,Turn on all lightswitches,random,2,7853019766438358219,example_task76,Turn on all tablelamps,0.6107883453369141,6,242,0,1,
state_change_task,test_task291,Turn on all lightswitches,fixed,0,,example_task81,Turn off all candles,0.5193465948104858,6,225,0,0,
state_change_task,test_task291,Turn on all lightswitches,none,0,,,,,0,0,,,
state_change_task,test_task292,Turn on all lightswitches,semantic,0,,example_task76,Turn on all tablelamps,0.6107883453369141,6,242,0,1,
state_change_task,test_task292,Turn on all lightswitches,random,0,7133677891951941646,example_task12,Turn on all computers,0.5445488691329956,4,169,0,1,
state_change_task,test_task292,Turn on all lightswitches,random,1,5247637901128229829,example_task4,Turn on all faucets,0.4804110527038574,4,157,0,1,
state_change_task,test_task292,Turn on all lightswitches,random,2,11437715038440368735,example_task21,Turn off all cellphones,0.3894766569137573,8,315,0,0,
state_change_task,test_task292,Turn on all lightswitches,fixed,0,,example_task81,Turn off all candles,0.5193465948104858,6,225,0,0,
state_change_task,test_task292,Turn on all lightswitches,none,0,,,,,0,0,,,
state_change_task,test_task293,Turn off all lightswitches,semantic,0,,example_task81,Turn off all candles,0.5849753618240356,6,225,0,1,
state_change_task,test_task293,Turn off all lightswitches,random,0,9636151832107874848,example_task81,Turn off all candles,0.5849753618240356,6,225,0,1,
state_change_task,test_task293,Turn off all lightswitches,random,1,9751114655732562633,example_task21,Turn off all cellphones,0.46563106775283813,8,315,0,1,
state_change_task,test_task293,Turn off all lightswitches,random,2,17430085734294571304,example_task76,Turn on all tablelamps,0.5638211965560913,6,242,0,0,
state_change_task,test_task293,Turn off all lightswitches,fixed,0,,example_task81,Turn off all candles,0.5849753618240356,6,225,0,1,
state_change_task,test_task293,Turn off all lightswitches,none,0,,,,,0,0,,,
state_change_task,test_task294,Turn off all lightswitches,semantic,0,,example_task81,Turn off all candles,0.5849753618240356,6,225,0,1,
state_change_task,test_task294,Turn off all lightswitches,random,0,18329161075332782423,example_task81,Turn off all candles,0.5849753618240356,6,225,0,1,
state_change_task,test_task294,Turn off all lightswitches,random,1,212792171843744103,example_task76,Turn on all tablelamps,0.5638211965560913,6,242,0,0,
state_change_task,test_task294,Turn off all lightswitches,random,2,15120485362769245212,example_task21,Turn off all cellphones,0.46563106775283813,8,315,0,1,
state_change_task,test_task294,Turn off all lightswitches,fixed,0,,example_task81,Turn off all candles,0.5849753618240356,6,225,0,1,
state_change_task,test_task294,Turn off all lightswitches,none,0,,,,,0,0,,,
state_change_task,test_task295,Turn off all lightswitches,semantic,0,,example_task81,Turn off all candles,0.5849753618240356,6,225,0,1,
state_change_task,test_task295,Turn off all lightswitches,random,0,15663155792647531766,example_task76,Turn on all tablelamps,0.5638211965560913,6,242,0,0,
state_change_task,test_task295,Turn off all lightswitches,random,1,3880428490945158216,example_task12,Turn on all computers,0.4601632356643677,4,169,0,0,
state_change_task,test_task295,Turn off all lightswitches,random,2,7798526385880883492,example_task21,Turn off all cellphones,0.46563106775283813,8,315,0,1,
state_change_task,test_task295,Turn off all lightswitches,fixed,0,,example_task81,Turn off all candles,0.5849753618240356,6,225,0,1,
state_change_task,test_task295,Turn off all lightswitches,none,0,,,,,0,0,,,
state_change_task,test_task296,Turn off all lightswitches,semantic,0,,example_task81,Turn off all candles,0.5849753618240356,6,225,0,1,
state_change_task,test_task296,Turn off all lightswitches,random,0,778250546353902293,example_task13,Turn off all faucets,0.46797624230384827,4,160,0,1,
state_change_task,test_task296,Turn off all lightswitches,random,1,15710981984089397722,example_task13,Turn off all faucets,0.46797624230384827,4,160,0,1,
state_change_task,test_task296,Turn off all lightswitches,random,2,13365825234555921082,example_task81,Turn off all candles,0.5849753618240356,6,225,0,1,
state_change_task,test_task296,Turn off all lightswitches,fixed,0,,example_task81,Turn off all candles,0.5849753618240356,6,225,0,1,
state_change_task,test_task296,Turn off all lightswitches,none,0,,,,,0,0,,,
state_change_task,test_task297,Turn off all lightswitches,semantic,0,,example_task81,Turn off all candles,0.5849753618240356,6,225,0,1,
state_change_task,test_task297,Turn off all lightswitches,random,0,15546326517500469851,example_task21,Turn off all cellphones,0.46563106775283813,8,315,0,1,
state_change_task,test_task297,Turn off all lightswitches,random,1,9552539671014435821,example_task81,Turn off all candles,0.5849753618240356,6,225,0,1,
state_change_task,test_task297,Turn off all lightswitches,random,2,13144492930593068213,example_task12,Turn on all computers,0.4601632356643677,4,169,0,0,
state_change_task,test_task297,Turn off all lightswitches,fixed,0,,example_task81,Turn off all candles,0.5849753618240356,6,225,0,1,
state_change_task,test_task297,Turn off all lightswitches,none,0,,,,,0,0,,,
state_change_task,test_task298,Turn off all lightswitches,semantic,0,,example_task81,Turn off all candles,0.5849753618240356,6,225,0,1,
state_change_task,test_task298,Turn off all lightswitches,random,0,5469693442311501642,example_task76,Turn on all tablelamps,0.5638211965560913,6,242,0,0,
state_change_task,test_task298,Turn off all lightswitches,random,1,5695326167323617566,example_task76,Turn on all tablelamps,0.5638211965560913,6,242,0,0,
state_change_task,test_task298,Turn off all lightswitches,random,2,14830862474301963685,example_task4,Turn on all faucets,0.4170824885368347,4,157,0,0,
state_change_task,test_task298,Turn off all lightswitches,fixed,0,,example_task81,Turn off all candles,0.5849753618240356,6,225,0,1,
state_change_task,test_task298,Turn off all lightswitches,none,0,,,,,0,0,,,
state_change_task,test_task299,Turn off all lightswitches,semantic,0,,example_task81,Turn off all candles,0.5849753618240356,6,225,0,1,
state_change_task,test_task299,Turn off all lightswitches,random,0,6206715946590356811,example_task13,Turn off all faucets,0.46797624230384827,4,160,0,1,
state_change_task,test_task299,Turn off all lightswitches,random,1,15488024604561044240,example_task81,Turn off all candles,0.5849753618240356,6,225,0,1,
state_change_task,test_task299,Turn off all lightswitches,random,2,18361289592673617492,example_task12,Turn on all computers,0.4601632356643677,4,169,0,0,
state_change_task,test_task299,Turn off all lightswitches,fixed,0,,example_task81,Turn off all candles,0.5849753618240356,6,225,0,1,
state_change_task,test_task299,Turn off all lightswitches,none,0,,,,,0,0,,,
state_change_task,test_task300,Turn off all lightswitches,semantic,0,,example_task81,Turn off all candles,0.5849753618240356,6,225,0,1,
state_change_task,test_task300,Turn off all lightswitches,random,0,17438596332330450526,example_task12,Turn on all computers,0.4601632356643677,4,169,0,0,
state_change_task,test_task300,Turn off all lightswitches,random,1,16688937888005123343,example_task76,Turn on all tablelamps,0.5638211965560913,6,242,0,0,
state_change_task,test_task300,Turn off all lightswitches,random,2,12083466437870032671,example_task81,Turn off all candles,0.5849753618240356,6,225,0,1,
state_change_task,test_task300,Turn off all lightswitches,fixed,0,,example_task81,Turn off all candles,0.5849753618240356,6,225,0,1,
state_change_task,test_task300,Turn off all lightswitches,none,0,,,,,0,0,,,
state_change_task,test_task301,Turn off all lightswitches,semantic,0,,example_task81,Turn off all candles,0.5849753618240356,6,225,0,1,
state_change_task,test_task301,Turn off all lightswitches,random,0,1816801960314458107,example_task21,Turn off all cellphones,0.46563106775283813,8,315,0,1,
state_change_task,test_task301,Turn off all lightswitches,random,1,1374727397011266295,example_task81,Turn off all candles,0.5849753618240356,6,225,0,1,
state_change_task,test_task301,Turn off all lightswitches,random,2,4616079038894365643,example_task13,Turn off all faucets,0.46797624230384827,4,160,0,1,
state_change_task,test_task301,Turn off all lightswitches,fixed,0,,example_task81,Turn off all candles,0.5849753618240356,6,225,0,1,
state_change_task,test_task301,Turn off all lightswitches,none,0,,,,,0,0,,,
state_change_task,test_task302,Turn off all lightswitches,semantic,0,,example_task81,Turn off all candles,0.5849753618240356,6,225,0,1,
state_change_task,test_task302,Turn off all lightswitches,random,0,4455234560803957109,example_task13,Turn off all faucets,0.46797624230384827,4,160,0,1,
state_change_task,test_task302,Turn off all lightswitches,random,1,17417665928311324958,example_task4,Turn on all faucets,0.4170824885368347,4,157,0,0,
state_change_task,test_task302,Turn off all lightswitches,random,2,12590960401076000461,example_task21,Turn off all cellphones,0.46563106775283813,8,315,0,1,
state_change_task,test_task302,Turn off all lightswitches,fixed,0,,example_task81,Turn off all candles,0.5849753618240356,6,225,0,1,
state_change_task,test_task302,Turn off all lightswitches,none,0,,,,,0,0,,,
state_change_task,test_task303,Turn off all lightswitches,semantic,0,,example_task81,Turn off all candles,0.5849753618240356,6,225,0,1,
state_change_task,test_task303,Turn off all lightswitches,random,0,2425277297813248814,example_task12,Turn on all computers,0.4601632356643677,4,169,0,0,
state_change_task,test_task303,Turn off all lightswitches,random,1,4351923845715365054,example_task12,Turn on all computers,0.4601632356643677,4,169,0,0,
state_change_task,test_task303,Turn off all lightswitches,random,2,3079079018285538240,example_task4,Turn on all faucets,0.4170824885368347,4,157,0,0,
state_change_task,test_task303,Turn off all lightswitches,fixed,0,,example_task81,Turn off all candles,0.5849753618240356,6,225,0,1,
state_change_task,test_task303,Turn off all lightswitches,none,0,,,,,0,0,,,
state_change_task,test_task304,Turn off all lightswitches,semantic,0,,example_task81,Turn off all candles,0.5849753618240356,6,225,0,1,
state_change_task,test_task304,Turn off all lightswitches,random,0,12970208629597196728,example_task4,Turn on all faucets,0.4170824885368347,4,157,0,0,
state_change_task,test_task304,Turn off all lightswitches,random,1,12746670322506716456,example_task13,Turn off all faucets,0.46797624230384827,4,160,0,1,
state_change_task,test_task304,Turn off all lightswitches,random,2,15756343304571739470,example_task21,Turn off all cellphones,0.46563106775283813,8,315,0,1,
state_change_task,test_task304,Turn off all lightswitches,fixed,0,,example_task81,Turn off all candles,0.5849753618240356,6,225,0,1,
state_change_task,test_task304,Turn off all lightswitches,none,0,,,,,0,0,,,
state_change_task,test_task305,Turn off all lightswitches,semantic,0,,example_task81,Turn off all candles,0.5849753618240356,6,225,0,1,
state_change_task,test_task305,Turn off all lightswitches,random,0,7749469806388853548,example_task13,Turn off all faucets,0.46797624230384827,4,160,0,1,
state_change_task,test_task305,Turn off all lightswitches,random,1,18444040952064238693,example_task21,Turn off all cellphones,0.46563106775283813,8,315,0,1,
state_change_task,test_task305,Turn off all lightswitches,random,2,16396007326999013527,example_task81,Turn off all candles,0.5849753618240356,6,225,0,1,
state_change_task,test_task305,Turn off all lightswitches,fixed,0,,example_task81,Turn off all candles,0.5849753618240356,6,225,0,1,
state_change_task,test_task305,Turn off all lightswitches,none,0,,,,,0,0,,,
state_change_task,test_task306,Turn off all lightswitches,semantic,0,,example_task81,Turn off all candles,0.5849753618240356,6,225,0,1,
state_change_task,test_task306,Turn off all lightswitches,random,0,16186591567028127217,example_task13,Turn off all faucets,0.46797624230384827,4,160,0,1,
state_change_task,test_task306,Turn off all lightswitches,random,1,8510988372057769150,example_task13,Turn off all faucets,0.46797624230384827,4,160,0,1,
state_change_task,test_task306,Turn off all lightswitches,random,2,15704549540563804108,example_task4,Turn on all faucets,0.4170824885368347,4,157,0,0,
state_change_task,test_task306,Turn off all lightswitches,fixed,0,,example_task81,Turn off all candles,0.5849753618240356,6,225,0,1,
state_change_task,test_task306,Turn off all lightswitches,none,0,,,,,0,0,,,
state_change_task,test_task307,Turn off all lightswitches,semantic,0,,example_task81,Turn off all candles,0.5849753618240356,6,225,0,1,
state_change_task,test_task307,Turn off all lightswitches,random,0,5789281404834533641,example_task12,Turn on all computers,0.4601632356643677,4,169,0,0,
state_change_task,test_task307,Turn off all lightswitches,random,1,9589974220913021360,example_task12,Turn on all computers,0.4601632356643677,4,169,0,0,
state_change_task,test_task307,Turn off all lightswitches,random,2,11865460948121732714,example_task81,Turn off all candles,0.5849753618240356,6,225,0,1,
state_change_task,test_task307,Turn off all lightswitches,fixed,0,,example_task81,Turn off all candles,0.5849753618240356,6,225,0,1,
state_change_task,test_task307,Turn off all lightswitches,none,0,,,,,0,0,,,
state_change_task,test_task308,Turn off all lightswitches,semantic,0,,example_task81,Turn off all candles,0.5849753618240356,6,225,0,1,
state_change_task,test_task308,Turn off all lightswitches,random,0,10624205796258012630,example_task81,Turn off all candles,0.5849753618240356,6,225,0,1,
state_change_task,test_task308,Turn off all lightswitches,random,1,9184782220349819629,example_task12,Turn on all computers,0.4601632356643677,4,169,0,0,
state_change_task,test_task308,Turn off all lightswitches,random,2,6423318787363172933,example_task13,Turn off all faucets,0.46797624230384827,4,160,0,1,
state_change_task,test_task308,Turn off all lightswitches,fixed,0,,example_task81,Turn off all candles,0.5849753618240356,6,225,0,1,
state_change_task,test_task308,Turn off all lightswitches,none,0,,,,,0,0,,,
state_change_task,test_task309,Turn off all computers,semantic,0,,example_task12,Turn on all computers,0.8592640161514282,4,169,1,0,
state_change_task,test_task309,Turn off all computers,random,0,3307625399429486430,example_task12,Turn on all computers,0.8592640161514282,4,169,1,0,
state_change_task,test_task309,Turn off all computers,random,1,4957968168822663621,example_task4,Turn on all faucets,0.45894116163253784,4,157,0,0,
state_change_task,test_task309,Turn off all computers,random,2,4072044560705194084,example_task13,Turn off all faucets,0.5643138885498047,4,160,0,1,
state_change_task,test_task309,Turn off all computers,fixed,0,,example_task81,Turn off all candles,0.5131586790084839,6,225,0,1,
state_change_task,test_task309,Turn off all computers,none,0,,,,,0,0,,,
state_change_task,test_task310,Turn off all computers,semantic,0,,example_task12,Turn on all computers,0.8592640161514282,4,169,1,0,
state_change_task,test_task310,Turn off all computers,random,0,11876310514336238078,example_task4,Turn on all faucets,0.45894116163253784,4,157,0,0,
state_change_task,test_task310,Turn off all computers,random,1,6565616899520486201,example_task4,Turn on all faucets,0.45894116163253784,4,157,0,0,
state_change_task,test_task310,Turn off all computers,random,2,1155833852759538000,example_task12,Turn on all computers,0.8592640161514282,4,169,1,0,
state_change_task,test_task310,Turn off all computers,fixed,0,,example_task81,Turn off all candles,0.5131586790084839,6,225,0,1,
state_change_task,test_task310,Turn off all computers,none,0,,,,,0,0,,,
state_change_task,test_task311,Turn off all computers,semantic,0,,example_task12,Turn on all computers,0.8592640161514282,4,169,1,0,
state_change_task,test_task311,Turn off all computers,random,0,16244418761051241572,example_task81,Turn off all candles,0.5131586790084839,6,225,0,1,
state_change_task,test_task311,Turn off all computers,random,1,9618120393466690299,example_task4,Turn on all faucets,0.45894116163253784,4,157,0,0,
state_change_task,test_task311,Turn off all computers,random,2,106888829065913503,example_task81,Turn off all candles,0.5131586790084839,6,225,0,1,
state_change_task,test_task311,Turn off all computers,fixed,0,,example_task81,Turn off all candles,0.5131586790084839,6,225,0,1,
state_change_task,test_task311,Turn off all computers,none,0,,,,,0,0,,,
state_change_task,test_task312,Turn off all computers,semantic,0,,example_task12,Turn on all computers,0.8592640161514282,4,169,1,0,
state_change_task,test_task312,Turn off all computers,random,0,16353271613700804477,example_task13,Turn off all faucets,0.5643138885498047,4,160,0,1,
state_change_task,test_task312,Turn off all computers,random,1,15300428233324345814,example_task12,Turn on all computers,0.8592640161514282,4,169,1,0,
state_change_task,test_task312,Turn off all computers,random,2,17984428774689623883,example_task12,Turn on all computers,0.8592640161514282,4,169,1,0,
state_change_task,test_task312,Turn off all computers,fixed,0,,example_task81,Turn off all candles,0.5131586790084839,6,225,0,1,
state_change_task,test_task312,Turn off all computers,none,0,,,,,0,0,,,
placement_task,test_task1,Put all cupcakes on the kitchencounter,semantic,0,,example_task1,Put all cupcakes on the kitchentable,0.8536933660507202,8,342,1,1,0
placement_task,test_task1,Put all cupcakes on the kitchencounter,random,0,14529260916645545087,example_task2,Put all bananas on the kitchentable,0.431638240814209,12,489,0,1,0
placement_task,test_task1,Put all cupcakes on the kitchencounter,random,1,16109942572797325044,example_task36,Put all crackers on the coffeetable,0.39217856526374817,8,337,0,1,0
placement_task,test_task1,Put all cupcakes on the kitchencounter,random,2,9081745340869823133,example_task34,Put all plums on the coffeetable,0.3774970769882202,8,310,0,1,0
placement_task,test_task1,Put all cupcakes on the kitchencounter,fixed,0,,example_task18,Put all apples in the fridge,0.3357502520084381,53,1794,0,0,0
placement_task,test_task1,Put all cupcakes on the kitchencounter,none,0,,,,,0,0,,,
placement_task,test_task2,Put all bananas on the kitchencounter,semantic,0,,example_task2,Put all bananas on the kitchentable,0.8634896874427795,12,489,1,1,0
placement_task,test_task2,Put all bananas on the kitchencounter,random,0,13922486465273200958,example_task34,Put all plums on the coffeetable,0.39167386293411255,8,310,0,1,0
placement_task,test_task2,Put all bananas on the kitchencounter,random,1,17260299814153506470,example_task31,Put all peaches on the coffeetable,0.4921875596046448,12,455,0,1,0
placement_task,test_task2,Put all bananas on the kitchencounter,random,2,4140332647731712014,example_task46,Put all milks on the kitchentable,0.49762582778930664,8,321,0,1,0
placement_task,test_task2,Put all bananas on the kitchencounter,fixed,0,,example_task18,Put all apples in the fridge,0.4928811192512512,53,1794,0,0,0
placement_task,test_task2,Put all bananas on the kitchencounter,none,0,,,,,0,0,,,
placement_task,test_task3,Put all bellpeppers on the kitchentable,semantic,0,,example_task8,Put all bellpeppers in the microwave,0.7055910229682922,25,1000,1,0,0
placement_task,test_task3,Put all bellpeppers on the kitchentable,random,0,7614543836610354305,example_task20,Put all apples in the microwave,0.3936770558357239,53,1878,0,0,0
placement_task,test_task3,Put all bellpeppers on the kitchentable,random,1,9341874314659974752,example_task15,Put all apples on the kitchentable,0.6682937145233154,20,756,0,1,1
placement_task,test_task3,Put all bellpeppers on the kitchentable,random,2,17597966745599652991,example_task18,Put all apples in the fridge,0.2993731200695038,53,1794,0,0,0
placement_task,test_task3,Put all bellpeppers on the kitchentable,fixed,0,,example_task18,Put all apples in the fridge,0.2993731200695038,53,1794,0,0,0
placement_task,test_task3,Put all bellpeppers on the kitchentable,none,0,,,,,0,0,,,
placement_task,test_task4,Put all bellpeppers on the kitchencounter,semantic,0,,example_task8,Put all bellpeppers in the microwave,0.6830224990844727,25,1000,1,0,0
placement_task,test_task4,Put all bellpeppers on the kitchencounter,random,0,18078959602381077365,example_task30,Put all peaches on the oventray,0.5357027053833008,12,434,0,1,0
placement_task,test_task4,Put all bellpeppers on the kitchencounter,random,1,3229548675506768776,example_task30,Put all peaches on the oventray,0.5357027053833008,12,434,0,1,0
placement_task,test_task4,Put all bellpeppers on the kitchencounter,random,2,10088731023882888477,example_task30,Put all peaches on the oventray,0.5357027053833008,12,434,0,1,0
placement_task,test_task4,Put all bellpeppers on the kitchencounter,fixed,0,,example_task18,Put all apples in the fridge,0.3282482624053955,53,1794,0,0,0
placement_task,test_task4,Put all bellpeppers on the kitchencounter,none,0,,,,,0,0,,,
placement_task,test_task5,Put all chips on the kitchentable,semantic,0,,example_task35,Put all chips on the coffeetable,0.8499681353569031,8,316,1,1,0
placement_task,test_task5,Put all chips on the kitchentable,random,0,2934298447536920386,example_task33,Put all plums on the oventray,0.40123555064201355,8,295,0,1,0
placement_task,test_task5,Put all chips on the kitchentable,random,1,4517712885030450454,example_task4,Put all plums on the kitchentable,0.5392134189605713,8,321,0,1,1
placement_task,test_task5,Put all chips on the kitchentable,random,2,7734612161735965315,example_task1,Put all cupcakes on the kitchentable,0.6630371809005737,8,342,0,1,1
placement_task,test_task5,Put all chips on the kitchentable,fixed,0,,example_task18,Put all apples in the fridge,0.350268691778183,53,1794,0,0,0
placement_task,test_task5,Put all chips on the kitchentable,none,0,,,,,0,0,,,
placement_task,test_task6,Put all apples on the kitchencounter,semantic,0,,example_task15,Put all apples on the kitchentable,0.8154546022415161,20,756,1,1,0
placement_task,test_task6,Put all apples on the kitchencounter,random,0,1135491046333671379,example_task10,Put all chips in the fridge,0.43237894773483276,9,330,0,0,0
placement_task,test_task6,Put all apples on the kitchencounter,random,1,11302439316451554683,example_task30,Put all peaches on the oventray,0.5496377348899841,12,434,0,1,0
placement_task,test_task6,Put all apples on the kitchencounter,random,2,12981918417966984701,example_task30,Put all peaches on the oventray,0.5496377348899841,12,434,0,1,0
placement_task,test_task6,Put all apples on the kitchencounter,fixed,0,,example_task18,Put all apples in the fridge,0.743765115737915,53,1794,1,0,0
placement_task,test_task6,Put all apples on the kitchencounter,none,0,,,,,0,0,,,
placement_task,test_task7,Put all peaches on the kitchentable,semantic,0,,example_task31,Put all peaches on the coffeetable,0.8913750648498535,12,455,1,1,0
placement_task,test_task7,Put all peaches on the kitchentable,random,0,11509041748381743908,example_task31,Put all peaches on the coffeetable,0.8913750648498535,12,455,1,1,0
placement_task,test_task7,Put all peaches on the kitchentable,random,1,17945305413254633864,example_task23,Put all juices on the coffeetable,0.607192873954773,8,323,0,1,0
placement_task,test_task7,Put all peaches on the kitchentable,random,2,11998150597231029922,example_task1,Put all cupcakes on the kitchentable,0.6247164607048035,8,342,0,1,1
placement_task,test_task7,Put all peaches on the kitchentable,fixed,0,,example_task18,Put all apples in the fridge,0.5163190364837646,53,1794,0,0,0
placement_task,test_task7,Put all peaches on the kitchentable,none,0,,,,,0,0,,,
placement_task,test_task8,Put all peaches on the kitchencounter,semantic,0,,example_task30,Put all peaches on the oventray,0.8023979663848877,12,434,1,1,0
placement_task,test_task8,Put all peaches on the kitchencounter,random,0,9285853520294625478,example_task36,Put all crackers on the coffeetable,0.3587096929550171,8,337,0,1,0
placement_task,test_task8,Put all peaches on the kitchencounter,random,1,13196304204467165771,example_task33,Put all plums on the oventray,0.5738525390625,8,295,0,1,0
placement_task,test_task8,Put all peaches on the kitchencounter,random,2,12485024475315348483,example_task23,Put all juices on the coffeetable,0.42727118730545044,8,323,0,1,0
placement_task,test_task8,Put all peaches on the kitchencounter,fixed,0,,example_task18,Put all apples in the fridge,0.5344855785369873,53,1794,0,0,0
placement_task,test_task8,Put all peaches on the kitchencounter,none,0,,,,,0,0,,,
placement_task,test_task9,Put all plums on the kitchencounter,semantic,0,,example_task4,Put all plums on the kitchentable,0.8574708104133606,8,321,1,1,0
placement_task,test_task9,Put all plums on the kitchencounter,random,0,2383531542363529575,example_task31,Put all peaches on the coffeetable,0.4548889994621277,12,455,0,1,0
placement_task,test_task9,Put all plums on the kitchencounter,random,1,10302548213716887199,example_task10,Put all chips in the fridge,0.32667091488838196,9,330,0,0,0
placement_task,test_task9,Put all plums on the kitchencounter,random,2,11849271680982075133,example_task34,Put all plums on the coffeetable,0.6993170976638794,8,310,1,1,0
placement_task,test_task9,Put all plums on the kitchencounter,fixed,0,,example_task18,Put all apples in the fridge,0.3718060851097107,53,1794,0,0,0
placement_task,test_task9,Put all plums on the kitchencounter,none,0,,,,,0,0,,,
placement_task,test_task10,Put all cupcakes in the microwave,semantic,0,,example_task29,Put all cupcakes in the fridge,0.8067172765731812,17,623,1,1,0
placement_task,test_task10,Put all cupcakes in the microwave,random,0,17185903461358317460,example_task33,Put all plums on the oventray,0.3944246470928192,8,295,0,0,0
placement_task,test_task10,Put all cupcakes in the microwave,random,1,13163688755549066542,example_task34,Put all plums on the coffeetable,0.3516324460506439,8,310,0,0,0
placement_task,test_task10,Put all cupcakes in the microwave,random,2,2232066033789950604,example_task10,Put all chips in the fridge,0.46493977308273315,9,330,0,1,0
placement_task,test_task10,Put all cupcakes in the microwave,fixed,0,,example_task18,Put all apples in the fridge,0.38788795471191406,53,1794,0,1,0
placement_task,test_task10,Put all cupcakes in the microwave,none,0,,,,,0,0,,,
placement_task,test_task11,Put all cupcakes in the microwave,semantic,0,,example_task29,Put all cupcakes in the fridge,0.8067172765731812,17,623,1,1,0
placement_task,test_task11,Put all cupcakes in the microwave,random,0,14479042859042757572,example_task29,Put all cupcakes in the fridge,0.8067172765731812,17,623,1,1,0
placement_task,test_task11,Put all cupcakes in the microwave,random,1,16643060097553091975,example_task33,Put all plums on the oventray,0.3944246470928192,8,295,0,0,0
placement_task,test_task11,Put all cupcakes in the microwave,random,2,2186211225885911634,example_task4,Put all plums on the kitchentable,0.3303643763065338,8,321,0,0,0
placement_task,test_task11,Put all cupcakes in the microwave,fixed,0,,example_task18,Put all apples in the fridge,0.38788795471191406,53,1794,0,1,0
placement_task,test_task11,Put all cupcakes in the microwave,none,0,,,,,0,0,,,
placement_task,test_task12,Put all bananas in the fridge,semantic,0,,example_task2,Put all bananas on the kitchentable,0.7763677835464478,12,489,1,0,0
placement_task,test_task12,Put all bananas in the fridge,random,0,16292152463280895160,example_task20,Put all apples in the microwave,0.5124742984771729,53,1878,0,1,0
placement_task,test_task12,Put all bananas in the fridge,random,1,13155348885400896487,example_task25,Put all juices in the microwave,0.44789695739746094,9,349,0,1,0
placement_task,test_task12,Put all bananas in the fridge,random,2,6499032202314230483,example_task27,Put all milks in the fridge,0.6125121116638184,9,324,0,1,1
placement_task,test_task12,Put all bananas in the fridge,fixed,0,,example_task18,Put all apples in the fridge,0.6310110688209534,53,1794,0,1,1
placement_task,test_task12,Put all bananas in the fridge,none,0,,,,,0,0,,,
placement_task,test_task13,Put all bananas in the fridge,semantic,0,,example_task2,Put all bananas on the kitchentable,0.7763677835464478,12,489,1,0,0
placement_task,test_task13,Put all bananas in the fridge,random,0,6601222986470510000,example_task4,Put all plums on the kitchentable,0.3371433615684509,8,321,0,0,0
placement_task,test_task13,Put all bananas in the fridge,random,1,13516814609738844702,example_task33,Put all plums on the oventray,0.2658877968788147,8,295,0,0,0
placement_task,test_task13,Put all bananas in the fridge,random,2,7296593578552006486,example_task30,Put all peaches on the oventray,0.36681753396987915,12,434,0,0,0
placement_task,test_task13,Put all bananas in the fridge,fixed,0,,example_task18,Put all apples in the fridge,0.6310110688209534,53,1794,0,1,1
placement_task,test_task13,Put all bananas in the fridge,none,0,,,,,0,0,,,
placement_task,test_task14,Put all bananas in the microwave,semantic,0,,example_task2,Put all bananas on the kitchentable,0.8097575902938843,12,489,1,0,0
placement_task,test_task14,Put all bananas in the microwave,random,0,17005949945236138733,example_task18,Put all apples in the fridge,0.4992021918296814,53,1794,0,1,0
placement_task,test_task14,Put all bananas in the microwave,random,1,13056374357697529948,example_task20,Put all apples in the microwave,0.7071243524551392,53,1878,0,1,1
placement_task,test_task14,Put all bananas in the microwave,random,2,12238209207618588249,example_task8,Put all bellpeppers in the microwave,0.6367419958114624,25,1000,0,1,1
placement_task,test_task14,Put all bananas in the microwave,fixed,0,,example_task18,Put all apples in the fridge,0.4992021918296814,53,1794,0,1,0
placement_task,test_task14,Put all bananas in the microwave,none,0,,,,,0,0,,,
placement_task,test_task15,Put all bananas in the microwave,semantic,0,,example_task2,Put all bananas on the kitchentable,0.8097575902938843,12,489,1,0,0
placement_task,test_task15,Put all bananas in the microwave,random,0,17232629871886245578,example_task30,Put all peaches on the oventray,0.4719223976135254,12,434,0,0,0
placement_task,test_task15,Put all bananas in the microwave,random,1,4232269968167244095,example_task23,Put all juices on the coffeetable,0.3581840991973877,8,323,0,0,0
placement_task,test_task15,Put all bananas in the microwave,random,2,15932004606639794511,example_task25,Put all juices in the microwave,0.6698318719863892,9,349,0,1,1
placement_task,test_task15,Put all bananas in the microwave,fixed,0,,example_task18,Put all apples in the fridge,0.4992021918296814,53,1794,0,1,0
placement_task,test_task15,Put all bananas in the microwave,none,0,,,,,0,0,,,
placement_task,test_task16,Put all bellpeppers in the fridge,semantic,0,,example_task8,Put all bellpeppers in the microwave,0.7915724515914917,25,1000,1,1,0
placement_task,test_task16,Put all bellpeppers in the fridge,random,0,12087582769878931142,example_task8,Put all bellpeppers in the microwave,0.7915724515914917,25,1000,1,1,0
placement_task,test_task16,Put all bellpeppers in the fridge,random,1,8630308032048525868,example_task10,Put all chips in the fridge,0.5910040140151978,9,330,0,1,1
placement_task,test_task16,Put all bellpeppers in the fridge,random,2,771658906388463746,example_task29,Put all cupcakes in the fridge,0.52806556224823,17,623,0,1,1
placement_task,test_task16,Put all bellpeppers in the fridge,fixed,0,,example_task18,Put all apples in the fridge,0.49719810485839844,53,1794,0,1,1
placement_task,test_task16,Put all bellpeppers in the fridge,none,0,,,,,0,0,,,
placement_task,test_task17,Put all bellpeppers in the fridge,semantic,0,,example_task8,Put all bellpeppers in the microwave,0.7915724515914917,25,1000,1,1,0
placement_task,test_task17,Put all bellpeppers in the fridge,random,0,8858004135772888617,example_task36,Put all crackers on the coffeetable,0.381204217672348,8,337,0,0,0
placement_task,test_task17,Put all bellpeppers in the fridge,random,1,2358546128380440266,example_task2,Put all bananas on the kitchentable,0.42343342304229736,12,489,0,0,0
placement_task,test_task17,Put all bellpeppers in the fridge,random,2,5235138726415157805,example_task27,Put all milks in the fridge,0.5026929378509521,9,324,0,1,1
placement_task,test_task17,Put all bellpeppers in the fridge,fixed,0,,example_task18,Put all apples in the fridge,0.49719810485839844,53,1794,0,1,1
placement_task,test_task17,Put all bellpeppers in the fridge,none,0,,,,,0,0,,,
placement_task,test_task18,Put all peaches in the fridge,semantic,0,,example_task30,Put all peaches on the oventray,0.7355716228485107,12,434,1,0,0
placement_task,test_task18,Put all peaches in the fridge,random,0,7616521848742318536,example_task10,Put all chips in the fridge,0.4878745675086975,9,330,0,1,1
placement_task,test_task18,Put all peaches in the fridge,random,1,11578917697829960758,example_task23,Put all juices on the coffeetable,0.38352200388908386,8,323,0,0,0
placement_task,test_task18,Put all peaches in the fridge,random,2,17792226211836057613,example_task20,Put all apples in the microwave,0.5814486742019653,53,1878,0,1,0
placement_task,test_task18,Put all peaches in the fridge,fixed,0,,example_task18,Put all apples in the fridge,0.6929860711097717,53,1794,0,1,1
placement_task,test_task18,Put all peaches in the fridge,none,0,,,,,0,0,,,
placement_task,test_task19,Put all peaches in the fridge,semantic,0,,example_task30,Put all peaches on the oventray,0.7355716228485107,12,434,1,0,0
placement_task,test_task19,Put all peaches in the fridge,random,0,6261780981602035663,example_task4,Put all plums on the kitchentable,0.493306040763855,8,321,0,0,0
placement_task,test_task19,Put all peaches in the fridge,random,1,10166725617609142012,example_task33,Put all plums on the oventray,0.4697346091270447,8,295,0,0,0
placement_task,test_task19,Put all peaches in the fridge,random,2,13700968695884935337,example_task36,Put all crackers on the coffeetable,0.2484697848558426,8,337,0,0,0
placement_task,test_task19,Put all peaches in the fridge,fixed,0,,example_task18,Put all apples in the fridge,0.6929860711097717,53,1794,0,1,1
placement_task,test_task19,Put all peaches in the fridge,none,0,,,,,0,0,,,
placement_task,test_task20,Put all peaches in the microwave,semantic,0,,example_task30,Put all peaches on the oventray,0.8025043606758118,12,434,1,0,0
placement_task,test_task20,Put all peaches in the microwave,random,0,5410540805176468637,example_task2,Put all bananas on the kitchentable,0.5087405443191528,12,489,0,0,0
placement_task,test_task20,Put all peaches in the microwave,random,1,2897798558509209373,example_task46,Put all milks on the kitchentable,0.4441092610359192,8,321,0,0,0
placement_task,test_task20,Put all peaches in the microwave,random,2,1082397902805556218,example_task18,Put all apples in the fridge,0.582320511341095,53,1794,0,1,0
placement_task,test_task20,Put all peaches in the microwave,fixed,0,,example_task18,Put all apples in the fridge,0.582320511341095,53,1794,0,1,0
placement_task,test_task20,Put all peaches in the microwave,none,0,,,,,0,0,,,
placement_task,test_task21,Put all peaches in the microwave,semantic,0,,example_task30,Put all peaches on the oventray,0.8025043606758118,12,434,1,0,0
placement_task,test_task21,Put all peaches in the microwave,random,0,13213915319013154202,example_task20,Put all apples in the microwave,0.7549737691879272,53,1878,0,1,1
placement_task,test_task21,Put all peaches in the microwave,random,1,11469996925170835942,example_task35,Put all chips on the coffeetable,0.3256065845489502,8,316,0,0,0
placement_task,test_task21,Put all peaches in the microwave,random,2,10651056873890949659,example_task4,Put all plums on the kitchentable,0.512611985206604,8,321,0,0,0
placement_task,test_task21,Put all peaches in the microwave,fixed,0,,example_task18,Put all apples in the fridge,0.582320511341095,53,1794,0,1,0
placement_task,test_task21,Put all peaches in the microwave,none,0,,,,,0,0,,,
placement_task,test_task22,Put all plums in the fridge,semantic,0,,example_task4,Put all plums on the kitchentable,0.7605376243591309,8,321,1,0,0
placement_task,test_task22,Put all plums in the fridge,random,0,12875141997328647693,example_task10,Put all chips in the fridge,0.4476289451122284,9,330,0,1,1
placement_task,test_task22,Put all plums in the fridge,random,1,11161722417635727558,example_task31,Put all peaches on the coffeetable,0.4306771457195282,12,455,0,0,0
placement_task,test_task22,Put all plums in the fridge,random,2,6683596583494099461,example_task8,Put all bellpeppers in the microwave,0.38970041275024414,25,1000,0,1,0
placement_task,test_task22,Put all plums in the fridge,fixed,0,,example_task18,Put all apples in the fridge,0.5405988097190857,53,1794,0,1,1
placement_task,test_task22,Put all plums in the fridge,none,0,,,,,0,0,,,
placement_task,test_task23,Put all plums in the fridge,semantic,0,,example_task4,Put all plums on the kitchentable,0.7605376243591309,8,321,1,0,0
placement_task,test_task23,Put all plums in the fridge,random,0,17755285991973780338,example_task31,Put all peaches on the coffeetable,0.4306771457195282,12,455,0,0,0
placement_task,test_task23,Put all plums in the fridge,random,1,16072883454521610050,example_task18,Put all apples in the fridge,0.5405988097190857,53,1794,0,1,1
placement_task,test_task23,Put all plums in the fridge,random,2,11111551190687065446,example_task10,Put all chips in the fridge,0.4476289451122284,9,330,0,1,1
placement_task,test_task23,Put all plums in the fridge,fixed,0,,example_task18,Put all apples in the fridge,0.5405988097190857,53,1794,0,1,1
placement_task,test_task23,Put all plums in the fridge,none,0,,,,,0,0,,,
placement_task,test_task24,Put all plums in the microwave,semantic,0,,example_task4,Put all plums on the kitchentable,0.7624219059944153,8,321,1,0,0
placement_task,test_task24,Put all plums in the microwave,random,0,13983053070941703406,example_task4,Put all plums on the kitchentable,0.7624219059944153,8,321,1,0,0
placement_task,test_task24,Put all plums in the microwave,random,1,13491531131417744942,example_task29,Put all cupcakes in the fridge,0.3558211922645569,17,623,0,1,0
placement_task,test_task24,Put all plums in the microwave,random,2,7226700884720388551,example_task25,Put all juices in the microwave,0.6511947512626648,9,349,0,1,1
placement_task,test_task24,Put all plums in the microwave,fixed,0,,example_task18,Put all apples in the fridge,0.44600459933280945,53,1794,0,1,0
placement_task,test_task24,Put all plums in the microwave,none,0,,,,,0,0,,,
placement_task,test_task25,Put all plums in the microwave,semantic,0,,example_task4,Put all plums on the kitchentable,0.7624219059944153,8,321,1,0,0
placement_task,test_task25,Put all plums in the microwave,random,0,10888074413691411287,example_task4,Put all plums on the kitchentable,0.7624219059944153,8,321,1,0,0
placement_task,test_task25,Put all plums in the microwave,random,1,311105680809176647,example_task33,Put all plums on the oventray,0.758360743522644,8,295,1,0,0
placement_task,test_task25,Put all plums in the microwave,random,2,428622525526511007,example_task23,Put all juices on the coffeetable,0.348026841878891,8,323,0,0,0
placement_task,test_task25,Put all plums in the microwave,fixed,0,,example_task18,Put all apples in the fridge,0.44600459933280945,53,1794,0,1,0
placement_task,test_task25,Put all plums in the microwave,none,0,,,,,0,0,,,
placement_task,test_task26,Put all peaches on the kitchentable,semantic,0,,example_task31,Put all peaches on the coffeetable,0.8913750648498535,12,455,1,1,0
placement_task,test_task26,Put all peaches on the kitchentable,random,0,13671326727690905386,example_task35,Put all chips on the coffeetable,0.5062432885169983,8,316,0,1,0
placement_task,test_task26,Put all peaches on the kitchentable,random,1,5344250406487560461,example_task4,Put all plums on the kitchentable,0.7309699058532715,8,321,0,1,1
placement_task,test_task26,Put all peaches on the kitchentable,random,2,3023384674130344976,example_task27,Put all milks in the fridge,0.3635699450969696,9,324,0,0,0
placement_task,test_task26,Put all peaches on the kitchentable,fixed,0,,example_task18,Put all apples in the fridge,0.5163190364837646,53,1794,0,0,0
placement_task,test_task26,Put all peaches on the kitchentable,none,0,,,,,0,0,,,
placement_task,test_task27,Put all creamybuns on the kitchentable,semantic,0,,example_task46,Put all milks on the kitchentable,0.7625018358230591,8,321,0,1,1
placement_task,test_task27,Put all creamybuns on the kitchentable,random,0,9886944034930843416,example_task8,Put all bellpeppers in the microwave,0.3962118923664093,25,1000,0,0,0
placement_task,test_task27,Put all creamybuns on the kitchentable,random,1,5622617458844462340,example_task35,Put all chips on the coffeetable,0.5249375104904175,8,316,0,1,0
placement_task,test_task27,Put all creamybuns on the kitchentable,random,2,13103343105097876870,example_task46,Put all milks on the kitchentable,0.7625018358230591,8,321,0,1,1
placement_task,test_task27,Put all creamybuns on the kitchentable,fixed,0,,example_task18,Put all apples in the fridge,0.31389153003692627,53,1794,0,0,0
placement_task,test_task27,Put all creamybuns on the kitchentable,none,0,,,,,0,0,,,
placement_task,test_task28,Put all chips on the kitchentable,semantic,0,,example_task35,Put all chips on the coffeetable,0.8499681353569031,8,316,1,1,0
placement_task,test_task28,Put all chips on the kitchentable,random,0,1793146792330527900,example_task4,Put all plums on the kitchentable,0.5392134189605713,8,321,0,1,1
placement_task,test_task28,Put all chips on the kitchentable,random,1,16916068780103466852,example_task18,Put all apples in the fridge,0.350268691778183,53,1794,0,0,0
placement_task,test_task28,Put all chips on the kitchentable,random,2,13225027440921938613,example_task4,Put all plums on the kitchentable,0.5392134189605713,8,321,0,1,1
placement_task,test_task28,Put all chips on the kitchentable,fixed,0,,example_task18,Put all apples in the fridge,0.350268691778183,53,1794,0,0,0
placement_task,test_task28,Put all chips on the kitchentable,none,0,,,,,0,0,,,
placement_task,test_task29,Put all peaches in the fridge,semantic,0,,example_task30,Put all peaches on the oventray,0.7355716228485107,12,434,1,0,0
placement_task,test_task29,Put all peaches in the fridge,random,0,8606463376767955740,example_task18,Put all apples in the fridge,0.6929860711097717,53,1794,0,1,1
placement_task,test_task29,Put all peaches in the fridge,random,1,11999360234560727145,example_task25,Put all juices in the microwave,0.5053437352180481,9,349,0,1,0
placement_task,test_task29,Put all peaches in the fridge,random,2,2895339776604793037,example_task20,Put all apples in the microwave,0.5814486742019653,53,1878,0,1,0
placement_task,test_task29,Put all peaches in the fridge,fixed,0,,example_task18,Put all apples in the fridge,0.6929860711097717,53,1794,0,1,1
placement_task,test_task29,Put all peaches in the fridge,none,0,,,,,0,0,,,
placement_task,test_task30,Put all peaches in the fridge,semantic,0,,example_task30,Put all peaches on the oventray,0.7355716228485107,12,434,1,0,0
placement_task,test_task30,Put all peaches in the fridge,random,0,7302540292948368236,example_task34,Put all plums on the coffeetable,0.4199450612068176,8,310,0,0,0
placement_task,test_task30,Put all peaches in the fridge,random,1,12133950660858090025,example_task15,Put all apples on the kitchentable,0.4816409945487976,20,756,0,0,0
placement_task,test_task30,Put all peaches in the fridge,random,2,18199714992587426887,example_task30,Put all peaches on the oventray,0.7355716228485107,12,434,1,0,0
placement_task,test_task30,Put all peaches in the fridge,fixed,0,,example_task18,Put all apples in the fridge,0.6929860711097717,53,1794,0,1,1
placement_task,test_task30,Put all peaches in the fridge,none,0,,,,,0,0,,,
placement_task,test_task31,Put all peaches in the microwave,semantic,0,,example_task30,Put all peaches on the oventray,0.8025043606758118,12,434,1,0,0
placement_task,test_task31,Put all peaches in the microwave,random,0,2322155662321276058,example_task18,Put all apples in the fridge,0.582320511341095,53,1794,0,1,0
placement_task,test_task31,Put all peaches in the microwave,random,1,18064608491960767566,example_task25,Put all juices in the microwave,0.683302104473114,9,349,0,1,1
placement_task,test_task31,Put all peaches in the microwave,random,2,14785267557621595719,example_task35,Put all chips on the coffeetable,0.3256065845489502,8,316,0,0,0
placement_task,test_task31,Put all peaches in the microwave,fixed,0,,example_task18,Put all apples in the fridge,0.582320511341095,53,1794,0,1,0
placement_task,test_task31,Put all peaches in the microwave,none,0,,,,,0,0,,,
placement_task,test_task32,Put all peaches in the microwave,semantic,0,,example_task30,Put all peaches on the oventray,0.8025043606758118,12,434,1,0,0
placement_task,test_task32,Put all peaches in the microwave,random,0,3012967880746000178,example_task36,Put all crackers on the coffeetable,0.3160223960876465,8,337,0,0,0
placement_task,test_task32,Put all peaches in the microwave,random,1,1825531777421590003,example_task1,Put all cupcakes on the kitchentable,0.3834277093410492,8,342,0,0,0
placement_task,test_task32,Put all peaches in the microwave,random,2,5954635806367302621,example_task30,Put all peaches on the oventray,0.8025043606758118,12,434,1,0,0
placement_task,test_task32,Put all peaches in the microwave,fixed,0,,example_task18,Put all apples in the fridge,0.582320511341095,53,1794,0,1,0
placement_task,test_task32,Put all peaches in the microwave,none,0,,,,,0,0,,,
placement_task,test_task33,Put all plums in the fridge,semantic,0,,example_task4,Put all plums on the kitchentable,0.7605376243591309,8,321,1,0,0
placement_task,test_task33,Put all plums in the fridge,random,0,6823068362514828709,example_task35,Put all chips on the coffeetable,0.1973825991153717,8,316,0,0,0
placement_task,test_task33,Put all plums in the fridge,random,1,18118618478987680276,example_task35,Put all chips on the coffeetable,0.1973825991153717,8,316,0,0,0
placement_task,test_task33,Put all plums in the fridge,random,2,8776151275686359435,example_task34,Put all plums on the coffeetable,0.6626298427581787,8,310,1,0,0
placement_task,test_task33,Put all plums in the fridge,fixed,0,,example_task18,Put all apples in the fridge,0.5405988097190857,53,1794,0,1,1
placement_task,test_task33,Put all plums in the fridge,none,0,,,,,0,0,,,
placement_task,test_task34,Put all plums in the fridge,semantic,0,,example_task4,Put all plums on the kitchentable,0.7605376243591309,8,321,1,0,0
placement_task,test_task34,Put all plums in the fridge,random,0,8860653908808115821,example_task18,Put all apples in the fridge,0.5405988097190857,53,1794,0,1,1
placement_task,test_task34,Put all plums in the fridge,random,1,18392222984270170786,example_task30,Put all peaches on the oventray,0.3933430314064026,12,434,0,0,0
placement_task,test_task34,Put all plums in the fridge,random,2,8501755796491992081,example_task34,Put all plums on the coffeetable,0.6626298427581787,8,310,1,0,0
placement_task,test_task34,Put all plums in the fridge,fixed,0,,example_task18,Put all apples in the fridge,0.5405988097190857,53,1794,0,1,1
placement_task,test_task34,Put all plums in the fridge,none,0,,,,,0,0,,,
placement_task,test_task35,Put all plums in the microwave,semantic,0,,example_task4,Put all plums on the kitchentable,0.7624219059944153,8,321,1,0,0
placement_task,test_task35,Put all plums in the microwave,random,0,13180817494210298815,example_task2,Put all bananas on the kitchentable,0.41025030612945557,12,489,0,0,0
placement_task,test_task35,Put all plums in the microwave,random,1,178201554910769417,example_task20,Put all apples in the microwave,0.6196686029434204,53,1878,0,1,1
placement_task,test_task35,Put all plums in the microwave,random,2,18044709638220305163,example_task36,Put all crackers on the coffeetable,0.32798701524734497,8,337,0,0,0
placement_task,test_task35,Put all plums in the microwave,fixed,0,,example_task18,Put all apples in the fridge,0.44600459933280945,53,1794,0,1,0
placement_task,test_task35,Put all plums in the microwave,none,0,,,,,0,0,,,
placement_task,test_task36,Put all plums in the microwave,semantic,0,,example_task4,Put all plums on the kitchentable,0.7624219059944153,8,321,1,0,0
placement_task,test_task36,Put all plums in the microwave,random,0,16817737949455767076,example_task27,Put all milks in the fridge,0.4768427014350891,9,324,0,1,0
placement_task,test_task36,Put all plums in the microwave,random,1,2648655075191710032,example_task36,Put all crackers on the coffeetable,0.32798701524734497,8,337,0,0,0
placement_task,test_task36,Put all plums in the microwave,random,2,10719412950615770026,example_task25,Put all juices in the microwave,0.6511947512626648,9,349,0,1,1
placement_task,test_task36,Put all plums in the microwave,fixed,0,,example_task18,Put all apples in the fridge,0.44600459933280945,53,1794,0,1,0
placement_task,test_task36,Put all plums in the microwave,none,0,,,,,0,0,,,
placement_task,test_task37,Put all creamybuns in the fridge,semantic,0,,example_task27,Put all milks in the fridge,0.6745225191116333,9,324,0,1,1
placement_task,test_task37,Put all creamybuns in the fridge,random,0,13506148299646781723,example_task30,Put all peaches on the oventray,0.3129458427429199,12,434,0,0,0
placement_task,test_task37,Put all creamybuns in the fridge,random,1,4976767790666494556,example_task18,Put all apples in the fridge,0.4790663421154022,53,1794,0,1,1
placement_task,test_task37,Put all creamybuns in the fridge,random,2,9531901500837823435,example_task1,Put all cupcakes on the kitchentable,0.41736486554145813,8,342,0,0,0
placement_task,test_task37,Put all creamybuns in the fridge,fixed,0,,example_task18,Put all apples in the fridge,0.4790663421154022,53,1794,0,1,1
placement_task,test_task37,Put all creamybuns in the fridge,none,0,,,,,0,0,,,
placement_task,test_task38,Put all creamybuns in the fridge,semantic,0,,example_task27,Put all milks in the fridge,0.6745225191116333,9,324,0,1,1
placement_task,test_task38,Put all creamybuns in the fridge,random,0,10435834031072462303,example_task31,Put all peaches on the coffeetable,0.4242428243160248,12,455,0,0,0
placement_task,test_task38,Put all creamybuns in the fridge,random,1,13201292189840365402,example_task25,Put all juices in the microwave,0.42006346583366394,9,349,0,1,0
placement_task,test_task38,Put all creamybuns in the fridge,random,2,3218662446727752151,example_task18,Put all apples in the fridge,0.4790663421154022,53,1794,0,1,1
placement_task,test_task38,Put all creamybuns in the fridge,fixed,0,,example_task18,Put all apples in the fridge,0.4790663421154022,53,1794,0,1,1
placement_task,test_task38,Put all creamybuns in the fridge,none,0,,,,,0,0,,,
placement_task,test_task39,Put all creamybuns in the microwave,semantic,0,,example_task8,Put all bellpeppers in the microwave,0.6402214765548706,25,1000,0,1,1
placement_task,test_task39,Put all creamybuns in the microwave,random,0,2628226667958939992,example_task10,Put all chips in the fridge,0.35369759798049927,9,330,0,1,0
placement_task,test_task39,Put all creamybuns in the microwave,random,1,1805095949118320017,example_task35,Put all chips on the coffeetable,0.36530742049217224,8,316,0,0,0
placement_task,test_task39,Put all creamybuns in the microwave,random,2,7885265142608767487,example_task15,Put all apples on the kitchentable,0.4296897053718567,20,756,0,0,0
placement_task,test_task39,Put all creamybuns in the microwave,fixed,0,,example_task18,Put all apples in the fridge,0.35911065340042114,53,1794,0,1,0
placement_task,test_task39,Put all creamybuns in the microwave,none,0,,,,,0,0,,,
placement_task,test_task40,Put all creamybuns in the microwave,semantic,0,,example_task8,Put all bellpeppers in the microwave,0.6402214765548706,25,1000,0,1,1
placement_task,test_task40,Put all creamybuns in the microwave,random,0,13870642524276487731,example_task18,Put all apples in the fridge,0.35911065340042114,53,1794,0,1,0
placement_task,test_task40,Put all creamybuns in the microwave,random,1,14780258380775623815,example_task1,Put all cupcakes on the kitchentable,0.45348209142684937,8,342,0,0,0
placement_task,test_task40,Put all creamybuns in the microwave,random,2,59503037139513246,example_task33,Put all plums on the oventray,0.42017441987991333,8,295,0,0,0
placement_task,test_task40,Put all creamybuns in the microwave,fixed,0,,example_task18,Put all apples in the fridge,0.35911065340042114,53,1794,0,1,0
placement_task,test_task40,Put all creamybuns in the microwave,none,0,,,,,0,0,,,
placement_task,test_task41,Put all chips in the microwave,semantic,0,,example_task10,Put all chips in the fridge,0.8086038827896118,9,330,1,1,0
placement_task,test_task41,Put all chips in the microwave,random,0,7895937726571288653,example_task10,Put all chips in the fridge,0.8086038827896118,9,330,1,1,0
placement_task,test_task41,Put all chips in the microwave,random,1,15475866086297045776,example_task4,Put all plums on the kitchentable,0.29301023483276367,8,321,0,0,0
placement_task,test_task41,Put all chips in the microwave,random,2,9349117178169597388,example_task33,Put all plums on the oventray,0.42138779163360596,8,295,0,0,0
placement_task,test_task41,Put all chips in the microwave,fixed,0,,example_task18,Put all apples in the fridge,0.40176376700401306,53,1794,0,1,0
placement_task,test_task41,Put all chips in the microwave,none,0,,,,,0,0,,,
placement_task,test_task42,Put all chips in the microwave,semantic,0,,example_task10,Put all chips in the fridge,0.8086038827896118,9,330,1,1,0
placement_task,test_task42,Put all chips in the microwave,random,0,6755065228097795376,example_task10,Put all chips in the fridge,0.8086038827896118,9,330,1,1,0
placement_task,test_task42,Put all chips in the microwave,random,1,5356288646751596104,example_task1,Put all cupcakes on the kitchentable,0.4379483759403229,8,342,0,0,0
placement_task,test_task42,Put all chips in the microwave,random,2,17902284984773761329,example_task25,Put all juices in the microwave,0.638617753982544,9,349,0,1,1
placement_task,test_task42,Put all chips in the microwave,fixed,0,,example_task18,Put all apples in the fridge,0.40176376700401306,53,1794,0,1,0
placement_task,test_task42,Put all chips in the microwave,none,0,,,,,0,0,,,
placement_task,test_task43,Put all milks on the coffeetable,semantic,0,,example_task46,Put all milks on the kitchentable,0.8616828322410583,8,321,1,1,0
placement_task,test_task43,Put all milks on the coffeetable,random,0,13814940754446328815,example_task30,Put all peaches on the oventray,0.2780536413192749,12,434,0,1,0
placement_task,test_task43,Put all milks on the coffeetable,random,1,10384895270256958795,example_task34,Put all plums on the coffeetable,0.7258982062339783,8,310,0,1,1
placement_task,test_task43,Put all milks on the coffeetable,random,2,6026958039509783808,example_task29,Put all cupcakes in the fridge,0.43090003728866577,17,623,0,0,0
placement_task,test_task43,Put all milks on the coffeetable,fixed,0,,example_task18,Put all apples in the fridge,0.33819741010665894,53,1794,0,0,0
placement_task,test_task43,Put all milks on the coffeetable,none,0,,,,,0,0,,,
placement_task,test_task44,Put all bananas on the oventray,semantic,0,,example_task2,Put all bananas on the kitchentable,0.772074282169342,12,489,1,1,0
placement_task,test_task44,Put all bananas on the oventray,random,0,14010841709730156316,example_task8,Put all bellpeppers in the microwave,0.5389314293861389,25,1000,0,0,0
placement_task,test_task44,Put all bananas on the oventray,random,1,9276461145048917350,example_task30,Put all peaches on the oventray,0.7534902095794678,12,434,0,1,1
placement_task,test_task44,Put all bananas on the oventray,random,2,2785578949661450291,example_task31,Put all peaches on the coffeetable,0.5005916357040405,12,455,0,1,0
placement_task,test_task44,Put all bananas on the oventray,fixed,0,,example_task18,Put all apples in the fridge,0.42987775802612305,53,1794,0,0,0
placement_task,test_task44,Put all bananas on the oventray,none,0,,,,,0,0,,,
placement_task,test_task45,Put all bananas on the coffeetable,semantic,0,,example_task2,Put all bananas on the kitchentable,0.8887988328933716,12,489,1,1,0
placement_task,test_task45,Put all bananas on the coffeetable,random,0,6848292749916230521,example_task36,Put all crackers on the coffeetable,0.6630212068557739,8,337,0,1,1
placement_task,test_task45,Put all bananas on the coffeetable,random,1,5529281709677320620,example_task1,Put all cupcakes on the kitchentable,0.5475272536277771,8,342,0,1,0
placement_task,test_task45,Put all bananas on the coffeetable,random,2,17566506184186123208,example_task27,Put all milks in the fridge,0.4006413221359253,9,324,0,0,0
placement_task,test_task45,Put all bananas on the coffeetable,fixed,0,,example_task18,Put all apples in the fridge,0.4127938747406006,53,1794,0,0,0
placement_task,test_task45,Put all bananas on the coffeetable,none,0,,,,,0,0,,,
placement_task,test_task46,Put all cupcakes on the coffeetable,semantic,0,,example_task1,Put all cupcakes on the kitchentable,0.9010488986968994,8,342,1,1,0
placement_task,test_task46,Put all cupcakes on the coffeetable,random,0,4395583483758290433,example_task35,Put all chips on the coffeetable,0.727117657661438,8,316,0,1,1
placement_task,test_task46,Put all cupcakes on the coffeetable,random,1,17817341525826038781,example_task18,Put all apples in the fridge,0.2944241166114807,53,1794,0,0,0
placement_task,test_task46,Put all cupcakes on the coffeetable,random,2,11819262315192831533,example_task2,Put all bananas on the kitchentable,0.5226147770881653,12,489,0,1,0
placement_task,test_task46,Put all cupcakes on the coffeetable,fixed,0,,example_task18,Put all apples in the fridge,0.2944241166114807,53,1794,0,0,0
placement_task,test_task46,Put all cupcakes on the coffeetable,none,0,,,,,0,0,,,
placement_task,test_task47,Put all juices in the fridge,semantic,0,,example_task25,Put all juices in the microwave,0.7675208449363708,9,349,1,1,0
placement_task,test_task47,Put all juices in the fridge,random,0,12685436262476867500,example_task10,Put all chips in the fridge,0.5541566610336304,9,330,0,1,1
placement_task,test_task47,Put all juices in the fridge,random,1,5708160902960935437,example_task30,Put all peaches on the oventray,0.40441423654556274,12,434,0,0,0
placement_task,test_task47,Put all juices in the fridge,random,2,9311341508503214618,example_task31,Put all peaches on the coffeetable,0.5071208477020264,12,455,0,0,0
placement_task,test_task47,Put all juices in the fridge,fixed,0,,example_task18,Put all apples in the fridge,0.6653808355331421,53,1794,0,1,1
placement_task,test_task47,Put all juices in the fridge,none,0,,,,,0,0,,,
placement_task,test_task48,Put all juices in the fridge,semantic,0,,example_task25,Put all juices in the microwave,0.7675208449363708,9,349,1,1,0
placement_task,test_task48,Put all juices in the fridge,random,0,583124477806227991,example_task4,Put all plums on the kitchentable,0.4211137294769287,8,321,0,0,0
placement_task,test_task48,Put all juices in the fridge,random,1,7898326962470569643,example_task8,Put all bellpeppers in the microwave,0.3908306360244751,25,1000,0,1,0
placement_task,test_task48,Put all juices in the fridge,random,2,15654551314942237308,example_task1,Put all cupcakes on the kitchentable,0.34661105275154114,8,342,0,0,0
placement_task,test_task48,Put all juices in the fridge,fixed,0,,example_task18,Put all apples in the fridge,0.6653808355331421,53,1794,0,1,1
placement_task,test_task48,Put all juices in the fridge,none,0,,,,,0,0,,,
placement_task,test_task49,Put all milks in the microwave,semantic,0,,example_task27,Put all milks in the fridge,0.7915211915969849,9,324,1,1,0
placement_task,test_task49,Put all milks in the microwave,random,0,15087588460154726168,example_task4,Put all plums on the kitchentable,0.36682090163230896,8,321,0,0,0
placement_task,test_task49,Put all milks in the microwave,random,1,9262003967405136603,example_task20,Put all apples in the microwave,0.6560136079788208,53,1878,0,1,1
placement_task,test_task49,Put all milks in the microwave,random,2,15495633546847942209,example_task35,Put all chips on the coffeetable,0.34364062547683716,8,316,0,0,0
placement_task,test_task49,Put all milks in the microwave,fixed,0,,example_task18,Put all apples in the fridge,0.43531548976898193,53,1794,0,1,0
placement_task,test_task49,Put all milks in the microwave,none,0,,,,,0,0,,,
placement_task,test_task50,Put all milks in the microwave,semantic,0,,example_task27,Put all milks in the fridge,0.7915211915969849,9,324,1,1,0
placement_task,test_task50,Put all milks in the microwave,random,0,4606632364321913868,example_task4,Put all plums on the kitchentable,0.36682090163230896,8,321,0,0,0
placement_task,test_task50,Put all milks in the microwave,random,1,1446059294517086819,example_task1,Put all cupcakes on the kitchentable,0.40229350328445435,8,342,0,0,0
placement_task,test_task50,Put all milks in the microwave,random,2,14499616442696265534,example_task4,Put all plums on the kitchentable,0.36682090163230896,8,321,0,0,0
placement_task,test_task50,Put all milks in the microwave,fixed,0,,example_task18,Put all apples in the fridge,0.43531548976898193,53,1794,0,1,0
placement_task,test_task50,Put all milks in the microwave,none,0,,,,,0,0,,,
placement_task,test_task51,Put all bananas in the fridge,semantic,0,,example_task2,Put all bananas on the kitchentable,0.7763677835464478,12,489,1,0,0
placement_task,test_task51,Put all bananas in the fridge,random,0,14275630011880449254,example_task30,Put all peaches on the oventray,0.36681753396987915,12,434,0,0,0
placement_task,test_task51,Put all bananas in the fridge,random,1,16745324479724378728,example_task29,Put all cupcakes in the fridge,0.475674569606781,17,623,0,1,1
placement_task,test_task51,Put all bananas in the fridge,random,2,15816606593495296840,example_task18,Put all apples in the fridge,0.6310110688209534,53,1794,0,1,1
placement_task,test_task51,Put all bananas in the fridge,fixed,0,,example_task18,Put all apples in the fridge,0.6310110688209534,53,1794,0,1,1
placement_task,test_task51,Put all bananas in the fridge,none,0,,,,,0,0,,,
placement_task,test_task52,Put all bananas in the fridge,semantic,0,,example_task2,Put all bananas on the kitchentable,0.7763677835464478,12,489,1,0,0
placement_task,test_task52,Put all bananas in the fridge,random,0,15707175395367156142,example_task30,Put all peaches on the oventray,0.36681753396987915,12,434,0,0,0
placement_task,test_task52,Put all bananas in the fridge,random,1,10546589744886374046,example_task20,Put all apples in the microwave,0.5124742984771729,53,1878,0,1,0
placement_task,test_task52,Put all bananas in the fridge,random,2,1930966705608105300,example_task33,Put all plums on the oventray,0.2658877968788147,8,295,0,0,0
placement_task,test_task52,Put all bananas in the fridge,fixed,0,,example_task18,Put all apples in the fridge,0.6310110688209534,53,1794,0,1,1
placement_task,test_task52,Put all bananas in the fridge,none,0,,,,,0,0,,,
placement_task,test_task53,Put all bananas in the microwave,semantic,0,,example_task2,Put all bananas on the kitchentable,0.8097575902938843,12,489,1,0,0
placement_task,test_task53,Put all bananas in the microwave,random,0,7533369420940767463,example_task8,Put all bellpeppers in the microwave,0.6367419958114624,25,1000,0,1,1
placement_task,test_task53,Put all bananas in the microwave,random,1,16065732057154647326,example_task4,Put all plums on the kitchentable,0.3561933636665344,8,321,0,0,0
placement_task,test_task53,Put all bananas in the microwave,random,2,7099265738711517459,example_task2,Put all bananas on the kitchentable,0.8097575902938843,12,489,1,0,0
placement_task,test_task53,Put all bananas in the microwave,fixed,0,,example_task18,Put all apples in the fridge,0.4992021918296814,53,1794,0,1,0
placement_task,test_task53,Put all bananas in the microwave,none,0,,,,,0,0,,,
placement_task,test_task54,Put all bananas in the microwave,semantic,0,,example_task2,Put all bananas on the kitchentable,0.8097575902938843,12,489,1,0,0
placement_task,test_task54,Put all bananas in the microwave,random,0,5155187680174455019,example_task1,Put all cupcakes on the kitchentable,0.38252758979797363,8,342,0,0,0
placement_task,test_task54,Put all bananas in the microwave,random,1,1446146765493069143,example_task15,Put all apples on the kitchentable,0.5057501792907715,20,756,0,0,0
placement_task,test_task54,Put all bananas in the microwave,random,2,913457106597463312,example_task15,Put all apples on the kitchentable,0.5057501792907715,20,756,0,0,0
placement_task,test_task54,Put all bananas in the microwave,fixed,0,,example_task18,Put all apples in the fridge,0.4992021918296814,53,1794,0,1,0
placement_task,test_task54,Put all bananas in the microwave,none,0,,,,,0,0,,,
placement_task,test_task55,Put all cupcakes in the microwave,semantic,0,,example_task29,Put all cupcakes in the fridge,0.8067172765731812,17,623,1,1,0
placement_task,test_task55,Put all cupcakes in the microwave,random,0,11370429981910384439,example_task34,Put all plums on the coffeetable,0.3516324460506439,8,310,0,0,0
placement_task,test_task55,Put all cupcakes in the microwave,random,1,18216044623014146354,example_task18,Put all apples in the fridge,0.38788795471191406,53,1794,0,1,0
placement_task,test_task55,Put all cupcakes in the microwave,random,2,14794457754851205502,example_task46,Put all milks on the kitchentable,0.48113998770713806,8,321,0,0,0
placement_task,test_task55,Put all cupcakes in the microwave,fixed,0,,example_task18,Put all apples in the fridge,0.38788795471191406,53,1794,0,1,0
placement_task,test_task55,Put all cupcakes in the microwave,none,0,,,,,0,0,,,
placement_task,test_task56,Put all cupcakes in the microwave,semantic,0,,example_task29,Put all cupcakes in the fridge,0.8067172765731812,17,623,1,1,0
placement_task,test_task56,Put all cupcakes in the microwave,random,0,598236446774757445,example_task30,Put all peaches on the oventray,0.47202637791633606,12,434,0,0,0
placement_task,test_task56,Put all cupcakes in the microwave,random,1,4658235976392439165,example_task2,Put all bananas on the kitchentable,0.4324660897254944,12,489,0,0,0
placement_task,test_task56,Put all cupcakes in the microwave,random,2,2660597154556817678,example_task20,Put all apples in the microwave,0.6199110746383667,53,1878,0,1,1
placement_task,test_task56,Put all cupcakes in the microwave,fixed,0,,example_task18,Put all apples in the fridge,0.38788795471191406,53,1794,0,1,0
placement_task,test_task56,Put all cupcakes in the microwave,none,0,,,,,0,0,,,
placement_task,test_task57,Put all peaches on the kitchentable,semantic,0,,example_task31,Put all peaches on the coffeetable,0.8913750648498535,12,455,1,1,0
placement_task,test_task57,Put all peaches on the kitchentable,random,0,1901667285448935128,example_task31,Put all peaches on the coffeetable,0.8913750648498535,12,455,1,1,0
placement_task,test_task57,Put all peaches on the kitchentable,random,1,6412174769188096066,example_task46,Put all milks on the kitchentable,0.6352269053459167,8,321,0,1,1
placement_task,test_task57,Put all peaches on the kitchentable,random,2,5418756210338334516,example_task29,Put all cupcakes in the fridge,0.39619842171669006,17,623,0,0,0
placement_task,test_task57,Put all peaches on the kitchentable,fixed,0,,example_task18,Put all apples in the fridge,0.5163190364837646,53,1794,0,0,0
placement_task,test_task57,Put all peaches on the kitchentable,none,0,,,,,0,0,,,
placement_task,test_task58,Put all crackers on the kitchentable,semantic,0,,example_task36,Put all crackers on the coffeetable,0.8729087710380554,8,337,1,1,0
placement_task,test_task58,Put all crackers on the kitchentable,random,0,14689989875874034573,example_task33,Put all plums on the oventray,0.39467382431030273,8,295,0,1,0
placement_task,test_task58,Put all crackers on the kitchentable,random,1,18058616473578398778,example_task31,Put all peaches on the coffeetable,0.5507874488830566,12,455,0,1,0
placement_task,test_task58,Put all crackers on the kitchentable,random,2,12869123603661578571,example_task20,Put all apples in the microwave,0.40099066495895386,53,1878,0,0,0
placement_task,test_task58,Put all crackers on the kitchentable,fixed,0,,example_task18,Put all apples in the fridge,0.3283722400665283,53,1794,0,0,0
placement_task,test_task58,Put all crackers on the kitchentable,none,0,,,,,0,0,,,
placement_task,test_task59,Put all cupcakes on the coffeetable,semantic,0,,example_task1,Put all cupcakes on the kitchentable,0.9010488986968994,8,342,1,1,0
placement_task,test_task59,Put all cupcakes on the coffeetable,random,0,8625111572287987859,example_task15,Put all apples on the kitchentable,0.5601747035980225,20,756,0,1,0
placement_task,test_task59,Put all cupcakes on the coffeetable,random,1,7247434321745938335,example_task2,Put all bananas on the kitchentable,0.5226147770881653,12,489,0,1,0
placement_task,test_task59,Put all cupcakes on the coffeetable,random,2,15568831191329888837,example_task18,Put all apples in the fridge,0.2944241166114807,53,1794,0,0,0
placement_task,test_task59,Put all cupcakes on the coffeetable,fixed,0,,example_task18,Put all apples in the fridge,0.2944241166114807,53,1794,0,0,0
placement_task,test_task59,Put all cupcakes on the coffeetable,none,0,,,,,0,0,,,
placement_task,test_task60,Put all peaches in the fridge,semantic,0,,example_task30,Put all peaches on the oventray,0.7355716228485107,12,434,1,0,0
placement_task,test_task60,Put all peaches in the fridge,random,0,12545419087840938677,example_task10,Put all chips in the fridge,0.4878745675086975,9,330,0,1,1
placement_task,test_task60,Put all peaches in the fridge,random,1,13422568804895934240,example_task20,Put all apples in the microwave,0.5814486742019653,53,1878,0,1,0
placement_task,test_task60,Put all peaches in the fridge,random,2,2721990266827256031,example_task29,Put all cupcakes in the fridge,0.4882126450538635,17,623,0,1,1
placement_task,test_task60,Put all peaches in the fridge,fixed,0,,example_task18,Put all apples in the fridge,0.6929860711097717,53,1794,0,1,1
placement_task,test_task60,Put all peaches in the fridge,none,0,,,,,0,0,,,
placement_task,test_task61,Put all peaches in the fridge,semantic,0,,example_task30,Put all peaches on the oventray,0.7355716228485107,12,434,1,0,0
placement_task,test_task61,Put all peaches in the fridge,random,0,814181878772012823,example_task1,Put all cupcakes on the kitchentable,0.32052454352378845,8,342,0,0,0
placement_task,test_task61,Put all peaches in the fridge,random,1,1336069459064849024,example_task29,Put all cupcakes in the fridge,0.4882126450538635,17,623,0,1,1
placement_task,test_task61,Put all peaches in the fridge,random,2,14345624576082605643,example_task1,Put all cupcakes on the kitchentable,0.32052454352378845,8,342,0,0,0
placement_task,test_task61,Put all peaches in the fridge,fixed,0,,example_task18,Put all apples in the fridge,0.6929860711097717,53,1794,0,1,1
placement_task,test_task61,Put all peaches in the fridge,none,0,,,,,0,0,,,
placement_task,test_task62,Put all peaches in the microwave,semantic,0,,example_task30,Put all peaches on the oventray,0.8025043606758118,12,434,1,0,0
placement_task,test_task62,Put all peaches in the microwave,random,0,12129574619368839524,example_task15,Put all apples on the kitchentable,0.5500251054763794,20,756,0,0,0
placement_task,test_task62,Put all peaches in the microwave,random,1,11387627485735913593,example_task31,Put all peaches on the coffeetable,0.7371182441711426,12,455,1,0,0
placement_task,test_task62,Put all peaches in the microwave,random,2,7611840138030862538,example_task23,Put all juices on the coffeetable,0.4085248112678528,8,323,0,0,0
placement_task,test_task62,Put all peaches in the microwave,fixed,0,,example_task18,Put all apples in the fridge,0.582320511341095,53,1794,0,1,0
placement_task,test_task62,Put all peaches in the microwave,none,0,,,,,0,0,,,
placement_task,test_task63,Put all peaches in the microwave,semantic,0,,example_task30,Put all peaches on the oventray,0.8025043606758118,12,434,1,0,0
placement_task,test_task63,Put all peaches in the microwave,random,0,16687254029496816316,example_task8,Put all bellpeppers in the microwave,0.6376652717590332,25,1000,0,1,1
placement_task,test_task63,Put all peaches in the microwave,random,1,1466703965712646156,example_task29,Put all cupcakes in the fridge,0.4128502905368805,17,623,0,1,0
placement_task,test_task63,Put all peaches in the microwave,random,2,18384779825302881872,example_task36,Put all crackers on the coffeetable,0.3160223960876465,8,337,0,0,0
placement_task,test_task63,Put all peaches in the microwave,fixed,0,,example_task18,Put all apples in the fridge,0.582320511341095,53,1794,0,1,0
placement_task,test_task63,Put all peaches in the microwave,none,0,,,,,0,0,,,
placement_task,test_task64,Put all plums in the fridge,semantic,0,,example_task4,Put all plums on the kitchentable,0.7605376243591309,8,321,1,0,0
placement_task,test_task64,Put all plums in the fridge,random,0,16537272739882024437,example_task46,Put all milks on the kitchentable,0.35744190216064453,8,321,0,0,0
placement_task,test_task64,Put all plums in the fridge,random,1,13673175248397005254,example_task35,Put all chips on the coffeetable,0.1973825991153717,8,316,0,0,0
placement_task,test_task64,Put all plums in the fridge,random,2,4108316470259995656,example_task1,Put all cupcakes on the kitchentable,0.24564076960086823,8,342,0,0,0
placement_task,test_task64,Put all plums in the fridge,fixed,0,,example_task18,Put all apples in the fridge,0.5405988097190857,53,1794,0,1,1
placement_task,test_task64,Put all plums in the fridge,none,0,,,,,0,0,,,
placement_task,test_task65,Put all plums in the fridge,semantic,0,,example_task4,Put all plums on the kitchentable,0.7605376243591309,8,321,1,0,0
placement_task,test_task65,Put all plums in the fridge,random,0,11217298511423450116,example_task34,Put all plums on the coffeetable,0.6626298427581787,8,310,1,0,0
placement_task,test_task65,Put all plums in the fridge,random,1,3197990986095841440,example_task2,Put all bananas on the kitchentable,0.3253479599952698,12,489,0,0,0
placement_task,test_task65,Put all plums in the fridge,random,2,9483667059588069507,example_task35,Put all chips on the coffeetable,0.1973825991153717,8,316,0,0,0
placement_task,test_task65,Put all plums in the fridge,fixed,0,,example_task18,Put all apples in the fridge,0.5405988097190857,53,1794,0,1,1
placement_task,test_task65,Put all plums in the fridge,none,0,,,,,0,0,,,
placement_task,test_task66,Put all plums in the microwave,semantic,0,,example_task4,Put all plums on the kitchentable,0.7624219059944153,8,321,1,0,0
placement_task,test_task66,Put all plums in the microwave,random,0,10616763209684483400,example_task15,Put all apples on the kitchentable,0.4266550540924072,20,756,0,0,0
placement_task,test_task66,Put all plums in the microwave,random,1,9372030068716349484,example_task18,Put all apples in the fridge,0.44600459933280945,53,1794,0,1,0
placement_task,test_task66,Put all plums in the microwave,random,2,12248057906913169888,example_task27,Put all milks in the fridge,0.4768427014350891,9,324,0,1,0
placement_task,test_task66,Put all plums in the microwave,fixed,0,,example_task18,Put all apples in the fridge,0.44600459933280945,53,1794,0,1,0
placement_task,test_task66,Put all plums in the microwave,none,0,,,,,0,0,,,
placement_task,test_task67,Put all plums in the microwave,semantic,0,,example_task4,Put all plums on the kitchentable,0.7624219059944153,8,321,1,0,0
placement_task,test_task67,Put all plums in the microwave,random,0,17099974128299889527,example_task29,Put all cupcakes in the fridge,0.3558211922645569,17,623,0,1,0
placement_task,test_task67,Put all plums in the microwave,random,1,17313576088153797641,example_task27,Put all milks in the fridge,0.4768427014350891,9,324,0,1,0
placement_task,test_task67,Put all plums in the microwave,random,2,15342123891490967183,example_task20,Put all apples in the microwave,0.6196686029434204,53,1878,0,1,1
placement_task,test_task67,Put all plums in the microwave,fixed,0,,example_task18,Put all apples in the fridge,0.44600459933280945,53,1794,0,1,0
placement_task,test_task67,Put all plums in the microwave,none,0,,,,,0,0,,,
placement_task,test_task68,Put all plums in the fryingpan,semantic,0,,example_task4,Put all plums on the kitchentable,0.7685154676437378,8,321,1,0,0
placement_task,test_task68,Put all plums in the fryingpan,random,0,3914365965471828437,example_task10,Put all chips in the fridge,0.3842812180519104,9,330,0,1,0
placement_task,test_task68,Put all plums in the fryingpan,random,1,12328070435534172149,example_task36,Put all crackers on the coffeetable,0.2987096309661865,8,337,0,0,0
placement_task,test_task68,Put all plums in the fryingpan,random,2,8792830013131602680,example_task18,Put all apples in the fridge,0.36234718561172485,53,1794,0,1,0
placement_task,test_task68,Put all plums in the fryingpan,fixed,0,,example_task18,Put all apples in the fridge,0.36234718561172485,53,1794,0,1,0
placement_task,test_task68,Put all plums in the fryingpan,none,0,,,,,0,0,,,
placement_task,test_task69,Put all crackers in the fridge,semantic,0,,example_task36,Put all crackers on the coffeetable,0.6907979846000671,8,337,1,0,0
placement_task,test_task69,Put all crackers in the fridge,random,0,3643364417098859835,example_task35,Put all chips on the coffeetable,0.36876195669174194,8,316,0,0,0
placement_task,test_task69,Put all crackers in the fridge,random,1,586746562240010577,example_task33,Put all plums on the oventray,0.3511672616004944,8,295,0,0,0
placement_task,test_task69,Put all crackers in the fridge,random,2,15786809022734260680,example_task27,Put all milks in the fridge,0.5877177715301514,9,324,0,1,1
placement_task,test_task69,Put all crackers in the fridge,fixed,0,,example_task18,Put all apples in the fridge,0.5201675891876221,53,1794,0,1,1
placement_task,test_task69,Put all crackers in the fridge,none,0,,,,,0,0,,,
placement_task,test_task70,Put all crackers in the fridge,semantic,0,,example_task36,Put all crackers on the coffeetable,0.6907979846000671,8,337,1,0,0
placement_task,test_task70,Put all crackers in the fridge,random,0,5393362942105972141,example_task46,Put all milks on the kitchentable,0.4187207818031311,8,321,0,0,0
placement_task,test_task70,Put all crackers in the fridge,random,1,5912373546961445399,example_task46,Put all milks on the kitchentable,0.4187207818031311,8,321,0,0,0
placement_task,test_task70,Put all crackers in the fridge,random,2,2198129050705171107,example_task8,Put all bellpeppers in the microwave,0.42966604232788086,25,1000,0,1,0
placement_task,test_task70,Put all crackers in the fridge,fixed,0,,example_task18,Put all apples in the fridge,0.5201675891876221,53,1794,0,1,1
placement_task,test_task70,Put all crackers in the fridge,none,0,,,,,0,0,,,
placement_task,test_task71,Put all crackers in the microwave,semantic,0,,example_task36,Put all crackers on the coffeetable,0.7075386047363281,8,337,1,0,0
placement_task,test_task71,Put all crackers in the microwave,random,0,12535093758310753569,example_task8,Put all bellpeppers in the microwave,0.66508549451828,25,1000,0,1,1
placement_task,test_task71,Put all crackers in the microwave,random,1,17391144263283495527,example_task20,Put all apples in the microwave,0.6074495911598206,53,1878,0,1,1
placement_task,test_task71,Put all crackers in the microwave,random,2,8050466611012497849,example_task8,Put all bellpeppers in the microwave,0.66508549451828,25,1000,0,1,1
placement_task,test_task71,Put all crackers in the microwave,fixed,0,,example_task18,Put all apples in the fridge,0.3970085084438324,53,1794,0,1,0
placement_task,test_task71,Put all crackers in the microwave,none,0,,,,,0,0,,,
placement_task,test_task72,Put all crackers in the microwave,semantic,0,,example_task36,Put all crackers on the coffeetable,0.7075386047363281,8,337,1,0,0
placement_task,test_task72,Put all crackers in the microwave,random,0,8834088536911834972,example_task35,Put all chips on the coffeetable,0.4372295141220093,8,316,0,0,0
placement_task,test_task72,Put all crackers in the microwave,random,1,9159451799843273469,example_task29,Put all cupcakes in the fridge,0.38255977630615234,17,623,0,1,0
placement_task,test_task72,Put all crackers in the microwave,random,2,9301069942208266561,example_task10,Put all chips in the fridge,0.5057944655418396,9,330,0,1,0
placement_task,test_task72,Put all crackers in the microwave,fixed,0,,example_task18,Put all apples in the fridge,0.3970085084438324,53,1794,0,1,0
placement_task,test_task72,Put all crackers in the microwave,none,0,,,,,0,0,,,
placement_task,test_task73,Put all cupcakes in the microwave,semantic,0,,example_task29,Put all cupcakes in the fridge,0.8067172765731812,17,623,1,1,0
placement_task,test_task73,Put all cupcakes in the microwave,random,0,5532203349906199338,example_task33,Put all plums on the oventray,0.3944246470928192,8,295,0,0,0
placement_task,test_task73,Put all cupcakes in the microwave,random,1,15184871085366844758,example_task25,Put all juices in the microwave,0.6437156200408936,9,349,0,1,1
placement_task,test_task73,Put all cupcakes in the microwave,random,2,11660510504210677220,example_task2,Put all bananas on the kitchentable,0.4324660897254944,12,489,0,0,0
placement_task,test_task73,Put all cupcakes in the microwave,fixed,0,,example_task18,Put all apples in the fridge,0.38788795471191406,53,1794,0,1,0
placement_task,test_task73,Put all cupcakes in the microwave,none,0,,,,,0,0,,,
placement_task,test_task74,Put all cupcakes in the microwave,semantic,0,,example_task29,Put all cupcakes in the fridge,0.8067172765731812,17,623,1,1,0
placement_task,test_task74,Put all cupcakes in the microwave,random,0,7658889062453778877,example_task36,Put all crackers on the coffeetable,0.3867335319519043,8,337,0,0,0
placement_task,test_task74,Put all cupcakes in the microwave,random,1,1657212233878745044,example_task35,Put all chips on the coffeetable,0.4506497383117676,8,316,0,0,0
placement_task,test_task74,Put all cupcakes in the microwave,random,2,6295105811943977574,example_task2,Put all bananas on the kitchentable,0.4324660897254944,12,489,0,0,0
placement_task,test_task74,Put all cupcakes in the microwave,fixed,0,,example_task18,Put all apples in the fridge,0.38788795471191406,53,1794,0,1,0
placement_task,test_task74,Put all cupcakes in the microwave,none,0,,,,,0,0,,,
placement_task,test_task75,Put all cupcakes on the desk,semantic,0,,example_task1,Put all cupcakes on the kitchentable,0.7782737016677856,8,342,1,1,0
placement_task,test_task75,Put all cupcakes on the desk,random,0,11579838764991894123,example_task4,Put all plums on the kitchentable,0.3294453024864197,8,321,0,1,0
placement_task,test_task75,Put all cupcakes on the desk,random,1,14239392934740045172,example_task2,Put all bananas on the kitchentable,0.41757529973983765,12,489,0,1,0
placement_task,test_task75,Put all cupcakes on the desk,random,2,17480013765768553182,example_task27,Put all milks in the fridge,0.3297477662563324,9,324,0,0,0
placement_task,test_task75,Put all cupcakes on the desk,fixed,0,,example_task18,Put all apples in the fridge,0.34514114260673523,53,1794,0,0,0
placement_task,test_task75,Put all cupcakes on the desk,none,0,,,,,0,0,,,
placement_task,test_task76,Put all bananas on the desk,semantic,0,,example_task2,Put all bananas on the kitchentable,0.7828474044799805,12,489,1,1,0
placement_task,test_task76,Put all bananas on the desk,random,0,16570290902481946637,example_task27,Put all milks in the fridge,0.35441625118255615,9,324,0,0,0
placement_task,test_task76,Put all bananas on the desk,random,1,15583303743354692913,example_task8,Put all bellpeppers in the microwave,0.3453208804130554,25,1000,0,0,0
placement_task,test_task76,Put all bananas on the desk,random,2,15006869730815041800,example_task10,Put all chips in the fridge,0.32529813051223755,9,330,0,0,0
placement_task,test_task76,Put all bananas on the desk,fixed,0,,example_task18,Put all apples in the fridge,0.4642829895019531,53,1794,0,0,0
placement_task,test_task76,Put all bananas on the desk,none,0,,,,,0,0,,,
placement_task,test_task77,Put all cupcakes in the microwave,semantic,0,,example_task29,Put all cupcakes in the fridge,0.8067172765731812,17,623,1,1,0
placement_task,test_task77,Put all cupcakes in the microwave,random,0,1388197773453977908,example_task34,Put all plums on the coffeetable,0.3516324460506439,8,310,0,0,0
placement_task,test_task77,Put all cupcakes in the microwave,random,1,5587670657649801643,example_task27,Put all milks in the fridge,0.43375635147094727,9,324,0,1,0
placement_task,test_task77,Put all cupcakes in the microwave,random,2,2238535069745667910,example_task23,Put all juices on the coffeetable,0.374824583530426,8,323,0,0,0
placement_task,test_task77,Put all cupcakes in the microwave,fixed,0,,example_task18,Put all apples in the fridge,0.38788795471191406,53,1794,0,1,0
placement_task,test_task77,Put all cupcakes in the microwave,none,0,,,,,0,0,,,
placement_task,test_task78,Put all cupcakes in the microwave,semantic,0,,example_task29,Put all cupcakes in the fridge,0.8067172765731812,17,623,1,1,0
placement_task,test_task78,Put all cupcakes in the microwave,random,0,11038022150222833875,example_task46,Put all milks on the kitchentable,0.48113998770713806,8,321,0,0,0
placement_task,test_task78,Put all cupcakes in the microwave,random,1,1528322504722469844,example_task15,Put all apples on the kitchentable,0.4418768286705017,20,756,0,0,0
placement_task,test_task78,Put all cupcakes in the microwave,random,2,2415686089710239619,example_task35,Put all chips on the coffeetable,0.4506497383117676,8,316,0,0,0
placement_task,test_task78,Put all cupcakes in the microwave,fixed,0,,example_task18,Put all apples in the fridge,0.38788795471191406,53,1794,0,1,0
placement_task,test_task78,Put all cupcakes in the microwave,none,0,,,,,0,0,,,
placement_task,test_task79,Put all bananas in the fridge,semantic,0,,example_task2,Put all bananas on the kitchentable,0.7763677835464478,12,489,1,0,0
placement_task,test_task79,Put all bananas in the fridge,random,0,1489123955359421936,example_task34,Put all plums on the coffeetable,0.31398314237594604,8,310,0,0,0
placement_task,test_task79,Put all bananas in the fridge,random,1,14205848865974431221,example_task34,Put all plums on the coffeetable,0.31398314237594604,8,310,0,0,0
placement_task,test_task79,Put all bananas in the fridge,random,2,11460401299175036825,example_task31,Put all peaches on the coffeetable,0.41226857900619507,12,455,0,0,0
placement_task,test_task79,Put all bananas in the fridge,fixed,0,,example_task18,Put all apples in the fridge,0.6310110688209534,53,1794,0,1,1
placement_task,test_task79,Put all bananas in the fridge,none,0,,,,,0,0,,,
placement_task,test_task80,Put all bananas in the fridge,semantic,0,,example_task2,Put all bananas on the kitchentable,0.7763677835464478,12,489,1,0,0
placement_task,test_task80,Put all bananas in the fridge,random,0,15646888683113651654,example_task25,Put all juices in the microwave,0.44789695739746094,9,349,0,1,0
placement_task,test_task80,Put all bananas in the fridge,random,1,2755306320894111121,example_task33,Put all plums on the oventray,0.2658877968788147,8,295,0,0,0
placement_task,test_task80,Put all bananas in the fridge,random,2,11499049973346504244,example_task2,Put all bananas on the kitchentable,0.7763677835464478,12,489,1,0,0
placement_task,test_task80,Put all bananas in the fridge,fixed,0,,example_task18,Put all apples in the fridge,0.6310110688209534,53,1794,0,1,1
placement_task,test_task80,Put all bananas in the fridge,none,0,,,,,0,0,,,
placement_task,test_task81,Put all bananas in the microwave,semantic,0,,example_task2,Put all bananas on the kitchentable,0.8097575902938843,12,489,1,0,0
placement_task,test_task81,Put all bananas in the microwave,random,0,261243308044501715,example_task18,Put all apples in the fridge,0.4992021918296814,53,1794,0,1,0
placement_task,test_task81,Put all bananas in the microwave,random,1,10128143279611163268,example_task27,Put all milks in the fridge,0.48968952894210815,9,324,0,1,0
placement_task,test_task81,Put all bananas in the microwave,random,2,3794308269838671484,example_task29,Put all cupcakes in the fridge,0.38436853885650635,17,623,0,1,0
placement_task,test_task81,Put all bananas in the microwave,fixed,0,,example_task18,Put all apples in the fridge,0.4992021918296814,53,1794,0,1,0
placement_task,test_task81,Put all bananas in the microwave,none,0,,,,,0,0,,,
placement_task,test_task82,Put all bananas in the microwave,semantic,0,,example_task2,Put all bananas on the kitchentable,0.8097575902938843,12,489,1,0,0
placement_task,test_task82,Put all bananas in the microwave,random,0,4609923673953832845,example_task20,Put all apples in the microwave,0.7071243524551392,53,1878,0,1,1
placement_task,test_task82,Put all bananas in the microwave,random,1,15109000917159686967,example_task46,Put all milks on the kitchentable,0.49378201365470886,8,321,0,0,0
placement_task,test_task82,Put all bananas in the microwave,random,2,17424217163626531623,example_task29,Put all cupcakes in the fridge,0.38436853885650635,17,623,0,1,0
placement_task,test_task82,Put all bananas in the microwave,fixed,0,,example_task18,Put all apples in the fridge,0.4992021918296814,53,1794,0,1,0
placement_task,test_task82,Put all bananas in the microwave,none,0,,,,,0,0,,,
placement_task,test_task83,Put all milks on the kitchencounter,semantic,0,,example_task46,Put all milks on the kitchentable,0.8339710235595703,8,321,1,1,0
placement_task,test_task83,Put all milks on the kitchencounter,random,0,3893500316487326506,example_task33,Put all plums on the oventray,0.3813989758491516,8,295,0,1,0
placement_task,test_task83,Put all milks on the kitchencounter,random,1,10696934465961171834,example_task46,Put all milks on the kitchentable,0.8339710235595703,8,321,1,1,0
placement_task,test_task83,Put all milks on the kitchencounter,random,2,4749449322000350447,example_task27,Put all milks in the fridge,0.7572528123855591,9,324,1,0,0
placement_task,test_task83,Put all milks on the kitchencounter,fixed,0,,example_task18,Put all apples in the fridge,0.4150710701942444,53,1794,0,0,0
placement_task,test_task83,Put all milks on the kitchencounter,none,0,,,,,0,0,,,
placement_task,test_task84,Put all milks on the cuttingboard,semantic,0,,example_task46,Put all milks on the kitchentable,0.7180633544921875,8,321,1,1,0
placement_task,test_task84,Put all milks on the cuttingboard,random,0,13780953768974430426,example_task27,Put all milks in the fridge,0.6777494549751282,9,324,1,0,0
placement_task,test_task84,Put all milks on the cuttingboard,random,1,59553925670197786,example_task27,Put all milks in the fridge,0.6777494549751282,9,324,1,0,0
placement_task,test_task84,Put all milks on the cuttingboard,random,2,2838106073389815859,example_task33,Put all plums on the oventray,0.3117258548736572,8,295,0,1,0
placement_task,test_task84,Put all milks on the cuttingboard,fixed,0,,example_task18,Put all apples in the fridge,0.32489240169525146,53,1794,0,0,0
placement_task,test_task84,Put all milks on the cuttingboard,none,0,,,,,0,0,,,
placement_task,test_task85,Put all milks on the desk,semantic,0,,example_task46,Put all milks on the kitchentable,0.718846321105957,8,321,1,1,0
placement_task,test_task85,Put all milks on the desk,random,0,454621099551499745,example_task33,Put all plums on the oventray,0.25778210163116455,8,295,0,1,0
placement_task,test_task85,Put all milks on the desk,random,1,8800789935623702223,example_task25,Put all juices in the microwave,0.4391038715839386,9,349,0,0,0
placement_task,test_task85,Put all milks on the desk,random,2,14584636883729411644,example_task2,Put all bananas on the kitchentable,0.4589451253414154,12,489,0,1,0
placement_task,test_task85,Put all milks on the desk,fixed,0,,example_task18,Put all apples in the fridge,0.4041053056716919,53,1794,0,0,0
placement_task,test_task85,Put all milks on the desk,none,0,,,,,0,0,,,
placement_task,test_task86,Put all milks in the microwave,semantic,0,,example_task27,Put all milks in the fridge,0.7915211915969849,9,324,1,1,0
placement_task,test_task86,Put all milks in the microwave,random,0,15510924863847822378,example_task18,Put all apples in the fridge,0.43531548976898193,53,1794,0,1,0
placement_task,test_task86,Put all milks in the microwave,random,1,17480532899685285054,example_task29,Put all cupcakes in the fridge,0.4457204341888428,17,623,0,1,0
placement_task,test_task86,Put all milks in the microwave,random,2,1422426965598093284,example_task10,Put all chips in the fridge,0.3871958255767822,9,330,0,1,0
placement_task,test_task86,Put all milks in the microwave,fixed,0,,example_task18,Put all apples in the fridge,0.43531548976898193,53,1794,0,1,0
placement_task,test_task86,Put all milks in the microwave,none,0,,,,,0,0,,,
placement_task,test_task87,Put all milks in the microwave,semantic,0,,example_task27,Put all milks in the fridge,0.7915211915969849,9,324,1,1,0
placement_task,test_task87,Put all milks in the microwave,random,0,15109119127767855691,example_task46,Put all milks on the kitchentable,0.7534511089324951,8,321,1,0,0
placement_task,test_task87,Put all milks in the microwave,random,1,11612896432036901683,example_task30,Put all peaches on the oventray,0.34053486585617065,12,434,0,0,0
placement_task,test_task87,Put all milks in the microwave,random,2,8882590391344771622,example_task10,Put all chips in the fridge,0.3871958255767822,9,330,0,1,0
placement_task,test_task87,Put all milks in the microwave,fixed,0,,example_task18,Put all apples in the fridge,0.43531548976898193,53,1794,0,1,0
placement_task,test_task87,Put all milks in the microwave,none,0,,,,,0,0,,,
placement_task,test_task88,Put all creamybuns on the kitchentable,semantic,0,,example_task46,Put all milks on the kitchentable,0.7625018358230591,8,321,0,1,1
placement_task,test_task88,Put all creamybuns on the kitchentable,random,0,6736940815404776477,example_task36,Put all crackers on the coffeetable,0.5385903120040894,8,337,0,1,0
placement_task,test_task88,Put all creamybuns on the kitchentable,random,1,1362792225197310401,example_task1,Put all cupcakes on the kitchentable,0.6637578010559082,8,342,0,1,1
placement_task,test_task88,Put all creamybuns on the kitchentable,random,2,5996211515697089072,example_task18,Put all apples in the fridge,0.31389153003692627,53,1794,0,0,0
placement_task,test_task88,Put all creamybuns on the kitchentable,fixed,0,,example_task18,Put all apples in the fridge,0.31389153003692627,53,1794,0,0,0
placement_task,test_task88,Put all creamybuns on the kitchentable,none,0,,,,,0,0,,,
placement_task,test_task89,Put all chips on the kitchentable,semantic,0,,example_task35,Put all chips on the coffeetable,0.8499681353569031,8,316,1,1,0
placement_task,test_task89,Put all chips on the kitchentable,random,0,9988295161814081962,example_task1,Put all cupcakes on the kitchentable,0.6630371809005737,8,342,0,1,1
placement_task,test_task89,Put all chips on the kitchentable,random,1,16030377533396536890,example_task25,Put all juices in the microwave,0.4325358271598816,9,349,0,0,0
placement_task,test_task89,Put all chips on the kitchentable,random,2,4764389330502280999,example_task46,Put all milks on the kitchentable,0.603728175163269,8,321,0,1,1
placement_task,test_task89,Put all chips on the kitchentable,fixed,0,,example_task18,Put all apples in the fridge,0.350268691778183,53,1794,0,0,0
placement_task,test_task89,Put all chips on the kitchentable,none,0,,,,,0,0,,,
placement_task,test_task90,Put all alcohols on the kitchentable,semantic,0,,example_task46,Put all milks on the kitchentable,0.6759195923805237,8,321,0,1,1
placement_task,test_task90,Put all alcohols on the kitchentable,random,0,3982114295428910473,example_task8,Put all bellpeppers in the microwave,0.41079384088516235,25,1000,0,0,0
placement_task,test_task90,Put all alcohols on the kitchentable,random,1,5641551605214351416,example_task1,Put all cupcakes on the kitchentable,0.6009794473648071,8,342,0,1,1
placement_task,test_task90,Put all alcohols on the kitchentable,random,2,12063040491343268086,example_task10,Put all chips in the fridge,0.359096497297287,9,330,0,0,0
placement_task,test_task90,Put all alcohols on the kitchentable,fixed,0,,example_task18,Put all apples in the fridge,0.30719026923179626,53,1794,0,0,0
placement_task,test_task90,Put all alcohols on the kitchentable,none,0,,,,,0,0,,,
placement_task,test_task91,Put all peaches on the kitchentable,semantic,0,,example_task31,Put all peaches on the coffeetable,0.8913750648498535,12,455,1,1,0
placement_task,test_task91,Put all peaches on the kitchentable,random,0,5059626779297551852,example_task8,Put all bellpeppers in the microwave,0.4649360179901123,25,1000,0,0,0
placement_task,test_task91,Put all peaches on the kitchentable,random,1,17840514473379831111,example_task20,Put all apples in the microwave,0.5838571786880493,53,1878,0,0,0
placement_task,test_task91,Put all peaches on the kitchentable,random,2,2024239453260135163,example_task20,Put all apples in the microwave,0.5838571786880493,53,1878,0,0,0
placement_task,test_task91,Put all peaches on the kitchentable,fixed,0,,example_task18,Put all apples in the fridge,0.5163190364837646,53,1794,0,0,0
placement_task,test_task91,Put all peaches on the kitchentable,none,0,,,,,0,0,,,
placement_task,test_task92,Put all creamybuns in the microwave,semantic,0,,example_task8,Put all bellpeppers in the microwave,0.6402214765548706,25,1000,0,1,1
placement_task,test_task92,Put all creamybuns in the microwave,random,0,14876719923271070627,example_task30,Put all peaches on the oventray,0.4083139896392822,12,434,0,0,0
placement_task,test_task92,Put all creamybuns in the microwave,random,1,15697254949285789702,example_task1,Put all cupcakes on the kitchentable,0.45348209142684937,8,342,0,0,0
placement_task,test_task92,Put all creamybuns in the microwave,random,2,8385778302847794240,example_task29,Put all cupcakes in the fridge,0.4208991229534149,17,623,0,1,0
placement_task,test_task92,Put all creamybuns in the microwave,fixed,0,,example_task18,Put all apples in the fridge,0.35911065340042114,53,1794,0,1,0
placement_task,test_task92,Put all creamybuns in the microwave,none,0,,,,,0,0,,,
placement_task,test_task93,Put all creamybuns in the microwave,semantic,0,,example_task8,Put all bellpeppers in the microwave,0.6402214765548706,25,1000,0,1,1
placement_task,test_task93,Put all creamybuns in the microwave,random,0,18004942224171641715,example_task33,Put all plums on the oventray,0.42017441987991333,8,295,0,0,0
placement_task,test_task93,Put all creamybuns in the microwave,random,1,11937067158192046632,example_task33,Put all plums on the oventray,0.42017441987991333,8,295,0,0,0
placement_task,test_task93,Put all creamybuns in the microwave,random,2,6807107744646731982,example_task10,Put all chips in the fridge,0.35369759798049927,9,330,0,1,0
placement_task,test_task93,Put all creamybuns in the microwave,fixed,0,,example_task18,Put all apples in the fridge,0.35911065340042114,53,1794,0,1,0
placement_task,test_task93,Put all creamybuns in the microwave,none,0,,,,,0,0,,,
placement_task,test_task94,Put all chips in the microwave,semantic,0,,example_task10,Put all chips in the fridge,0.8086038827896118,9,330,1,1,0
placement_task,test_task94,Put all chips in the microwave,random,0,1401872072721893115,example_task18,Put all apples in the fridge,0.40176376700401306,53,1794,0,1,0
placement_task,test_task94,Put all chips in the microwave,random,1,1611240641467538442,example_task1,Put all cupcakes on the kitchentable,0.4379483759403229,8,342,0,0,0
placement_task,test_task94,Put all chips in the microwave,random,2,16919057035980412159,example_task30,Put all peaches on the oventray,0.4799290895462036,12,434,0,0,0
placement_task,test_task94,Put all chips in the microwave,fixed,0,,example_task18,Put all apples in the fridge,0.40176376700401306,53,1794,0,1,0
placement_task,test_task94,Put all chips in the microwave,none,0,,,,,0,0,,,
placement_task,test_task95,Put all chips in the microwave,semantic,0,,example_task10,Put all chips in the fridge,0.8086038827896118,9,330,1,1,0
placement_task,test_task95,Put all chips in the microwave,random,0,14763980180778237429,example_task1,Put all cupcakes on the kitchentable,0.4379483759403229,8,342,0,0,0
placement_task,test_task95,Put all chips in the microwave,random,1,8114609108704060232,example_task20,Put all apples in the microwave,0.6360121965408325,53,1878,0,1,1
placement_task,test_task95,Put all chips in the microwave,random,2,3854327481129679423,example_task36,Put all crackers on the coffeetable,0.3965928256511688,8,337,0,0,0
placement_task,test_task95,Put all chips in the microwave,fixed,0,,example_task18,Put all apples in the fridge,0.40176376700401306,53,1794,0,1,0
placement_task,test_task95,Put all chips in the microwave,none,0,,,,,0,0,,,
placement_task,test_task96,Put all alcohols in the microwave,semantic,0,,example_task25,Put all juices in the microwave,0.7385367751121521,9,349,0,1,1
placement_task,test_task96,Put all alcohols in the microwave,random,0,8852976208621336973,example_task31,Put all peaches on the coffeetable,0.39721566438674927,12,455,0,0,0
placement_task,test_task96,Put all alcohols in the microwave,random,1,12870825442185450801,example_task27,Put all milks in the fridge,0.3943823575973511,9,324,0,1,0
placement_task,test_task96,Put all alcohols in the microwave,random,2,11400019389119101635,example_task10,Put all chips in the fridge,0.45159804821014404,9,330,0,1,0
placement_task,test_task96,Put all alcohols in the microwave,fixed,0,,example_task18,Put all apples in the fridge,0.3789350390434265,53,1794,0,1,0
placement_task,test_task96,Put all alcohols in the microwave,none,0,,,,,0,0,,,
placement_task,test_task97,Put all alcohols in the microwave,semantic,0,,example_task25,Put all juices in the microwave,0.7385367751121521,9,349,0,1,1
placement_task,test_task97,Put all alcohols in the microwave,random,0,6775764884549795382,example_task8,Put all bellpeppers in the microwave,0.6585888266563416,25,1000,0,1,1
placement_task,test_task97,Put all alcohols in the microwave,random,1,5762570471976425057,example_task18,Put all apples in the fridge,0.3789350390434265,53,1794,0,1,0
placement_task,test_task97,Put all alcohols in the microwave,random,2,8658834325222463265,example_task36,Put all crackers on the coffeetable,0.4216768741607666,8,337,0,0,0
placement_task,test_task97,Put all alcohols in the microwave,fixed,0,,example_task18,Put all apples in the fridge,0.3789350390434265,53,1794,0,1,0
placement_task,test_task97,Put all alcohols in the microwave,none,0,,,,,0,0,,,
placement_task,test_task98,Put all peaches in the microwave,semantic,0,,example_task30,Put all peaches on the oventray,0.8025043606758118,12,434,1,0,0
placement_task,test_task98,Put all peaches in the microwave,random,0,9414247937716687307,example_task23,Put all juices on the coffeetable,0.4085248112678528,8,323,0,0,0
placement_task,test_task98,Put all peaches in the microwave,random,1,5163449618466911094,example_task4,Put all plums on the kitchentable,0.512611985206604,8,321,0,0,0
placement_task,test_task98,Put all peaches in the microwave,random,2,14448095227627070476,example_task36,Put all crackers on the coffeetable,0.3160223960876465,8,337,0,0,0
placement_task,test_task98,Put all peaches in the microwave,fixed,0,,example_task18,Put all apples in the fridge,0.582320511341095,53,1794,0,1,0
placement_task,test_task98,Put all peaches in the microwave,none,0,,,,,0,0,,,
placement_task,test_task99,Put all peaches in the microwave,semantic,0,,example_task30,Put all peaches on the oventray,0.8025043606758118,12,434,1,0,0
placement_task,test_task99,Put all peaches in the microwave,random,0,16851308983432523820,example_task30,Put all peaches on the oventray,0.8025043606758118,12,434,1,0,0
placement_task,test_task99,Put all peaches in the microwave,random,1,3893331313224830633,example_task8,Put all bellpeppers in the microwave,0.6376652717590332,25,1000,0,1,1
placement_task,test_task99,Put all peaches in the microwave,random,2,4891857892331258393,example_task29,Put all cupcakes in the fridge,0.4128502905368805,17,623,0,1,0
placement_task,test_task99,Put all peaches in the microwave,fixed,0,,example_task18,Put all apples in the fridge,0.582320511341095,53,1794,0,1,0
placement_task,test_task99,Put all peaches in the microwave,none,0,,,,,0,0,,,
placement_task,test_task100,Put all plums in the microwave,semantic,0,,example_task4,Put all plums on the kitchentable,0.7624219059944153,8,321,1,0,0
placement_task,test_task100,Put all plums in the microwave,random,0,14611973923081136569,example_task30,Put all peaches on the oventray,0.4945877194404602,12,434,0,0,0
placement_task,test_task100,Put all plums in the microwave,random,1,2094595257061478755,example_task2,Put all bananas on the kitchentable,0.41025030612945557,12,489,0,0,0
placement_task,test_task100,Put all plums in the microwave,random,2,12550943517007024709,example_task23,Put all juices on the coffeetable,0.348026841878891,8,323,0,0,0
placement_task,test_task100,Put all plums in the microwave,fixed,0,,example_task18,Put all apples in the fridge,0.44600459933280945,53,1794,0,1,0
placement_task,test_task100,Put all plums in the microwave,none,0,,,,,0,0,,,
placement_task,test_task101,Put all plums in the microwave,semantic,0,,example_task4,Put all plums on the kitchentable,0.7624219059944153,8,321,1,0,0
placement_task,test_task101,Put all plums in the microwave,random,0,5807514875801728911,example_task30,Put all peaches on the oventray,0.4945877194404602,12,434,0,0,0
placement_task,test_task101,Put all plums in the microwave,random,1,7303734712773185225,example_task29,Put all cupcakes in the fridge,0.3558211922645569,17,623,0,1,0
placement_task,test_task101,Put all plums in the microwave,random,2,14304405553426155540,example_task15,Put all apples on the kitchentable,0.4266550540924072,20,756,0,0,0
placement_task,test_task101,Put all plums in the microwave,fixed,0,,example_task18,Put all apples in the fridge,0.44600459933280945,53,1794,0,1,0
placement_task,test_task101,Put all plums in the microwave,none,0,,,,,0,0,,,
placement_task,test_task102,Put all cupcakes in the microwave,semantic,0,,example_task29,Put all cupcakes in the fridge,0.8067172765731812,17,623,1,1,0
placement_task,test_task102,Put all cupcakes in the microwave,random,0,2369543451888533676,example_task36,Put all crackers on the coffeetable,0.3867335319519043,8,337,0,0,0
placement_task,test_task102,Put all cupcakes in the microwave,random,1,8755626942612384942,example_task18,Put all apples in the fridge,0.38788795471191406,53,1794,0,1,0
placement_task,test_task102,Put all cupcakes in the microwave,random,2,10470615127857838305,example_task4,Put all plums on the kitchentable,0.3303643763065338,8,321,0,0,0
placement_task,test_task102,Put all cupcakes in the microwave,fixed,0,,example_task18,Put all apples in the fridge,0.38788795471191406,53,1794,0,1,0
placement_task,test_task102,Put all cupcakes in the microwave,none,0,,,,,0,0,,,
placement_task,test_task103,Put all cupcakes in the microwave,semantic,0,,example_task29,Put all cupcakes in the fridge,0.8067172765731812,17,623,1,1,0
placement_task,test_task103,Put all cupcakes in the microwave,random,0,5740260179857033907,example_task8,Put all bellpeppers in the microwave,0.6356178522109985,25,1000,0,1,1
placement_task,test_task103,Put all cupcakes in the microwave,random,1,3847120827186773708,example_task4,Put all plums on the kitchentable,0.3303643763065338,8,321,0,0,0
placement_task,test_task103,Put all cupcakes in the microwave,random,2,1554936157570973514,example_task8,Put all bellpeppers in the microwave,0.6356178522109985,25,1000,0,1,1
placement_task,test_task103,Put all cupcakes in the microwave,fixed,0,,example_task18,Put all apples in the fridge,0.38788795471191406,53,1794,0,1,0
placement_task,test_task103,Put all cupcakes in the microwave,none,0,,,,,0,0,,,
