task_type,split,template,object,operation,destination,scene,initial_room,initial_states_json,n,task_ids,reference_n,reference_mean,reference_median,reference_q1,reference_q3,reference_min,reference_max,reference_sd_sample,reference_iqr
state_change_task,test,Turn {state} all {object},computers,off,,1,bathroom,"[{""id"": 174, ""states"": [""OFF""]}, {""id"": 433, ""states"": [""OFF""]}]",1,"[""test_task44""]",1,0,0.0,0.0,0.0,0,0,,0.0
state_change_task,test,Turn {state} all {object},computers,off,,1,bedroom,"[{""id"": 174, ""states"": [""ON""]}, {""id"": 433, ""states"": [""ON""]}]",1,"[""test_task41""]",1,4,4.0,4.0,4.0,4,4,,0.0
state_change_task,test,Turn {state} all {object},computers,off,,1,kitchen,"[{""id"": 174, ""states"": [""ON""]}, {""id"": 433, ""states"": [""OFF""]}]",1,"[""test_task42""]",1,2,2.0,2.0,2.0,2,2,,0.0
state_change_task,test,Turn {state} all {object},computers,off,,1,livingroom,"[{""id"": 174, ""states"": [""OFF""]}, {""id"": 433, ""states"": [""ON""]}]",1,"[""test_task43""]",1,2,2.0,2.0,2.0,2,2,,0.0
state_change_task,test,Turn {state} all {object},computers,off,,2,bathroom,"[{""id"": 94, ""states"": [""OFF""]}, {""id"": 295, ""states"": [""OFF""]}]",1,"[""test_task84""]",1,0,0.0,0.0,0.0,0,0,,0.0
state_change_task,test,Turn {state} all {object},computers,off,,2,bedroom,"[{""id"": 94, ""states"": [""OFF""]}, {""id"": 295, ""states"": [""ON""]}]",1,"[""test_task83""]",1,2,2.0,2.0,2.0,2,2,,0.0
state_change_task,test,Turn {state} all {object},computers,off,,2,kitchen,"[{""id"": 94, ""states"": [""ON""]}, {""id"": 295, ""states"": [""OFF""]}]",1,"[""test_task82""]",1,2,2.0,2.0,2.0,2,2,,0.0
state_change_task,test,Turn {state} all {object},computers,off,,2,kitchen,"[{""id"": 94, ""states"": [""ON""]}, {""id"": 295, ""states"": [""ON""]}]",1,"[""test_task81""]",1,4,4.0,4.0,4.0,4,4,,0.0
state_change_task,test,Turn {state} all {object},computers,off,,7,bedroom,"[{""id"": 274, ""states"": [""ON""]}, {""id"": 324, ""states"": [""OFF""]}]",1,"[""test_task310""]",1,2,2.0,2.0,2.0,2,2,,0.0
state_change_task,test,Turn {state} all {object},computers,off,,7,livingroom,"[{""id"": 274, ""states"": [""OFF""]}, {""id"": 324, ""states"": [""OFF""]}]",1,"[""test_task312""]",1,0,0.0,0.0,0.0,0,0,,0.0
state_change_task,test,Turn {state} all {object},computers,off,,7,livingroom,"[{""id"": 274, ""states"": [""OFF""]}, {""id"": 324, ""states"": [""ON""]}]",1,"[""test_task311""]",1,2,2.0,2.0,2.0,2,2,,0.0
state_change_task,test,Turn {state} all {object},computers,off,,7,livingroom,"[{""id"": 274, ""states"": [""ON""]}, {""id"": 324, ""states"": [""ON""]}]",1,"[""test_task309""]",1,4,4.0,4.0,4.0,4,4,,0.0
state_change_task,test,Turn {state} all {object},lightswitches,off,,1,bathroom,"[{""id"": 71, ""states"": [""OFF""]}, {""id"": 173, ""states"": [""OFF""]}, {""id"": 261, ""states"": [""OFF""]}, {""id"": 427, ""states"": [""ON""]}]",1,"[""test_task35""]",1,2,2.0,2.0,2.0,2,2,,0.0
state_change_task,test,Turn {state} all {object},lightswitches,off,,1,bathroom,"[{""id"": 71, ""states"": [""ON""]}, {""id"": 173, ""states"": [""OFF""]}, {""id"": 261, ""states"": [""ON""]}, {""id"": 427, ""states"": [""ON""]}]",1,"[""test_task25""]",1,6,6.0,6.0,6.0,6,6,,0.0
state_change_task,test,Turn {state} all {object},lightswitches,off,,1,bedroom,"[{""id"": 71, ""states"": [""OFF""]}, {""id"": 173, ""states"": [""OFF""]}, {""id"": 261, ""states"": [""ON""]}, {""id"": 427, ""states"": [""OFF""]}]",1,"[""test_task34""]",1,2,2.0,2.0,2.0,2,2,,0.0
state_change_task,test,Turn {state} all {object},lightswitches,off,,1,bedroom,"[{""id"": 71, ""states"": [""OFF""]}, {""id"": 173, ""states"": [""ON""]}, {""id"": 261, ""states"": [""OFF""]}, {""id"": 427, ""states"": [""ON""]}]",1,"[""test_task31""]",1,4,4.0,4.0,4.0,4,4,,0.0
state_change_task,test,Turn {state} all {object},lightswitches,off,,1,bedroom,"[{""id"": 71, ""states"": [""OFF""]}, {""id"": 173, ""states"": [""ON""]}, {""id"": 261, ""states"": [""ON""]}, {""id"": 427, ""states"": [""OFF""]}]",1,"[""test_task30""]",1,4,4.0,4.0,4.0,4,4,,0.0
state_change_task,test,Turn {state} all {object},lightswitches,off,,1,kitchen,"[{""id"": 71, ""states"": [""OFF""]}, {""id"": 173, ""states"": [""OFF""]}, {""id"": 261, ""states"": [""ON""]}, {""id"": 427, ""states"": [""ON""]}]",1,"[""test_task33""]",1,4,4.0,4.0,4.0,4,4,,0.0
state_change_task,test,Turn {state} all {object},lightswitches,off,,1,kitchen,"[{""id"": 71, ""states"": [""ON""]}, {""id"": 173, ""states"": [""OFF""]}, {""id"": 261, ""states"": [""OFF""]}, {""id"": 427, ""states"": [""ON""]}]",1,"[""test_task27""]",1,4,4.0,4.0,4.0,4,4,,0.0
state_change_task,test,Turn {state} all {object},lightswitches,off,,1,livingroom,"[{""id"": 71, ""states"": [""OFF""]}, {""id"": 173, ""states"": [""OFF""]}, {""id"": 261, ""states"": [""OFF""]}, {""id"": 427, ""states"": [""OFF""]}]",1,"[""test_task36""]",1,0,0.0,0.0,0.0,0,0,,0.0
state_change_task,test,Turn {state} all {object},lightswitches,off,,1,livingroom,"[{""id"": 71, ""states"": [""OFF""]}, {""id"": 173, ""states"": [""ON""]}, {""id"": 261, ""states"": [""OFF""]}, {""id"": 427, ""states"": [""OFF""]}]",1,"[""test_task32""]",1,2,2.0,2.0,2.0,2,2,,0.0
state_change_task,test,Turn {state} all {object},lightswitches,off,,1,livingroom,"[{""id"": 71, ""states"": [""OFF""]}, {""id"": 173, ""states"": [""ON""]}, {""id"": 261, ""states"": [""ON""]}, {""id"": 427, ""states"": [""ON""]}]",1,"[""test_task29""]",1,6,6.0,6.0,6.0,6,6,,0.0
state_change_task,test,Turn {state} all {object},lightswitches,off,,1,livingroom,"[{""id"": 71, ""states"": [""ON""]}, {""id"": 173, ""states"": [""OFF""]}, {""id"": 261, ""states"": [""OFF""]}, {""id"": 427, ""states"": [""OFF""]}]",1,"[""test_task28""]",1,2,2.0,2.0,2.0,2,2,,0.0
state_change_task,test,Turn {state} all {object},lightswitches,off,,1,livingroom,"[{""id"": 71, ""states"": [""ON""]}, {""id"": 173, ""states"": [""OFF""]}, {""id"": 261, ""states"": [""ON""]}, {""id"": 427, ""states"": [""OFF""]}]",1,"[""test_task26""]",1,4,4.0,4.0,4.0,4,4,,0.0
state_change_task,test,Turn {state} all {object},lightswitches,off,,1,livingroom,"[{""id"": 71, ""states"": [""ON""]}, {""id"": 173, ""states"": [""ON""]}, {""id"": 261, ""states"": [""OFF""]}, {""id"": 427, ""states"": [""OFF""]}]",1,"[""test_task24""]",1,4,4.0,4.0,4.0,4,4,,0.0
state_change_task,test,Turn {state} all {object},lightswitches,off,,1,livingroom,"[{""id"": 71, ""states"": [""ON""]}, {""id"": 173, ""states"": [""ON""]}, {""id"": 261, ""states"": [""OFF""]}, {""id"": 427, ""states"": [""ON""]}]",1,"[""test_task23""]",1,6,6.0,6.0,6.0,6,6,,0.0
state_change_task,test,Turn {state} all {object},lightswitches,off,,1,livingroom,"[{""id"": 71, ""states"": [""ON""]}, {""id"": 173, ""states"": [""ON""]}, {""id"": 261, ""states"": [""ON""]}, {""id"": 427, ""states"": [""OFF""]}]",1,"[""test_task22""]",1,6,6.0,6.0,6.0,6,6,,0.0
state_change_task,test,Turn {state} all {object},lightswitches,off,,1,livingroom,"[{""id"": 71, ""states"": [""ON""]}, {""id"": 173, ""states"": [""ON""]}, {""id"": 261, ""states"": [""ON""]}, {""id"": 427, ""states"": [""ON""]}]",1,"[""test_task21""]",1,8,8.0,8.0,8.0,8,8,,0.0
state_change_task,test,Turn {state} all {object},lightswitches,off,,2,bathroom,"[{""id"": 48, ""states"": [""OFF""]}, {""id"": 97, ""states"": [""OFF""]}, {""id"": 157, ""states"": [""OFF""]}, {""id"": 302, ""states"": [""ON""]}]",1,"[""test_task79""]",1,2,2.0,2.0,2.0,2,2,,0.0
state_change_task,test,Turn {state} all {object},lightswitches,off,,2,bathroom,"[{""id"": 48, ""states"": [""OFF""]}, {""id"": 97, ""states"": [""ON""]}, {""id"": 157, ""states"": [""OFF""]}, {""id"": 302, ""states"": [""OFF""]}]",1,"[""test_task76""]",1,2,2.0,2.0,2.0,2,2,,0.0
state_change_task,test,Turn {state} all {object},lightswitches,off,,2,bathroom,"[{""id"": 48, ""states"": [""OFF""]}, {""id"": 97, ""states"": [""ON""]}, {""id"": 157, ""states"": [""ON""]}, {""id"": 302, ""states"": [""OFF""]}]",1,"[""test_task74""]",1,4,4.0,4.0,4.0,4,4,,0.0
state_change_task,test,Turn {state} all {object},lightswitches,off,,2,bathroom,"[{""id"": 48, ""states"": [""ON""]}, {""id"": 97, ""states"": [""OFF""]}, {""id"": 157, ""states"": [""OFF""]}, {""id"": 302, ""states"": [""OFF""]}]",1,"[""test_task72""]",1,2,2.0,2.0,2.0,2,2,,0.0
state_change_task,test,Turn {state} all {object},lightswitches,off,,2,bathroom,"[{""id"": 48, ""states"": [""ON""]}, {""id"": 97, ""states"": [""OFF""]}, {""id"": 157, ""states"": [""OFF""]}, {""id"": 302, ""states"": [""ON""]}]",1,"[""test_task71""]",1,4,4.0,4.0,4.0,4,4,,0.0
state_change_task,test,Turn {state} all {object},lightswitches,off,,2,bedroom,"[{""id"": 48, ""states"": [""OFF""]}, {""id"": 97, ""states"": [""OFF""]}, {""id"": 157, ""states"": [""OFF""]}, {""id"": 302, ""states"": [""OFF""]}]",1,"[""test_task80""]",1,0,0.0,0.0,0.0,0,0,,0.0
state_change_task,test,Turn {state} all {object},lightswitches,off,,2,bedroom,"[{""id"": 48, ""states"": [""OFF""]}, {""id"": 97, ""states"": [""OFF""]}, {""id"": 157, ""states"": [""ON""]}, {""id"": 302, ""states"": [""OFF""]}]",1,"[""test_task78""]",1,2,2.0,2.0,2.0,2,2,,0.0
state_change_task,test,Turn {state} all {object},lightswitches,off,,2,bedroom,"[{""id"": 48, ""states"": [""ON""]}, {""id"": 97, ""states"": [""OFF""]}, {""id"": 157, ""states"": [""ON""]}, {""id"": 302, ""states"": [""ON""]}]",1,"[""test_task69""]",1,6,6.0,6.0,6.0,6,6,,0.0
state_change_task,test,Turn {state} all {object},lightswitches,off,,2,bedroom,"[{""id"": 48, ""states"": [""ON""]}, {""id"": 97, ""states"": [""ON""]}, {""id"": 157, ""states"": [""OFF""]}, {""id"": 302, ""states"": [""OFF""]}]",1,"[""test_task68""]",1,4,4.0,4.0,4.0,4,4,,0.0
state_change_task,test,Turn {state} all {object},lightswitches,off,,2,bedroom,"[{""id"": 48, ""states"": [""ON""]}, {""id"": 97, ""states"": [""ON""]}, {""id"": 157, ""states"": [""OFF""]}, {""id"": 302, ""states"": [""ON""]}]",1,"[""test_task67""]",1,6,6.0,6.0,6.0,6,6,,0.0
state_change_task,test,Turn {state} all {object},lightswitches,off,,2,kitchen,"[{""id"": 48, ""states"": [""OFF""]}, {""id"": 97, ""states"": [""ON""]}, {""id"": 157, ""states"": [""OFF""]}, {""id"": 302, ""states"": [""ON""]}]",1,"[""test_task75""]",1,4,4.0,4.0,4.0,4,4,,0.0
state_change_task,test,Turn {state} all {object},lightswitches,off,,2,kitchen,"[{""id"": 48, ""states"": [""OFF""]}, {""id"": 97, ""states"": [""ON""]}, {""id"": 157, ""states"": [""ON""]}, {""id"": 302, ""states"": [""ON""]}]",1,"[""test_task73""]",1,6,6.0,6.0,6.0,6,6,,0.0
state_change_task,test,Turn {state} all {object},lightswitches,off,,2,livingroom,"[{""id"": 48, ""states"": [""OFF""]}, {""id"": 97, ""states"": [""OFF""]}, {""id"": 157, ""states"": [""ON""]}, {""id"": 302, ""states"": [""ON""]}]",1,"[""test_task77""]",1,4,4.0,4.0,4.0,4,4,,0.0
state_change_task,test,Turn {state} all {object},lightswitches,off,,2,livingroom,"[{""id"": 48, ""states"": [""ON""]}, {""id"": 97, ""states"": [""OFF""]}, {""id"": 157, ""states"": [""ON""]}, {""id"": 302, ""states"": [""OFF""]}]",1,"[""test_task70""]",1,4,4.0,4.0,4.0,4,4,,0.0
state_change_task,test,Turn {state} all {object},lightswitches,off,,2,livingroom,"[{""id"": 48, ""states"": [""ON""]}, {""id"": 97, ""states"": [""ON""]}, {""id"": 157, ""states"": [""ON""]}, {""id"": 302, ""states"": [""OFF""]}]",1,"[""test_task66""]",1,6,6.0,6.0,6.0,6,6,,0.0
state_change_task,test,Turn {state} all {object},lightswitches,off,,2,livingroom,"[{""id"": 48, ""states"": [""ON""]}, {""id"": 97, ""states"": [""ON""]}, {""id"": 157, ""states"": [""ON""]}, {""id"": 302, ""states"": [""ON""]}]",1,"[""test_task65""]",1,8,8.0,8.0,8.0,8,8,,0.0
state_change_task,test,Turn {state} all {object},lightswitches,off,,3,bathroom,"[{""id"": 58, ""states"": [""OFF""]}, {""id"": 239, ""states"": [""OFF""]}, {""id"": 278, ""states"": [""ON""]}, {""id"": 344, ""states"": [""ON""]}, {""id"": 402, ""states"": [""OFF""]}]",1,"[""test_task146""]",1,4,4.0,4.0,4.0,4,4,,0.0
state_change_task,test,Turn {state} all {object},lightswitches,off,,3,bathroom,"[{""id"": 58, ""states"": [""OFF""]}, {""id"": 239, ""states"": [""ON""]}, {""id"": 278, ""states"": [""OFF""]}, {""id"": 344, ""states"": [""OFF""]}, {""id"": 402, ""states"": [""ON""]}]",1,"[""test_task143""]",1,4,4.0,4.0,4.0,4,4,,0.0
state_change_task,test,Turn {state} all {object},lightswitches,off,,3,bathroom,"[{""id"": 58, ""states"": [""ON""]}, {""id"": 239, ""states"": [""OFF""]}, {""id"": 278, ""states"": [""OFF""]}, {""id"": 344, ""states"": [""ON""]}, {""id"": 402, ""states"": [""ON""]}]",1,"[""test_task133""]",1,6,6.0,6.0,6.0,6,6,,0.0
state_change_task,test,Turn {state} all {object},lightswitches,off,,3,bathroom,"[{""id"": 58, ""states"": [""ON""]}, {""id"": 239, ""states"": [""OFF""]}, {""id"": 278, ""states"": [""ON""]}, {""id"": 344, ""states"": [""OFF""]}, {""id"": 402, ""states"": [""OFF""]}]",1,"[""test_task132""]",1,4,4.0,4.0,4.0,4,4,,0.0
state_change_task,test,Turn {state} all {object},lightswitches,off,,3,bathroom,"[{""id"": 58, ""states"": [""ON""]}, {""id"": 239, ""states"": [""OFF""]}, {""id"": 278, ""states"": [""ON""]}, {""id"": 344, ""states"": [""OFF""]}, {""id"": 402, ""states"": [""ON""]}]",1,"[""test_task131""]",1,6,6.0,6.0,6.0,6,6,,0.0
state_change_task,test,Turn {state} all {object},lightswitches,off,,3,bathroom,"[{""id"": 58, ""states"": [""ON""]}, {""id"": 239, ""states"": [""OFF""]}, {""id"": 278, ""states"": [""ON""]}, {""id"": 344, ""states"": [""ON""]}, {""id"": 402, ""states"": [""OFF""]}]",1,"[""test_task130""]",1,6,6.0,6.0,6.0,6,6,,0.0
state_change_task,test,Turn {state} all {object},lightswitches,off,,3,bathroom,"[{""id"": 58, ""states"": [""ON""]}, {""id"": 239, ""states"": [""ON""]}, {""id"": 278, ""states"": [""OFF""]}, {""id"": 344, ""states"": [""OFF""]}, {""id"": 402, ""states"": [""OFF""]}]",1,"[""test_task128""]",1,4,4.0,4.0,4.0,4,4,,0.0
state_change_task,test,Turn {state} all {object},lightswitches,off,,3,bathroom,"[{""id"": 58, ""states"": [""ON""]}, {""id"": 239, ""states"": [""ON""]}, {""id"": 278, ""states"": [""OFF""]}, {""id"": 344, ""states"": [""OFF""]}, {""id"": 402, ""states"": [""ON""]}]",1,"[""test_task127""]",1,6,6.0,6.0,6.0,6,6,,0.0
state_change_task,test,Turn {state} all {object},lightswitches,off,,3,bathroom,"[{""id"": 58, ""states"": [""ON""]}, {""id"": 239, ""states"": [""ON""]}, {""id"": 278, ""states"": [""OFF""]}, {""id"": 344, ""states"": [""ON""]}, {""id"": 402, ""states"": [""ON""]}]",1,"[""test_task125""]",1,8,8.0,8.0,8.0,8,8,,0.0
state_change_task,test,Turn {state} all {object},lightswitches,off,,3,bathroom,"[{""id"": 58, ""states"": [""ON""]}, {""id"": 239, ""states"": [""ON""]}, {""id"": 278, ""states"": [""ON""]}, {""id"": 344, ""states"": [""OFF""]}, {""id"": 402, ""states"": [""OFF""]}]",1,"[""test_task124""]",1,6,6.0,6.0,6.0,6,6,,0.0
state_change_task,test,Turn {state} all {object},lightswitches,off,,3,bathroom,"[{""id"": 58, ""states"": [""ON""]}, {""id"": 239, ""states"": [""ON""]}, {""id"": 278, ""states"": [""ON""]}, {""id"": 344, ""states"": [""ON""]}, {""id"": 402, ""states"": [""OFF""]}]",1,"[""test_task122""]",1,8,8.0,8.0,8.0,8,8,,0.0
state_change_task,test,Turn {state} all {object},lightswitches,off,,3,bedroom,"[{""id"": 58, ""states"": [""OFF""]}, {""id"": 239, ""states"": [""OFF""]}, {""id"": 278, ""states"": [""OFF""]}, {""id"": 344, ""states"": [""ON""]}, {""id"": 402, ""states"": [""ON""]}]",1,"[""test_task149""]",1,4,4.0,4.0,4.0,4,4,,0.0
state_change_task,test,Turn {state} all {object},lightswitches,off,,3,bedroom,"[{""id"": 58, ""states"": [""OFF""]}, {""id"": 239, ""states"": [""OFF""]}, {""id"": 278, ""states"": [""ON""]}, {""id"": 344, ""states"": [""OFF""]}, {""id"": 402, ""states"": [""OFF""]}]",1,"[""test_task148""]",1,2,2.0,2.0,2.0,2,2,,0.0
state_change_task,test,Turn {state} all {object},lightswitches,off,,3,bedroom,"[{""id"": 58, ""states"": [""OFF""]}, {""id"": 239, ""states"": [""ON""]}, {""id"": 278, ""states"": [""OFF""]}, {""id"": 344, ""states"": [""ON""]}, {""id"": 402, ""states"": [""OFF""]}]",1,"[""test_task142""]",1,4,4.0,4.0,4.0,4,4,,0.0
state_change_task,test,Turn {state} all {object},lightswitches,off,,3,bedroom,"[{""id"": 58, ""states"": [""OFF""]}, {""id"": 239, ""states"": [""ON""]}, {""id"": 278, ""states"": [""ON""]}, {""id"": 344, ""states"": [""OFF""]}, {""id"": 402, ""states"": [""OFF""]}]",1,"[""test_task140""]",1,4,4.0,4.0,4.0,4,4,,0.0
state_change_task,test,Turn {state} all {object},lightswitches,off,,3,bedroom,"[{""id"": 58, ""states"": [""OFF""]}, {""id"": 239, ""states"": [""ON""]}, {""id"": 278, ""states"": [""ON""]}, {""id"": 344, ""states"": [""ON""]}, {""id"": 402, ""states"": [""ON""]}]",1,"[""test_task137""]",1,8,8.0,8.0,8.0,8,8,,0.0
state_change_task,test,Turn {state} all {object},lightswitches,off,,3,bedroom,"[{""id"": 58, ""states"": [""ON""]}, {""id"": 239, ""states"": [""OFF""]}, {""id"": 278, ""states"": [""OFF""]}, {""id"": 344, ""states"": [""OFF""]}, {""id"": 402, ""states"": [""ON""]}]",1,"[""test_task135""]",1,4,4.0,4.0,4.0,4,4,,0.0
state_change_task,test,Turn {state} all {object},lightswitches,off,,3,bedroom,"[{""id"": 58, ""states"": [""ON""]}, {""id"": 239, ""states"": [""OFF""]}, {""id"": 278, ""states"": [""OFF""]}, {""id"": 344, ""states"": [""ON""]}, {""id"": 402, ""states"": [""OFF""]}]",1,"[""test_task134""]",1,4,4.0,4.0,4.0,4,4,,0.0
state_change_task,test,Turn {state} all {object},lightswitches,off,,3,kitchen,"[{""id"": 58, ""states"": [""OFF""]}, {""id"": 239, ""states"": [""OFF""]}, {""id"": 278, ""states"": [""OFF""]}, {""id"": 344, ""states"": [""ON""]}, {""id"": 402, ""states"": [""OFF""]}]",1,"[""test_task150""]",1,2,2.0,2.0,2.0,2,2,,0.0
state_change_task,test,Turn {state} all {object},lightswitches,off,,3,kitchen,"[{""id"": 58, ""states"": [""OFF""]}, {""id"": 239, ""states"": [""OFF""]}, {""id"": 278, ""states"": [""ON""]}, {""id"": 344, ""states"": [""OFF""]}, {""id"": 402, ""states"": [""ON""]}]",1,"[""test_task147""]",1,4,4.0,4.0,4.0,4,4,,0.0
state_change_task,test,Turn {state} all {object},lightswitches,off,,3,kitchen,"[{""id"": 58, ""states"": [""OFF""]}, {""id"": 239, ""states"": [""ON""]}, {""id"": 278, ""states"": [""OFF""]}, {""id"": 344, ""states"": [""OFF""]}, {""id"": 402, ""states"": [""OFF""]}]",1,"[""test_task144""]",1,2,2.0,2.0,2.0,2,2,,0.0
state_change_task,test,Turn {state} all {object},lightswitches,off,,3,kitchen,"[{""id"": 58, ""states"": [""OFF""]}, {""id"": 239, ""states"": [""ON""]}, {""id"": 278, ""states"": [""ON""]}, {""id"": 344, ""states"": [""OFF""]}, {""id"": 402, ""states"": [""ON""]}]",1,"[""test_task139""]",1,6,6.0,6.0,6.0,6,6,,0.0
state_change_task,test,Turn {state} all {object},lightswitches,off,,3,kitchen,"[{""id"": 58, ""states"": [""ON""]}, {""id"": 239, ""states"": [""ON""]}, {""id"": 278, ""states"": [""ON""]}, {""id"": 344, ""states"": [""OFF""]}, {""id"": 402, ""states"": [""ON""]}]",1,"[""test_task123""]",1,8,8.0,8.0,8.0,8,8,,0.0
state_change_task,test,Turn {state} all {object},lightswitches,off,,3,kitchen,"[{""id"": 58, ""states"": [""ON""]}, {""id"": 239, ""states"": [""ON""]}, {""id"": 278, ""states"": [""ON""]}, {""id"": 344, ""states"": [""ON""]}, {""id"": 402, ""states"": [""ON""]}]",1,"[""test_task121""]",1,10,10.0,10.0,10.0,10,10,,0.0
state_change_task,test,Turn {state} all {object},lightswitches,off,,3,livingroom,"[{""id"": 58, ""states"": [""OFF""]}, {""id"": 239, ""states"": [""OFF""]}, {""id"": 278, ""states"": [""OFF""]}, {""id"": 344, ""states"": [""OFF""]}, {""id"": 402, ""states"": [""OFF""]}]",1,"[""test_task152""]",1,0,0.0,0.0,0.0,0,0,,0.0
state_change_task,test,Turn {state} all {object},lightswitches,off,,3,livingroom,"[{""id"": 58, ""states"": [""OFF""]}, {""id"": 239, ""states"": [""OFF""]}, {""id"": 278, ""states"": [""OFF""]}, {""id"": 344, ""states"": [""OFF""]}, {""id"": 402, ""states"": [""ON""]}]",1,"[""test_task151""]",1,2,2.0,2.0,2.0,2,2,,0.0
state_change_task,test,Turn {state} all {object},lightswitches,off,,3,livingroom,"[{""id"": 58, ""states"": [""OFF""]}, {""id"": 239, ""states"": [""OFF""]}, {""id"": 278, ""states"": [""ON""]}, {""id"": 344, ""states"": [""ON""]}, {""id"": 402, ""states"": [""ON""]}]",1,"[""test_task145""]",1,6,6.0,6.0,6.0,6,6,,0.0
state_change_task,test,Turn {state} all {object},lightswitches,off,,3,livingroom,"[{""id"": 58, ""states"": [""OFF""]}, {""id"": 239, ""states"": [""ON""]}, {""id"": 278, ""states"": [""OFF""]}, {""id"": 344, ""states"": [""ON""]}, {""id"": 402, ""states"": [""ON""]}]",1,"[""test_task141""]",1,6,6.0,6.0,6.0,6,6,,0.0
state_change_task,test,Turn {state} all {object},lightswitches,off,,3,livingroom,"[{""id"": 58, ""states"": [""OFF""]}, {""id"": 239, ""states"": [""ON""]}, {""id"": 278, ""states"": [""ON""]}, {""id"": 344, ""states"": [""ON""]}, {""id"": 402, ""states"": [""OFF""]}]",1,"[""test_task138""]",1,6,6.0,6.0,6.0,6,6,,0.0
state_change_task,test,Turn {state} all {object},lightswitches,off,,3,livingroom,"[{""id"": 58, ""states"": [""ON""]}, {""id"": 239, ""states"": [""OFF""]}, {""id"": 278, ""states"": [""OFF""]}, {""id"": 344, ""states"": [""OFF""]}, {""id"": 402, ""states"": [""OFF""]}]",1,"[""test_task136""]",1,2,2.0,2.0,2.0,2,2,,0.0
state_change_task,test,Turn {state} all {object},lightswitches,off,,3,livingroom,"[{""id"": 58, ""states"": [""ON""]}, {""id"": 239, ""states"": [""OFF""]}, {""id"": 278, ""states"": [""ON""]}, {""id"": 344, ""states"": [""ON""]}, {""id"": 402, ""states"": [""ON""]}]",1,"[""test_task129""]",1,8,8.0,8.0,8.0,8,8,,0.0
state_change_task,test,Turn {state} all {object},lightswitches,off,,3,livingroom,"[{""id"": 58, ""states"": [""ON""]}, {""id"": 239, ""states"": [""ON""]}, {""id"": 278, ""states"": [""OFF""]}, {""id"": 344, ""states"": [""ON""]}, {""id"": 402, ""states"": [""OFF""]}]",1,"[""test_task126""]",1,6,6.0,6.0,6.0,6,6,,0.0
state_change_task,test,Turn {state} all {object},lightswitches,off,,4,bathroom,"[{""id"": 169, ""states"": [""OFF""]}, {""id"": 209, ""states"": [""OFF""]}, {""id"": 218, ""states"": [""OFF""]}, {""id"": 300, ""states"": [""ON""]}]",1,"[""test_task191""]",1,2,2.0,2.0,2.0,2,2,,0.0
state_change_task,test,Turn {state} all {object},lightswitches,off,,4,bathroom,"[{""id"": 169, ""states"": [""OFF""]}, {""id"": 209, ""states"": [""ON""]}, {""id"": 218, ""states"": [""ON""]}, {""id"": 300, ""states"": [""OFF""]}]",1,"[""test_task186""]",1,4,4.0,4.0,4.0,4,4,,0.0
state_change_task,test,Turn {state} all {object},lightswitches,off,,4,bathroom,"[{""id"": 169, ""states"": [""OFF""]}, {""id"": 209, ""states"": [""ON""]}, {""id"": 218, ""states"": [""ON""]}, {""id"": 300, ""states"": [""ON""]}]",1,"[""test_task185""]",1,6,6.0,6.0,6.0,6,6,,0.0
state_change_task,test,Turn {state} all {object},lightswitches,off,,4,bathroom,"[{""id"": 169, ""states"": [""ON""]}, {""id"": 209, ""states"": [""OFF""]}, {""id"": 218, ""states"": [""ON""]}, {""id"": 300, ""states"": [""ON""]}]",1,"[""test_task181""]",1,6,6.0,6.0,6.0,6,6,,0.0
state_change_task,test,Turn {state} all {object},lightswitches,off,,4,bedroom,"[{""id"": 169, ""states"": [""OFF""]}, {""id"": 209, ""states"": [""OFF""]}, {""id"": 218, ""states"": [""ON""]}, {""id"": 300, ""states"": [""ON""]}]",1,"[""test_task189""]",1,4,4.0,4.0,4.0,4,4,,0.0
state_change_task,test,Turn {state} all {object},lightswitches,off,,4,bedroom,"[{""id"": 169, ""states"": [""OFF""]}, {""id"": 209, ""states"": [""ON""]}, {""id"": 218, ""states"": [""OFF""]}, {""id"": 300, ""states"": [""OFF""]}]",1,"[""test_task188""]",1,2,2.0,2.0,2.0,2,2,,0.0
state_change_task,test,Turn {state} all {object},lightswitches,off,,4,kitchen,"[{""id"": 169, ""states"": [""OFF""]}, {""id"": 209, ""states"": [""ON""]}, {""id"": 218, ""states"": [""OFF""]}, {""id"": 300, ""states"": [""ON""]}]",1,"[""test_task187""]",1,4,4.0,4.0,4.0,4,4,,0.0
state_change_task,test,Turn {state} all {object},lightswitches,off,,4,kitchen,"[{""id"": 169, ""states"": [""ON""]}, {""id"": 209, ""states"": [""OFF""]}, {""id"": 218, ""states"": [""OFF""]}, {""id"": 300, ""states"": [""ON""]}]",1,"[""test_task183""]",1,4,4.0,4.0,4.0,4,4,,0.0
state_change_task,test,Turn {state} all {object},lightswitches,off,,4,kitchen,"[{""id"": 169, ""states"": [""ON""]}, {""id"": 209, ""states"": [""ON""]}, {""id"": 218, ""states"": [""OFF""]}, {""id"": 300, ""states"": [""OFF""]}]",1,"[""test_task180""]",1,4,4.0,4.0,4.0,4,4,,0.0
state_change_task,test,Turn {state} all {object},lightswitches,off,,4,kitchen,"[{""id"": 169, ""states"": [""ON""]}, {""id"": 209, ""states"": [""ON""]}, {""id"": 218, ""states"": [""ON""]}, {""id"": 300, ""states"": [""OFF""]}]",1,"[""test_task178""]",1,6,6.0,6.0,6.0,6,6,,0.0
state_change_task,test,Turn {state} all {object},lightswitches,off,,4,livingroom,"[{""id"": 169, ""states"": [""OFF""]}, {""id"": 209, ""states"": [""OFF""]}, {""id"": 218, ""states"": [""OFF""]}, {""id"": 300, ""states"": [""OFF""]}]",1,"[""test_task192""]",1,0,0.0,0.0,0.0,0,0,,0.0
state_change_task,test,Turn {state} all {object},lightswitches,off,,4,livingroom,"[{""id"": 169, ""states"": [""OFF""]}, {""id"": 209, ""states"": [""OFF""]}, {""id"": 218, ""states"": [""ON""]}, {""id"": 300, ""states"": [""OFF""]}]",1,"[""test_task190""]",1,2,2.0,2.0,2.0,2,2,,0.0
state_change_task,test,Turn {state} all {object},lightswitches,off,,4,livingroom,"[{""id"": 169, ""states"": [""ON""]}, {""id"": 209, ""states"": [""OFF""]}, {""id"": 218, ""states"": [""OFF""]}, {""id"": 300, ""states"": [""OFF""]}]",1,"[""test_task184""]",1,2,2.0,2.0,2.0,2,2,,0.0
state_change_task,test,Turn {state} all {object},lightswitches,off,,4,livingroom,"[{""id"": 169, ""states"": [""ON""]}, {""id"": 209, ""states"": [""OFF""]}, {""id"": 218, ""states"": [""ON""]}, {""id"": 300, ""states"": [""OFF""]}]",1,"[""test_task182""]",1,4,4.0,4.0,4.0,4,4,,0.0
state_change_task,test,Turn {state} all {object},lightswitches,off,,4,livingroom,"[{""id"": 169, ""states"": [""ON""]}, {""id"": 209, ""states"": [""ON""]}, {""id"": 218, ""states"": [""OFF""]}, {""id"": 300, ""states"": [""ON""]}]",1,"[""test_task179""]",1,6,6.0,6.0,6.0,6,6,,0.0
state_change_task,test,Turn {state} all {object},lightswitches,off,,4,livingroom,"[{""id"": 169, ""states"": [""ON""]}, {""id"": 209, ""states"": [""ON""]}, {""id"": 218, ""states"": [""ON""]}, {""id"": 300, ""states"": [""ON""]}]",1,"[""test_task177""]",1,8,8.0,8.0,8.0,8,8,,0.0
state_change_task,test,Turn {state} all {object},lightswitches,off,,5,bathroom,"[{""id"": 103, ""states"": [""OFF""]}, {""id"": 201, ""states"": [""OFF""]}, {""id"": 249, ""states"": [""ON""]}, {""id"": 366, ""states"": [""ON""]}]",1,"[""test_task229""]",1,4,4.0,4.0,4.0,4,4,,0.0
state_change_task,test,Turn {state} all {object},lightswitches,off,,5,bathroom,"[{""id"": 103, ""states"": [""OFF""]}, {""id"": 201, ""states"": [""ON""]}, {""id"": 249, ""states"": [""ON""]}, {""id"": 366, ""states"": [""OFF""]}]",1,"[""test_task226""]",1,4,4.0,4.0,4.0,4,4,,0.0
state_change_task,test,Turn {state} all {object},lightswitches,off,,5,bathroom,"[{""id"": 103, ""states"": [""ON""]}, {""id"": 201, ""states"": [""OFF""]}, {""id"": 249, ""states"": [""ON""]}, {""id"": 366, ""states"": [""ON""]}]",1,"[""test_task221""]",1,6,6.0,6.0,6.0,6,6,,0.0
state_change_task,test,Turn {state} all {object},lightswitches,off,,5,bathroom,"[{""id"": 103, ""states"": [""ON""]}, {""id"": 201, ""states"": [""ON""]}, {""id"": 249, ""states"": [""OFF""]}, {""id"": 366, ""states"": [""OFF""]}]",1,"[""test_task220""]",1,4,4.0,4.0,4.0,4,4,,0.0
state_change_task,test,Turn {state} all {object},lightswitches,off,,5,bedroom,"[{""id"": 103, ""states"": [""OFF""]}, {""id"": 201, ""states"": [""ON""]}, {""id"": 249, ""states"": [""OFF""]}, {""id"": 366, ""states"": [""OFF""]}]",1,"[""test_task228""]",1,2,2.0,2.0,2.0,2,2,,0.0
state_change_task,test,Turn {state} all {object},lightswitches,off,,5,bedroom,"[{""id"": 103, ""states"": [""ON""]}, {""id"": 201, ""states"": [""ON""]}, {""id"": 249, ""states"": [""ON""]}, {""id"": 366, ""states"": [""ON""]}]",1,"[""test_task217""]",1,8,8.0,8.0,8.0,8,8,,0.0
state_change_task,test,Turn {state} all {object},lightswitches,off,,5,kitchen,"[{""id"": 103, ""states"": [""OFF""]}, {""id"": 201, ""states"": [""OFF""]}, {""id"": 249, ""states"": [""OFF""]}, {""id"": 366, ""states"": [""ON""]}]",1,"[""test_task231""]",1,2,2.0,2.0,2.0,2,2,,0.0
state_change_task,test,Turn {state} all {object},lightswitches,off,,5,kitchen,"[{""id"": 103, ""states"": [""OFF""]}, {""id"": 201, ""states"": [""OFF""]}, {""id"": 249, ""states"": [""ON""]}, {""id"": 366, ""states"": [""OFF""]}]",1,"[""test_task230""]",1,2,2.0,2.0,2.0,2,2,,0.0
state_change_task,test,Turn {state} all {object},lightswitches,off,,5,kitchen,"[{""id"": 103, ""states"": [""ON""]}, {""id"": 201, ""states"": [""OFF""]}, {""id"": 249, ""states"": [""OFF""]}, {""id"": 366, ""states"": [""ON""]}]",1,"[""test_task223""]",1,4,4.0,4.0,4.0,4,4,,0.0
state_change_task,test,Turn {state} all {object},lightswitches,off,,5,kitchen,"[{""id"": 103, ""states"": [""ON""]}, {""id"": 201, ""states"": [""ON""]}, {""id"": 249, ""states"": [""OFF""]}, {""id"": 366, ""states"": [""ON""]}]",1,"[""test_task219""]",1,6,6.0,6.0,6.0,6,6,,0.0
state_change_task,test,Turn {state} all {object},lightswitches,off,,5,kitchen,"[{""id"": 103, ""states"": [""ON""]}, {""id"": 201, ""states"": [""ON""]}, {""id"": 249, ""states"": [""ON""]}, {""id"": 366, ""states"": [""OFF""]}]",1,"[""test_task218""]",1,6,6.0,6.0,6.0,6,6,,0.0
state_change_task,test,Turn {state} all {object},lightswitches,off,,5,livingroom,"[{""id"": 103, ""states"": [""OFF""]}, {""id"": 201, ""states"": [""OFF""]}, {""id"": 249, ""states"": [""OFF""]}, {""id"": 366, ""states"": [""OFF""]}]",1,"[""test_task232""]",1,0,0.0,0.0,0.0,0,0,,0.0
state_change_task,test,Turn {state} all {object},lightswitches,off,,5,livingroom,"[{""id"": 103, ""states"": [""OFF""]}, {""id"": 201, ""states"": [""ON""]}, {""id"": 249, ""states"": [""OFF""]}, {""id"": 366, ""states"": [""ON""]}]",1,"[""test_task227""]",1,4,4.0,4.0,4.0,4,4,,0.0
state_change_task,test,Turn {state} all {object},lightswitches,off,,5,livingroom,"[{""id"": 103, ""states"": [""OFF""]}, {""id"": 201, ""states"": [""ON""]}, {""id"": 249, ""states"": [""ON""]}, {""id"": 366, ""states"": [""ON""]}]",1,"[""test_task225""]",1,6,6.0,6.0,6.0,6,6,,0.0
state_change_task,test,Turn {state} all {object},lightswitches,off,,5,livingroom,"[{""id"": 103, ""states"": [""ON""]}, {""id"": 201, ""states"": [""OFF""]}, {""id"": 249, ""states"": [""OFF""]}, {""id"": 366, ""states"": [""OFF""]}]",1,"[""test_task224""]",1,2,2.0,2.0,2.0,2,2,,0.0
state_change_task,test,Turn {state} all {object},lightswitches,off,,5,livingroom,"[{""id"": 103, ""states"": [""ON""]}, {""id"": 201, ""states"": [""OFF""]}, {""id"": 249, ""states"": [""ON""]}, {""id"": 366, ""states"": [""OFF""]}]",1,"[""test_task222""]",1,4,4.0,4.0,4.0,4,4,,0.0
state_change_task,test,Turn {state} all {object},lightswitches,off,,6,bathroom,"[{""id"": 67, ""states"": [""OFF""]}, {""id"": 110, ""states"": [""OFF""]}, {""id"": 205, ""states"": [""ON""]}, {""id"": 315, ""states"": [""ON""]}]",1,"[""test_task269""]",1,4,4.0,4.0,4.0,4,4,,0.0
state_change_task,test,Turn {state} all {object},lightswitches,off,,6,bathroom,"[{""id"": 67, ""states"": [""ON""]}, {""id"": 110, ""states"": [""ON""]}, {""id"": 205, ""states"": [""ON""]}, {""id"": 315, ""states"": [""OFF""]}]",1,"[""test_task258""]",1,6,6.0,6.0,6.0,6,6,,0.0
state_change_task,test,Turn {state} all {object},lightswitches,off,,6,bathroom,"[{""id"": 67, ""states"": [""ON""]}, {""id"": 110, ""states"": [""ON""]}, {""id"": 205, ""states"": [""ON""]}, {""id"": 315, ""states"": [""ON""]}]",1,"[""test_task257""]",1,8,8.0,8.0,8.0,8,8,,0.0
state_change_task,test,Turn {state} all {object},lightswitches,off,,6,bedroom,"[{""id"": 67, ""states"": [""OFF""]}, {""id"": 110, ""states"": [""OFF""]}, {""id"": 205, ""states"": [""ON""]}, {""id"": 315, ""states"": [""OFF""]}]",1,"[""test_task270""]",1,2,2.0,2.0,2.0,2,2,,0.0
state_change_task,test,Turn {state} all {object},lightswitches,off,,6,bedroom,"[{""id"": 67, ""states"": [""ON""]}, {""id"": 110, ""states"": [""OFF""]}, {""id"": 205, ""states"": [""OFF""]}, {""id"": 315, ""states"": [""ON""]}]",1,"[""test_task263""]",1,4,4.0,4.0,4.0,4,4,,0.0
state_change_task,test,Turn {state} all {object},lightswitches,off,,6,bedroom,"[{""id"": 67, ""states"": [""ON""]}, {""id"": 110, ""states"": [""ON""]}, {""id"": 205, ""states"": [""OFF""]}, {""id"": 315, ""states"": [""OFF""]}]",1,"[""test_task260""]",1,4,4.0,4.0,4.0,4,4,,0.0
state_change_task,test,Turn {state} all {object},lightswitches,off,,6,kitchen,"[{""id"": 67, ""states"": [""OFF""]}, {""id"": 110, ""states"": [""ON""]}, {""id"": 205, ""states"": [""OFF""]}, {""id"": 315, ""states"": [""OFF""]}]",1,"[""test_task268""]",1,2,2.0,2.0,2.0,2,2,,0.0
state_change_task,test,Turn {state} all {object},lightswitches,off,,6,kitchen,"[{""id"": 67, ""states"": [""OFF""]}, {""id"": 110, ""states"": [""ON""]}, {""id"": 205, ""states"": [""OFF""]}, {""id"": 315, ""states"": [""ON""]}]",1,"[""test_task267""]",1,4,4.0,4.0,4.0,4,4,,0.0
state_change_task,test,Turn {state} all {object},lightswitches,off,,6,kitchen,"[{""id"": 67, ""states"": [""ON""]}, {""id"": 110, ""states"": [""OFF""]}, {""id"": 205, ""states"": [""OFF""]}, {""id"": 315, ""states"": [""OFF""]}]",1,"[""test_task264""]",1,2,2.0,2.0,2.0,2,2,,0.0
state_change_task,test,Turn {state} all {object},lightswitches,off,,6,kitchen,"[{""id"": 67, ""states"": [""ON""]}, {""id"": 110, ""states"": [""OFF""]}, {""id"": 205, ""states"": [""ON""]}, {""id"": 315, ""states"": [""OFF""]}]",1,"[""test_task262""]",1,4,4.0,4.0,4.0,4,4,,0.0
state_change_task,test,Turn {state} all {object},lightswitches,off,,6,kitchen,"[{""id"": 67, ""states"": [""ON""]}, {""id"": 110, ""states"": [""OFF""]}, {""id"": 205, ""states"": [""ON""]}, {""id"": 315, ""states"": [""ON""]}]",1,"[""test_task261""]",1,6,6.0,6.0,6.0,6,6,,0.0
state_change_task,test,Turn {state} all {object},lightswitches,off,,6,kitchen,"[{""id"": 67, ""states"": [""ON""]}, {""id"": 110, ""states"": [""ON""]}, {""id"": 205, ""states"": [""OFF""]}, {""id"": 315, ""states"": [""ON""]}]",1,"[""test_task259""]",1,6,6.0,6.0,6.0,6,6,,0.0
state_change_task,test,Turn {state} all {object},lightswitches,off,,6,livingroom,"[{""id"": 67, ""states"": [""OFF""]}, {""id"": 110, ""states"": [""OFF""]}, {""id"": 205, ""states"": [""OFF""]}, {""id"": 315, ""states"": [""OFF""]}]",1,"[""test_task272""]",1,0,0.0,0.0,0.0,0,0,,0.0
state_change_task,test,Turn {state} all {object},lightswitches,off,,6,livingroom,"[{""id"": 67, ""states"": [""OFF""]}, {""id"": 110, ""states"": [""OFF""]}, {""id"": 205, ""states"": [""OFF""]}, {""id"": 315, ""states"": [""ON""]}]",1,"[""test_task271""]",1,2,2.0,2.0,2.0,2,2,,0.0
state_change_task,test,Turn {state} all {object},lightswitches,off,,6,livingroom,"[{""id"": 67, ""states"": [""OFF""]}, {""id"": 110, ""states"": [""ON""]}, {""id"": 205, ""states"": [""ON""]}, {""id"": 315, ""states"": [""OFF""]}]",1,"[""test_task266""]",1,4,4.0,4.0,4.0,4,4,,0.0
state_change_task,test,Turn {state} all {object},lightswitches,off,,6,livingroom,"[{""id"": 67, ""states"": [""OFF""]}, {""id"": 110, ""states"": [""ON""]}, {""id"": 205, ""states"": [""ON""]}, {""id"": 315, ""states"": [""ON""]}]",1,"[""test_task265""]",1,6,6.0,6.0,6.0,6,6,,0.0
state_change_task,test,Turn {state} all {object},lightswitches,off,,7,bathroom,"[{""id"": 54, ""states"": [""OFF""]}, {""id"": 85, ""states"": [""OFF""]}, {""id"": 277, ""states"": [""ON""]}, {""id"": 332, ""states"": [""ON""]}]",1,"[""test_task305""]",1,4,4.0,4.0,4.0,4,4,,0.0
state_change_task,test,Turn {state} all {object},lightswitches,off,,7,bathroom,"[{""id"": 54, ""states"": [""OFF""]}, {""id"": 85, ""states"": [""ON""]}, {""id"": 277, ""states"": [""OFF""]}, {""id"": 332, ""states"": [""OFF""]}]",1,"[""test_task304""]",1,2,2.0,2.0,2.0,2,2,,0.0
state_change_task,test,Turn {state} all {object},lightswitches,off,,7,bathroom,"[{""id"": 54, ""states"": [""OFF""]}, {""id"": 85, ""states"": [""ON""]}, {""id"": 277, ""states"": [""ON""]}, {""id"": 332, ""states"": [""OFF""]}]",1,"[""test_task302""]",1,4,4.0,4.0,4.0,4,4,,0.0
state_change_task,test,Turn {state} all {object},lightswitches,off,,7,bedroom,"[{""id"": 54, ""states"": [""OFF""]}, {""id"": 85, ""states"": [""OFF""]}, {""id"": 277, ""states"": [""OFF""]}, {""id"": 332, ""states"": [""OFF""]}]",1,"[""test_task308""]",1,0,0.0,0.0,0.0,0,0,,0.0
state_change_task,test,Turn {state} all {object},lightswitches,off,,7,bedroom,"[{""id"": 54, ""states"": [""OFF""]}, {""id"": 85, ""states"": [""ON""]}, {""id"": 277, ""states"": [""OFF""]}, {""id"": 332, ""states"": [""ON""]}]",1,"[""test_task303""]",1,4,4.0,4.0,4.0,4,4,,0.0
state_change_task,test,Turn {state} all {object},lightswitches,off,,7,bedroom,"[{""id"": 54, ""states"": [""OFF""]}, {""id"": 85, ""states"": [""ON""]}, {""id"": 277, ""states"": [""ON""]}, {""id"": 332, ""states"": [""ON""]}]",1,"[""test_task301""]",1,6,6.0,6.0,6.0,6,6,,0.0
state_change_task,test,Turn {state} all {object},lightswitches,off,,7,bedroom,"[{""id"": 54, ""states"": [""ON""]}, {""id"": 85, ""states"": [""OFF""]}, {""id"": 277, ""states"": [""ON""]}, {""id"": 332, ""states"": [""OFF""]}]",1,"[""test_task298""]",1,4,4.0,4.0,4.0,4,4,,0.0
state_change_task,test,Turn {state} all {object},lightswitches,off,,7,bedroom,"[{""id"": 54, ""states"": [""ON""]}, {""id"": 85, ""states"": [""ON""]}, {""id"": 277, ""states"": [""ON""]}, {""id"": 332, ""states"": [""OFF""]}]",1,"[""test_task294""]",1,6,6.0,6.0,6.0,6,6,,0.0
state_change_task,test,Turn {state} all {object},lightswitches,off,,7,kitchen,"[{""id"": 54, ""states"": [""ON""]}, {""id"": 85, ""states"": [""ON""]}, {""id"": 277, ""states"": [""OFF""]}, {""id"": 332, ""states"": [""OFF""]}]",1,"[""test_task296""]",1,4,4.0,4.0,4.0,4,4,,0.0
state_change_task,test,Turn {state} all {object},lightswitches,off,,7,kitchen,"[{""id"": 54, ""states"": [""ON""]}, {""id"": 85, ""states"": [""ON""]}, {""id"": 277, ""states"": [""OFF""]}, {""id"": 332, ""states"": [""ON""]}]",1,"[""test_task295""]",1,6,6.0,6.0,6.0,6,6,,0.0
state_change_task,test,Turn {state} all {object},lightswitches,off,,7,livingroom,"[{""id"": 54, ""states"": [""OFF""]}, {""id"": 85, ""states"": [""OFF""]}, {""id"": 277, ""states"": [""OFF""]}, {""id"": 332, ""states"": [""ON""]}]",1,"[""test_task307""]",1,2,2.0,2.0,2.0,2,2,,0.0
state_change_task,test,Turn {state} all {object},lightswitches,off,,7,livingroom,"[{""id"": 54, ""states"": [""OFF""]}, {""id"": 85, ""states"": [""OFF""]}, {""id"": 277, ""states"": [""ON""]}, {""id"": 332, ""states"": [""OFF""]}]",1,"[""test_task306""]",1,2,2.0,2.0,2.0,2,2,,0.0
state_change_task,test,Turn {state} all {object},lightswitches,off,,7,livingroom,"[{""id"": 54, ""states"": [""ON""]}, {""id"": 85, ""states"": [""OFF""]}, {""id"": 277, ""states"": [""OFF""]}, {""id"": 332, ""states"": [""OFF""]}]",1,"[""test_task300""]",1,2,2.0,2.0,2.0,2,2,,0.0
state_change_task,test,Turn {state} all {object},lightswitches,off,,7,livingroom,"[{""id"": 54, ""states"": [""ON""]}, {""id"": 85, ""states"": [""OFF""]}, {""id"": 277, ""states"": [""OFF""]}, {""id"": 332, ""states"": [""ON""]}]",1,"[""test_task299""]",1,4,4.0,4.0,4.0,4,4,,0.0
state_change_task,test,Turn {state} all {object},lightswitches,off,,7,livingroom,"[{""id"": 54, ""states"": [""ON""]}, {""id"": 85, ""states"": [""OFF""]}, {""id"": 277, ""states"": [""ON""]}, {""id"": 332, ""states"": [""ON""]}]",1,"[""test_task297""]",1,6,6.0,6.0,6.0,6,6,,0.0
state_change_task,test,Turn {state} all {object},lightswitches,off,,7,livingroom,"[{""id"": 54, ""states"": [""ON""]}, {""id"": 85, ""states"": [""ON""]}, {""id"": 277, ""states"": [""ON""]}, {""id"": 332, ""states"": [""ON""]}]",1,"[""test_task293""]",1,8,8.0,8.0,8.0,8,8,,0.0
state_change_task,test,Turn {state} all {object},lightswitches,on,,1,bathroom,"[{""id"": 71, ""states"": [""OFF""]}, {""id"": 173, ""states"": [""OFF""]}, {""id"": 261, ""states"": [""OFF""]}, {""id"": 427, ""states"": [""ON""]}]",1,"[""test_task15""]",1,6,6.0,6.0,6.0,6,6,,0.0
state_change_task,test,Turn {state} all {object},lightswitches,on,,1,bathroom,"[{""id"": 71, ""states"": [""OFF""]}, {""id"": 173, ""states"": [""OFF""]}, {""id"": 261, ""states"": [""ON""]}, {""id"": 427, ""states"": [""OFF""]}]",1,"[""test_task14""]",1,6,6.0,6.0,6.0,6,6,,0.0
state_change_task,test,Turn {state} all {object},lightswitches,on,,1,bathroom,"[{""id"": 71, ""states"": [""OFF""]}, {""id"": 173, ""states"": [""OFF""]}, {""id"": 261, ""states"": [""ON""]}, {""id"": 427, ""states"": [""ON""]}]",1,"[""test_task13""]",1,4,4.0,4.0,4.0,4,4,,0.0
state_change_task,test,Turn {state} all {object},lightswitches,on,,1,bathroom,"[{""id"": 71, ""states"": [""OFF""]}, {""id"": 173, ""states"": [""ON""]}, {""id"": 261, ""states"": [""OFF""]}, {""id"": 427, ""states"": [""OFF""]}]",1,"[""test_task12""]",1,6,6.0,6.0,6.0,6,6,,0.0
state_change_task,test,Turn {state} all {object},lightswitches,on,,1,bathroom,"[{""id"": 71, ""states"": [""ON""]}, {""id"": 173, ""states"": [""OFF""]}, {""id"": 261, ""states"": [""ON""]}, {""id"": 427, ""states"": [""ON""]}]",1,"[""test_task5""]",1,2,2.0,2.0,2.0,2,2,,0.0
state_change_task,test,Turn {state} all {object},lightswitches,on,,1,bathroom,"[{""id"": 71, ""states"": [""ON""]}, {""id"": 173, ""states"": [""ON""]}, {""id"": 261, ""states"": [""ON""]}, {""id"": 427, ""states"": [""OFF""]}]",1,"[""test_task2""]",1,2,2.0,2.0,2.0,2,2,,0.0
state_change_task,test,Turn {state} all {object},lightswitches,on,,1,bedroom,"[{""id"": 71, ""states"": [""OFF""]}, {""id"": 173, ""states"": [""OFF""]}, {""id"": 261, ""states"": [""OFF""]}, {""id"": 427, ""states"": [""OFF""]}]",1,"[""test_task16""]",1,8,8.0,8.0,8.0,8,8,,0.0
state_change_task,test,Turn {state} all {object},lightswitches,on,,1,bedroom,"[{""id"": 71, ""states"": [""OFF""]}, {""id"": 173, ""states"": [""ON""]}, {""id"": 261, ""states"": [""OFF""]}, {""id"": 427, ""states"": [""ON""]}]",1,"[""test_task11""]",1,4,4.0,4.0,4.0,4,4,,0.0
state_change_task,test,Turn {state} all {object},lightswitches,on,,1,bedroom,"[{""id"": 71, ""states"": [""OFF""]}, {""id"": 173, ""states"": [""ON""]}, {""id"": 261, ""states"": [""ON""]}, {""id"": 427, ""states"": [""OFF""]}]",1,"[""test_task10""]",1,4,4.0,4.0,4.0,4,4,,0.0
state_change_task,test,Turn {state} all {object},lightswitches,on,,1,bedroom,"[{""id"": 71, ""states"": [""OFF""]}, {""id"": 173, ""states"": [""ON""]}, {""id"": 261, ""states"": [""ON""]}, {""id"": 427, ""states"": [""ON""]}]",1,"[""test_task9""]",1,2,2.0,2.0,2.0,2,2,,0.0
state_change_task,test,Turn {state} all {object},lightswitches,on,,1,kitchen,"[{""id"": 71, ""states"": [""ON""]}, {""id"": 173, ""states"": [""OFF""]}, {""id"": 261, ""states"": [""OFF""]}, {""id"": 427, ""states"": [""OFF""]}]",1,"[""test_task8""]",1,6,6.0,6.0,6.0,6,6,,0.0
state_change_task,test,Turn {state} all {object},lightswitches,on,,1,kitchen,"[{""id"": 71, ""states"": [""ON""]}, {""id"": 173, ""states"": [""OFF""]}, {""id"": 261, ""states"": [""OFF""]}, {""id"": 427, ""states"": [""ON""]}]",1,"[""test_task7""]",1,4,4.0,4.0,4.0,4,4,,0.0
state_change_task,test,Turn {state} all {object},lightswitches,on,,1,kitchen,"[{""id"": 71, ""states"": [""ON""]}, {""id"": 173, ""states"": [""OFF""]}, {""id"": 261, ""states"": [""ON""]}, {""id"": 427, ""states"": [""OFF""]}]",1,"[""test_task6""]",1,4,4.0,4.0,4.0,4,4,,0.0
state_change_task,test,Turn {state} all {object},lightswitches,on,,1,kitchen,"[{""id"": 71, ""states"": [""ON""]}, {""id"": 173, ""states"": [""ON""]}, {""id"": 261, ""states"": [""OFF""]}, {""id"": 427, ""states"": [""OFF""]}]",1,"[""test_task4""]",1,4,4.0,4.0,4.0,4,4,,0.0
state_change_task,test,Turn {state} all {object},lightswitches,on,,1,kitchen,"[{""id"": 71, ""states"": [""ON""]}, {""id"": 173, ""states"": [""ON""]}, {""id"": 261, ""states"": [""OFF""]}, {""id"": 427, ""states"": [""ON""]}]",1,"[""test_task3""]",1,2,2.0,2.0,2.0,2,2,,0.0
state_change_task,test,Turn {state} all {object},lightswitches,on,,1,livingroom,"[{""id"": 71, ""states"": [""ON""]}, {""id"": 173, ""states"": [""ON""]}, {""id"": 261, ""states"": [""ON""]}, {""id"": 427, ""states"": [""ON""]}]",1,"[""test_task1""]",1,0,0.0,0.0,0.0,0,0,,0.0
state_change_task,test,Turn {state} all {object},lightswitches,on,,2,bathroom,"[{""id"": 48, ""states"": [""OFF""]}, {""id"": 97, ""states"": [""ON""]}, {""id"": 157, ""states"": [""OFF""]}, {""id"": 302, ""states"": [""OFF""]}]",1,"[""test_task60""]",1,6,6.0,6.0,6.0,6,6,,0.0
state_change_task,test,Turn {state} all {object},lightswitches,on,,2,bathroom,"[{""id"": 48, ""states"": [""OFF""]}, {""id"": 97, ""states"": [""ON""]}, {""id"": 157, ""states"": [""OFF""]}, {""id"": 302, ""states"": [""ON""]}]",1,"[""test_task59""]",1,4,4.0,4.0,4.0,4,4,,0.0
state_change_task,test,Turn {state} all {object},lightswitches,on,,2,bathroom,"[{""id"": 48, ""states"": [""ON""]}, {""id"": 97, ""states"": [""OFF""]}, {""id"": 157, ""states"": [""ON""]}, {""id"": 302, ""states"": [""OFF""]}]",1,"[""test_task54""]",1,4,4.0,4.0,4.0,4,4,,0.0
state_change_task,test,Turn {state} all {object},lightswitches,on,,2,bathroom,"[{""id"": 48, ""states"": [""ON""]}, {""id"": 97, ""states"": [""ON""]}, {""id"": 157, ""states"": [""OFF""]}, {""id"": 302, ""states"": [""ON""]}]",1,"[""test_task51""]",1,2,2.0,2.0,2.0,2,2,,0.0
state_change_task,test,Turn {state} all {object},lightswitches,on,,2,bedroom,"[{""id"": 48, ""states"": [""OFF""]}, {""id"": 97, ""states"": [""OFF""]}, {""id"": 157, ""states"": [""OFF""]}, {""id"": 302, ""states"": [""OFF""]}]",1,"[""test_task64""]",1,8,8.0,8.0,8.0,8,8,,0.0
state_change_task,test,Turn {state} all {object},lightswitches,on,,2,bedroom,"[{""id"": 48, ""states"": [""OFF""]}, {""id"": 97, ""states"": [""ON""]}, {""id"": 157, ""states"": [""ON""]}, {""id"": 302, ""states"": [""OFF""]}]",1,"[""test_task58""]",1,4,4.0,4.0,4.0,4,4,,0.0
state_change_task,test,Turn {state} all {object},lightswitches,on,,2,bedroom,"[{""id"": 48, ""states"": [""ON""]}, {""id"": 97, ""states"": [""OFF""]}, {""id"": 157, ""states"": [""OFF""]}, {""id"": 302, ""states"": [""OFF""]}]",1,"[""test_task56""]",1,6,6.0,6.0,6.0,6,6,,0.0
state_change_task,test,Turn {state} all {object},lightswitches,on,,2,bedroom,"[{""id"": 48, ""states"": [""ON""]}, {""id"": 97, ""states"": [""OFF""]}, {""id"": 157, ""states"": [""ON""]}, {""id"": 302, ""states"": [""ON""]}]",1,"[""test_task53""]",1,2,2.0,2.0,2.0,2,2,,0.0
state_change_task,test,Turn {state} all {object},lightswitches,on,,2,bedroom,"[{""id"": 48, ""states"": [""ON""]}, {""id"": 97, ""states"": [""ON""]}, {""id"": 157, ""states"": [""ON""]}, {""id"": 302, ""states"": [""ON""]}]",1,"[""test_task49""]",1,0,0.0,0.0,0.0,0,0,,0.0
state_change_task,test,Turn {state} all {object},lightswitches,on,,2,kitchen,"[{""id"": 48, ""states"": [""OFF""]}, {""id"": 97, ""states"": [""OFF""]}, {""id"": 157, ""states"": [""ON""]}, {""id"": 302, ""states"": [""OFF""]}]",1,"[""test_task62""]",1,6,6.0,6.0,6.0,6,6,,0.0
state_change_task,test,Turn {state} all {object},lightswitches,on,,2,kitchen,"[{""id"": 48, ""states"": [""OFF""]}, {""id"": 97, ""states"": [""OFF""]}, {""id"": 157, ""states"": [""ON""]}, {""id"": 302, ""states"": [""ON""]}]",1,"[""test_task61""]",1,4,4.0,4.0,4.0,4,4,,0.0
state_change_task,test,Turn {state} all {object},lightswitches,on,,2,kitchen,"[{""id"": 48, ""states"": [""OFF""]}, {""id"": 97, ""states"": [""ON""]}, {""id"": 157, ""states"": [""ON""]}, {""id"": 302, ""states"": [""ON""]}]",1,"[""test_task57""]",1,2,2.0,2.0,2.0,2,2,,0.0
state_change_task,test,Turn {state} all {object},lightswitches,on,,2,kitchen,"[{""id"": 48, ""states"": [""ON""]}, {""id"": 97, ""states"": [""OFF""]}, {""id"": 157, ""states"": [""OFF""]}, {""id"": 302, ""states"": [""ON""]}]",1,"[""test_task55""]",1,4,4.0,4.0,4.0,4,4,,0.0
state_change_task,test,Turn {state} all {object},lightswitches,on,,2,kitchen,"[{""id"": 48, ""states"": [""ON""]}, {""id"": 97, ""states"": [""ON""]}, {""id"": 157, ""states"": [""ON""]}, {""id"": 302, ""states"": [""OFF""]}]",1,"[""test_task50""]",1,2,2.0,2.0,2.0,2,2,,0.0
state_change_task,test,Turn {state} all {object},lightswitches,on,,2,livingroom,"[{""id"": 48, ""states"": [""OFF""]}, {""id"": 97, ""states"": [""OFF""]}, {""id"": 157, ""states"": [""OFF""]}, {""id"": 302, ""states"": [""ON""]}]",1,"[""test_task63""]",1,6,6.0,6.0,6.0,6,6,,0.0
state_change_task,test,Turn {state} all {object},lightswitches,on,,2,livingroom,"[{""id"": 48, ""states"": [""ON""]}, {""id"": 97, ""states"": [""ON""]}, {""id"": 157, ""states"": [""OFF""]}, {""id"": 302, ""states"": [""OFF""]}]",1,"[""test_task52""]",1,4,4.0,4.0,4.0,4,4,,0.0
state_change_task,test,Turn {state} all {object},lightswitches,on,,3,bathroom,"[{""id"": 58, ""states"": [""OFF""]}, {""id"": 239, ""states"": [""OFF""]}, {""id"": 278, ""states"": [""OFF""]}, {""id"": 344, ""states"": [""OFF""]}, {""id"": 402, ""states"": [""ON""]}]",1,"[""test_task119""]",1,8,8.0,8.0,8.0,8,8,,0.0
state_change_task,test,Turn {state} all {object},lightswitches,on,,3,bathroom,"[{""id"": 58, ""states"": [""ON""]}, {""id"": 239, ""states"": [""OFF""]}, {""id"": 278, ""states"": [""OFF""]}, {""id"": 344, ""states"": [""OFF""]}, {""id"": 402, ""states"": [""OFF""]}]",1,"[""test_task104""]",1,8,8.0,8.0,8.0,8,8,,0.0
state_change_task,test,Turn {state} all {object},lightswitches,on,,3,bathroom,"[{""id"": 58, ""states"": [""ON""]}, {""id"": 239, ""states"": [""OFF""]}, {""id"": 278, ""states"": [""OFF""]}, {""id"": 344, ""states"": [""ON""]}, {""id"": 402, ""states"": [""OFF""]}]",1,"[""test_task102""]",1,6,6.0,6.0,6.0,6,6,,0.0
state_change_task,test,Turn {state} all {object},lightswitches,on,,3,bathroom,"[{""id"": 58, ""states"": [""ON""]}, {""id"": 239, ""states"": [""ON""]}, {""id"": 278, ""states"": [""OFF""]}, {""id"": 344, ""states"": [""OFF""]}, {""id"": 402, ""states"": [""ON""]}]",1,"[""test_task95""]",1,4,4.0,4.0,4.0,4,4,,0.0
state_change_task,test,Turn {state} all {object},lightswitches,on,,3,bedroom,"[{""id"": 58, ""states"": [""OFF""]}, {""id"": 239, ""states"": [""OFF""]}, {""id"": 278, ""states"": [""OFF""]}, {""id"": 344, ""states"": [""OFF""]}, {""id"": 402, ""states"": [""OFF""]}]",1,"[""test_task120""]",1,10,10.0,10.0,10.0,10,10,,0.0
state_change_task,test,Turn {state} all {object},lightswitches,on,,3,bedroom,"[{""id"": 58, ""states"": [""OFF""]}, {""id"": 239, ""states"": [""OFF""]}, {""id"": 278, ""states"": [""OFF""]}, {""id"": 344, ""states"": [""ON""]}, {""id"": 402, ""states"": [""OFF""]}]",1,"[""test_task118""]",1,8,8.0,8.0,8.0,8,8,,0.0
state_change_task,test,Turn {state} all {object},lightswitches,on,,3,bedroom,"[{""id"": 58, ""states"": [""OFF""]}, {""id"": 239, ""states"": [""OFF""]}, {""id"": 278, ""states"": [""ON""]}, {""id"": 344, ""states"": [""OFF""]}, {""id"": 402, ""states"": [""OFF""]}]",1,"[""test_task116""]",1,8,8.0,8.0,8.0,8,8,,0.0
state_change_task,test,Turn {state} all {object},lightswitches,on,,3,bedroom,"[{""id"": 58, ""states"": [""OFF""]}, {""id"": 239, ""states"": [""ON""]}, {""id"": 278, ""states"": [""OFF""]}, {""id"": 344, ""states"": [""OFF""]}, {""id"": 402, ""states"": [""OFF""]}]",1,"[""test_task112""]",1,8,8.0,8.0,8.0,8,8,,0.0
state_change_task,test,Turn {state} all {object},lightswitches,on,,3,bedroom,"[{""id"": 58, ""states"": [""OFF""]}, {""id"": 239, ""states"": [""ON""]}, {""id"": 278, ""states"": [""OFF""]}, {""id"": 344, ""states"": [""OFF""]}, {""id"": 402, ""states"": [""ON""]}]",1,"[""test_task111""]",1,6,6.0,6.0,6.0,6,6,,0.0
state_change_task,test,Turn {state} all {object},lightswitches,on,,3,bedroom,"[{""id"": 58, ""states"": [""OFF""]}, {""id"": 239, ""states"": [""ON""]}, {""id"": 278, ""states"": [""OFF""]}, {""id"": 344, ""states"": [""ON""]}, {""id"": 402, ""states"": [""OFF""]}]",1,"[""test_task110""]",1,6,6.0,6.0,6.0,6,6,,0.0
state_change_task,test,Turn {state} all {object},lightswitches,on,,3,bedroom,"[{""id"": 58, ""states"": [""OFF""]}, {""id"": 239, ""states"": [""ON""]}, {""id"": 278, ""states"": [""ON""]}, {""id"": 344, ""states"": [""OFF""]}, {""id"": 402, ""states"": [""OFF""]}]",1,"[""test_task108""]",1,6,6.0,6.0,6.0,6,6,,0.0
state_change_task,test,Turn {state} all {object},lightswitches,on,,3,bedroom,"[{""id"": 58, ""states"": [""OFF""]}, {""id"": 239, ""states"": [""ON""]}, {""id"": 278, ""states"": [""ON""]}, {""id"": 344, ""states"": [""OFF""]}, {""id"": 402, ""states"": [""ON""]}]",1,"[""test_task107""]",1,4,4.0,4.0,4.0,4,4,,0.0
state_change_task,test,Turn {state} all {object},lightswitches,on,,3,bedroom,"[{""id"": 58, ""states"": [""OFF""]}, {""id"": 239, ""states"": [""ON""]}, {""id"": 278, ""states"": [""ON""]}, {""id"": 344, ""states"": [""ON""]}, {""id"": 402, ""states"": [""ON""]}]",1,"[""test_task105""]",1,2,2.0,2.0,2.0,2,2,,0.0
state_change_task,test,Turn {state} all {object},lightswitches,on,,3,bedroom,"[{""id"": 58, ""states"": [""ON""]}, {""id"": 239, ""states"": [""ON""]}, {""id"": 278, ""states"": [""ON""]}, {""id"": 344, ""states"": [""ON""]}, {""id"": 402, ""states"": [""OFF""]}]",1,"[""test_task90""]",1,2,2.0,2.0,2.0,2,2,,0.0
state_change_task,test,Turn {state} all {object},lightswitches,on,,3,kitchen,"[{""id"": 58, ""states"": [""OFF""]}, {""id"": 239, ""states"": [""OFF""]}, {""id"": 278, ""states"": [""ON""]}, {""id"": 344, ""states"": [""ON""]}, {""id"": 402, ""states"": [""OFF""]}]",1,"[""test_task114""]",1,6,6.0,6.0,6.0,6,6,,0.0
state_change_task,test,Turn {state} all {object},lightswitches,on,,3,kitchen,"[{""id"": 58, ""states"": [""OFF""]}, {""id"": 239, ""states"": [""ON""]}, {""id"": 278, ""states"": [""OFF""]}, {""id"": 344, ""states"": [""ON""]}, {""id"": 402, ""states"": [""ON""]}]",1,"[""test_task109""]",1,4,4.0,4.0,4.0,4,4,,0.0
state_change_task,test,Turn {state} all {object},lightswitches,on,,3,kitchen,"[{""id"": 58, ""states"": [""OFF""]}, {""id"": 239, ""states"": [""ON""]}, {""id"": 278, ""states"": [""ON""]}, {""id"": 344, ""states"": [""ON""]}, {""id"": 402, ""states"": [""OFF""]}]",1,"[""test_task106""]",1,4,4.0,4.0,4.0,4,4,,0.0
state_change_task,test,Turn {state} all {object},lightswitches,on,,3,kitchen,"[{""id"": 58, ""states"": [""ON""]}, {""id"": 239, ""states"": [""OFF""]}, {""id"": 278, ""states"": [""OFF""]}, {""id"": 344, ""states"": [""OFF""]}, {""id"": 402, ""states"": [""ON""]}]",1,"[""test_task103""]",1,6,6.0,6.0,6.0,6,6,,0.0
state_change_task,test,Turn {state} all {object},lightswitches,on,,3,kitchen,"[{""id"": 58, ""states"": [""ON""]}, {""id"": 239, ""states"": [""OFF""]}, {""id"": 278, ""states"": [""OFF""]}, {""id"": 344, ""states"": [""ON""]}, {""id"": 402, ""states"": [""ON""]}]",1,"[""test_task101""]",1,4,4.0,4.0,4.0,4,4,,0.0
state_change_task,test,Turn {state} all {object},lightswitches,on,,3,kitchen,"[{""id"": 58, ""states"": [""ON""]}, {""id"": 239, ""states"": [""OFF""]}, {""id"": 278, ""states"": [""ON""]}, {""id"": 344, ""states"": [""OFF""]}, {""id"": 402, ""states"": [""OFF""]}]",1,"[""test_task100""]",1,6,6.0,6.0,6.0,6,6,,0.0
state_change_task,test,Turn {state} all {object},lightswitches,on,,3,kitchen,"[{""id"": 58, ""states"": [""ON""]}, {""id"": 239, ""states"": [""OFF""]}, {""id"": 278, ""states"": [""ON""]}, {""id"": 344, ""states"": [""ON""]}, {""id"": 402, ""states"": [""ON""]}]",1,"[""test_task97""]",1,2,2.0,2.0,2.0,2,2,,0.0
state_change_task,test,Turn {state} all {object},lightswitches,on,,3,kitchen,"[{""id"": 58, ""states"": [""ON""]}, {""id"": 239, ""states"": [""ON""]}, {""id"": 278, ""states"": [""OFF""]}, {""id"": 344, ""states"": [""ON""]}, {""id"": 402, ""states"": [""OFF""]}]",1,"[""test_task94""]",1,4,4.0,4.0,4.0,4,4,,0.0
state_change_task,test,Turn {state} all {object},lightswitches,on,,3,kitchen,"[{""id"": 58, ""states"": [""ON""]}, {""id"": 239, ""states"": [""ON""]}, {""id"": 278, ""states"": [""OFF""]}, {""id"": 344, ""states"": [""ON""]}, {""id"": 402, ""states"": [""ON""]}]",1,"[""test_task93""]",1,2,2.0,2.0,2.0,2,2,,0.0
state_change_task,test,Turn {state} all {object},lightswitches,on,,3,kitchen,"[{""id"": 58, ""states"": [""ON""]}, {""id"": 239, ""states"": [""ON""]}, {""id"": 278, ""states"": [""ON""]}, {""id"": 344, ""states"": [""OFF""]}, {""id"": 402, ""states"": [""OFF""]}]",1,"[""test_task92""]",1,4,4.0,4.0,4.0,4,4,,0.0
state_change_task,test,Turn {state} all {object},lightswitches,on,,3,livingroom,"[{""id"": 58, ""states"": [""OFF""]}, {""id"": 239, ""states"": [""OFF""]}, {""id"": 278, ""states"": [""OFF""]}, {""id"": 344, ""states"": [""ON""]}, {""id"": 402, ""states"": [""ON""]}]",1,"[""test_task117""]",1,6,6.0,6.0,6.0,6,6,,0.0
state_change_task,test,Turn {state} all {object},lightswitches,on,,3,livingroom,"[{""id"": 58, ""states"": [""OFF""]}, {""id"": 239, ""states"": [""OFF""]}, {""id"": 278, ""states"": [""ON""]}, {""id"": 344, ""states"": [""OFF""]}, {""id"": 402, ""states"": [""ON""]}]",1,"[""test_task115""]",1,6,6.0,6.0,6.0,6,6,,0.0
state_change_task,test,Turn {state} all {object},lightswitches,on,,3,livingroom,"[{""id"": 58, ""states"": [""OFF""]}, {""id"": 239, ""states"": [""OFF""]}, {""id"": 278, ""states"": [""ON""]}, {""id"": 344, ""states"": [""ON""]}, {""id"": 402, ""states"": [""ON""]}]",1,"[""test_task113""]",1,4,4.0,4.0,4.0,4,4,,0.0
state_change_task,test,Turn {state} all {object},lightswitches,on,,3,livingroom,"[{""id"": 58, ""states"": [""ON""]}, {""id"": 239, ""states"": [""OFF""]}, {""id"": 278, ""states"": [""ON""]}, {""id"": 344, ""states"": [""OFF""]}, {""id"": 402, ""states"": [""ON""]}]",1,"[""test_task99""]",1,4,4.0,4.0,4.0,4,4,,0.0
state_change_task,test,Turn {state} all {object},lightswitches,on,,3,livingroom,"[{""id"": 58, ""states"": [""ON""]}, {""id"": 239, ""states"": [""OFF""]}, {""id"": 278, ""states"": [""ON""]}, {""id"": 344, ""states"": [""ON""]}, {""id"": 402, ""states"": [""OFF""]}]",1,"[""test_task98""]",1,4,4.0,4.0,4.0,4,4,,0.0
state_change_task,test,Turn {state} all {object},lightswitches,on,,3,livingroom,"[{""id"": 58, ""states"": [""ON""]}, {""id"": 239, ""states"": [""ON""]}, {""id"": 278, ""states"": [""OFF""]}, {""id"": 344, ""states"": [""OFF""]}, {""id"": 402, ""states"": [""OFF""]}]",1,"[""test_task96""]",1,6,6.0,6.0,6.0,6,6,,0.0
state_change_task,test,Turn {state} all {object},lightswitches,on,,3,livingroom,"[{""id"": 58, ""states"": [""ON""]}, {""id"": 239, ""states"": [""ON""]}, {""id"": 278, ""states"": [""ON""]}, {""id"": 344, ""states"": [""OFF""]}, {""id"": 402, ""states"": [""ON""]}]",1,"[""test_task91""]",1,2,2.0,2.0,2.0,2,2,,0.0
state_change_task,test,Turn {state} all {object},lightswitches,on,,3,livingroom,"[{""id"": 58, ""states"": [""ON""]}, {""id"": 239, ""states"": [""ON""]}, {""id"": 278, ""states"": [""ON""]}, {""id"": 344, ""states"": [""ON""]}, {""id"": 402, ""states"": [""ON""]}]",1,"[""test_task89""]",1,0,0.0,0.0,0.0,0,0,,0.0
state_change_task,test,Turn {state} all {object},lightswitches,on,,4,bathroom,"[{""id"": 169, ""states"": [""OFF""]}, {""id"": 209, ""states"": [""OFF""]}, {""id"": 218, ""states"": [""OFF""]}, {""id"": 300, ""states"": [""ON""]}]",1,"[""test_task175""]",1,6,6.0,6.0,6.0,6,6,,0.0
state_change_task,test,Turn {state} all {object},lightswitches,on,,4,bathroom,"[{""id"": 169, ""states"": [""OFF""]}, {""id"": 209, ""states"": [""ON""]}, {""id"": 218, ""states"": [""OFF""]}, {""id"": 300, ""states"": [""OFF""]}]",1,"[""test_task172""]",1,6,6.0,6.0,6.0,6,6,,0.0
state_change_task,test,Turn {state} all {object},lightswitches,on,,4,bathroom,"[{""id"": 169, ""states"": [""OFF""]}, {""id"": 209, ""states"": [""ON""]}, {""id"": 218, ""states"": [""ON""]}, {""id"": 300, ""states"": [""OFF""]}]",1,"[""test_task170""]",1,4,4.0,4.0,4.0,4,4,,0.0
state_change_task,test,Turn {state} all {object},lightswitches,on,,4,bathroom,"[{""id"": 169, ""states"": [""ON""]}, {""id"": 209, ""states"": [""OFF""]}, {""id"": 218, ""states"": [""OFF""]}, {""id"": 300, ""states"": [""ON""]}]",1,"[""test_task167""]",1,4,4.0,4.0,4.0,4,4,,0.0
state_change_task,test,Turn {state} all {object},lightswitches,on,,4,bathroom,"[{""id"": 169, ""states"": [""ON""]}, {""id"": 209, ""states"": [""ON""]}, {""id"": 218, ""states"": [""ON""]}, {""id"": 300, ""states"": [""OFF""]}]",1,"[""test_task162""]",1,2,2.0,2.0,2.0,2,2,,0.0
state_change_task,test,Turn {state} all {object},lightswitches,on,,4,bedroom,"[{""id"": 169, ""states"": [""OFF""]}, {""id"": 209, ""states"": [""ON""]}, {""id"": 218, ""states"": [""OFF""]}, {""id"": 300, ""states"": [""ON""]}]",1,"[""test_task171""]",1,4,4.0,4.0,4.0,4,4,,0.0
state_change_task,test,Turn {state} all {object},lightswitches,on,,4,bedroom,"[{""id"": 169, ""states"": [""ON""]}, {""id"": 209, ""states"": [""OFF""]}, {""id"": 218, ""states"": [""OFF""]}, {""id"": 300, ""states"": [""OFF""]}]",1,"[""test_task168""]",1,6,6.0,6.0,6.0,6,6,,0.0
state_change_task,test,Turn {state} all {object},lightswitches,on,,4,bedroom,"[{""id"": 169, ""states"": [""ON""]}, {""id"": 209, ""states"": [""ON""]}, {""id"": 218, ""states"": [""OFF""]}, {""id"": 300, ""states"": [""OFF""]}]",1,"[""test_task164""]",1,4,4.0,4.0,4.0,4,4,,0.0
state_change_task,test,Turn {state} all {object},lightswitches,on,,4,bedroom,"[{""id"": 169, ""states"": [""ON""]}, {""id"": 209, ""states"": [""ON""]}, {""id"": 218, ""states"": [""ON""]}, {""id"": 300, ""states"": [""ON""]}]",1,"[""test_task161""]",1,0,0.0,0.0,0.0,0,0,,0.0
state_change_task,test,Turn {state} all {object},lightswitches,on,,4,kitchen,"[{""id"": 169, ""states"": [""OFF""]}, {""id"": 209, ""states"": [""OFF""]}, {""id"": 218, ""states"": [""OFF""]}, {""id"": 300, ""states"": [""OFF""]}]",1,"[""test_task176""]",1,8,8.0,8.0,8.0,8,8,,0.0
state_change_task,test,Turn {state} all {object},lightswitches,on,,4,kitchen,"[{""id"": 169, ""states"": [""OFF""]}, {""id"": 209, ""states"": [""OFF""]}, {""id"": 218, ""states"": [""ON""]}, {""id"": 300, ""states"": [""ON""]}]",1,"[""test_task173""]",1,4,4.0,4.0,4.0,4,4,,0.0
state_change_task,test,Turn {state} all {object},lightswitches,on,,4,kitchen,"[{""id"": 169, ""states"": [""ON""]}, {""id"": 209, ""states"": [""OFF""]}, {""id"": 218, ""states"": [""ON""]}, {""id"": 300, ""states"": [""OFF""]}]",1,"[""test_task166""]",1,4,4.0,4.0,4.0,4,4,,0.0
state_change_task,test,Turn {state} all {object},lightswitches,on,,4,kitchen,"[{""id"": 169, ""states"": [""ON""]}, {""id"": 209, ""states"": [""OFF""]}, {""id"": 218, ""states"": [""ON""]}, {""id"": 300, ""states"": [""ON""]}]",1,"[""test_task165""]",1,2,2.0,2.0,2.0,2,2,,0.0
state_change_task,test,Turn {state} all {object},lightswitches,on,,4,livingroom,"[{""id"": 169, ""states"": [""OFF""]}, {""id"": 209, ""states"": [""OFF""]}, {""id"": 218, ""states"": [""ON""]}, {""id"": 300, ""states"": [""OFF""]}]",1,"[""test_task174""]",1,6,6.0,6.0,6.0,6,6,,0.0
state_change_task,test,Turn {state} all {object},lightswitches,on,,4,livingroom,"[{""id"": 169, ""states"": [""OFF""]}, {""id"": 209, ""states"": [""ON""]}, {""id"": 218, ""states"": [""ON""]}, {""id"": 300, ""states"": [""ON""]}]",1,"[""test_task169""]",1,2,2.0,2.0,2.0,2,2,,0.0
state_change_task,test,Turn {state} all {object},lightswitches,on,,4,livingroom,"[{""id"": 169, ""states"": [""ON""]}, {""id"": 209, ""states"": [""ON""]}, {""id"": 218, ""states"": [""OFF""]}, {""id"": 300, ""states"": [""ON""]}]",1,"[""test_task163""]",1,2,2.0,2.0,2.0,2,2,,0.0
state_change_task,test,Turn {state} all {object},lightswitches,on,,5,bathroom,"[{""id"": 103, ""states"": [""OFF""]}, {""id"": 201, ""states"": [""ON""]}, {""id"": 249, ""states"": [""ON""]}, {""id"": 366, ""states"": [""OFF""]}]",1,"[""test_task202""]",1,4,4.0,4.0,4.0,4,4,,0.0
state_change_task,test,Turn {state} all {object},lightswitches,on,,5,bathroom,"[{""id"": 103, ""states"": [""ON""]}, {""id"": 201, ""states"": [""OFF""]}, {""id"": 249, ""states"": [""OFF""]}, {""id"": 366, ""states"": [""OFF""]}]",1,"[""test_task200""]",1,6,6.0,6.0,6.0,6,6,,0.0
state_change_task,test,Turn {state} all {object},lightswitches,on,,5,bathroom,"[{""id"": 103, ""states"": [""ON""]}, {""id"": 201, ""states"": [""ON""]}, {""id"": 249, ""states"": [""ON""]}, {""id"": 366, ""states"": [""OFF""]}]",1,"[""test_task194""]",1,2,2.0,2.0,2.0,2,2,,0.0
state_change_task,test,Turn {state} all {object},lightswitches,on,,5,bedroom,"[{""id"": 103, ""states"": [""OFF""]}, {""id"": 201, ""states"": [""OFF""]}, {""id"": 249, ""states"": [""OFF""]}, {""id"": 366, ""states"": [""OFF""]}]",1,"[""test_task208""]",1,8,8.0,8.0,8.0,8,8,,0.0
state_change_task,test,Turn {state} all {object},lightswitches,on,,5,bedroom,"[{""id"": 103, ""states"": [""OFF""]}, {""id"": 201, ""states"": [""ON""]}, {""id"": 249, ""states"": [""OFF""]}, {""id"": 366, ""states"": [""OFF""]}]",1,"[""test_task204""]",1,6,6.0,6.0,6.0,6,6,,0.0
state_change_task,test,Turn {state} all {object},lightswitches,on,,5,bedroom,"[{""id"": 103, ""states"": [""OFF""]}, {""id"": 201, ""states"": [""ON""]}, {""id"": 249, ""states"": [""ON""]}, {""id"": 366, ""states"": [""ON""]}]",1,"[""test_task201""]",1,2,2.0,2.0,2.0,2,2,,0.0
state_change_task,test,Turn {state} all {object},lightswitches,on,,5,bedroom,"[{""id"": 103, ""states"": [""ON""]}, {""id"": 201, ""states"": [""OFF""]}, {""id"": 249, ""states"": [""OFF""]}, {""id"": 366, ""states"": [""ON""]}]",1,"[""test_task199""]",1,4,4.0,4.0,4.0,4,4,,0.0
state_change_task,test,Turn {state} all {object},lightswitches,on,,5,kitchen,"[{""id"": 103, ""states"": [""OFF""]}, {""id"": 201, ""states"": [""OFF""]}, {""id"": 249, ""states"": [""OFF""]}, {""id"": 366, ""states"": [""ON""]}]",1,"[""test_task207""]",1,6,6.0,6.0,6.0,6,6,,0.0
state_change_task,test,Turn {state} all {object},lightswitches,on,,5,kitchen,"[{""id"": 103, ""states"": [""OFF""]}, {""id"": 201, ""states"": [""OFF""]}, {""id"": 249, ""states"": [""ON""]}, {""id"": 366, ""states"": [""OFF""]}]",1,"[""test_task206""]",1,6,6.0,6.0,6.0,6,6,,0.0
state_change_task,test,Turn {state} all {object},lightswitches,on,,5,kitchen,"[{""id"": 103, ""states"": [""OFF""]}, {""id"": 201, ""states"": [""ON""]}, {""id"": 249, ""states"": [""OFF""]}, {""id"": 366, ""states"": [""ON""]}]",1,"[""test_task203""]",1,4,4.0,4.0,4.0,4,4,,0.0
state_change_task,test,Turn {state} all {object},lightswitches,on,,5,kitchen,"[{""id"": 103, ""states"": [""ON""]}, {""id"": 201, ""states"": [""ON""]}, {""id"": 249, ""states"": [""OFF""]}, {""id"": 366, ""states"": [""ON""]}]",1,"[""test_task195""]",1,2,2.0,2.0,2.0,2,2,,0.0
state_change_task,test,Turn {state} all {object},lightswitches,on,,5,livingroom,"[{""id"": 103, ""states"": [""OFF""]}, {""id"": 201, ""states"": [""OFF""]}, {""id"": 249, ""states"": [""ON""]}, {""id"": 366, ""states"": [""ON""]}]",1,"[""test_task205""]",1,4,4.0,4.0,4.0,4,4,,0.0
state_change_task,test,Turn {state} all {object},lightswitches,on,,5,livingroom,"[{""id"": 103, ""states"": [""ON""]}, {""id"": 201, ""states"": [""OFF""]}, {""id"": 249, ""states"": [""ON""]}, {""id"": 366, ""states"": [""OFF""]}]",1,"[""test_task198""]",1,4,4.0,4.0,4.0,4,4,,0.0
state_change_task,test,Turn {state} all {object},lightswitches,on,,5,livingroom,"[{""id"": 103, ""states"": [""ON""]}, {""id"": 201, ""states"": [""OFF""]}, {""id"": 249, ""states"": [""ON""]}, {""id"": 366, ""states"": [""ON""]}]",1,"[""test_task197""]",1,2,2.0,2.0,2.0,2,2,,0.0
state_change_task,test,Turn {state} all {object},lightswitches,on,,5,livingroom,"[{""id"": 103, ""states"": [""ON""]}, {""id"": 201, ""states"": [""ON""]}, {""id"": 249, ""states"": [""OFF""]}, {""id"": 366, ""states"": [""OFF""]}]",1,"[""test_task196""]",1,4,4.0,4.0,4.0,4,4,,0.0
state_change_task,test,Turn {state} all {object},lightswitches,on,,5,livingroom,"[{""id"": 103, ""states"": [""ON""]}, {""id"": 201, ""states"": [""ON""]}, {""id"": 249, ""states"": [""ON""]}, {""id"": 366, ""states"": [""ON""]}]",1,"[""test_task193""]",1,0,0.0,0.0,0.0,0,0,,0.0
state_change_task,test,Turn {state} all {object},lightswitches,on,,6,bathroom,"[{""id"": 67, ""states"": [""OFF""]}, {""id"": 110, ""states"": [""OFF""]}, {""id"": 205, ""states"": [""OFF""]}, {""id"": 315, ""states"": [""ON""]}]",1,"[""test_task251""]",1,6,6.0,6.0,6.0,6,6,,0.0
state_change_task,test,Turn {state} all {object},lightswitches,on,,6,bathroom,"[{""id"": 67, ""states"": [""OFF""]}, {""id"": 110, ""states"": [""ON""]}, {""id"": 205, ""states"": [""OFF""]}, {""id"": 315, ""states"": [""ON""]}]",1,"[""test_task247""]",1,4,4.0,4.0,4.0,4,4,,0.0
state_change_task,test,Turn {state} all {object},lightswitches,on,,6,bathroom,"[{""id"": 67, ""states"": [""OFF""]}, {""id"": 110, ""states"": [""ON""]}, {""id"": 205, ""states"": [""ON""]}, {""id"": 315, ""states"": [""ON""]}]",1,"[""test_task245""]",1,2,2.0,2.0,2.0,2,2,,0.0
state_change_task,test,Turn {state} all {object},lightswitches,on,,6,bathroom,"[{""id"": 67, ""states"": [""ON""]}, {""id"": 110, ""states"": [""OFF""]}, {""id"": 205, ""states"": [""OFF""]}, {""id"": 315, ""states"": [""ON""]}]",1,"[""test_task243""]",1,4,4.0,4.0,4.0,4,4,,0.0
state_change_task,test,Turn {state} all {object},lightswitches,on,,6,bedroom,"[{""id"": 67, ""states"": [""OFF""]}, {""id"": 110, ""states"": [""OFF""]}, {""id"": 205, ""states"": [""OFF""]}, {""id"": 315, ""states"": [""OFF""]}]",1,"[""test_task252""]",1,8,8.0,8.0,8.0,8,8,,0.0
state_change_task,test,Turn {state} all {object},lightswitches,on,,6,bedroom,"[{""id"": 67, ""states"": [""OFF""]}, {""id"": 110, ""states"": [""OFF""]}, {""id"": 205, ""states"": [""ON""]}, {""id"": 315, ""states"": [""OFF""]}]",1,"[""test_task250""]",1,6,6.0,6.0,6.0,6,6,,0.0
state_change_task,test,Turn {state} all {object},lightswitches,on,,6,bedroom,"[{""id"": 67, ""states"": [""OFF""]}, {""id"": 110, ""states"": [""OFF""]}, {""id"": 205, ""states"": [""ON""]}, {""id"": 315, ""states"": [""ON""]}]",1,"[""test_task249""]",1,4,4.0,4.0,4.0,4,4,,0.0
state_change_task,test,Turn {state} all {object},lightswitches,on,,6,bedroom,"[{""id"": 67, ""states"": [""ON""]}, {""id"": 110, ""states"": [""ON""]}, {""id"": 205, ""states"": [""OFF""]}, {""id"": 315, ""states"": [""ON""]}]",1,"[""test_task239""]",1,2,2.0,2.0,2.0,2,2,,0.0
state_change_task,test,Turn {state} all {object},lightswitches,on,,6,kitchen,"[{""id"": 67, ""states"": [""ON""]}, {""id"": 110, ""states"": [""OFF""]}, {""id"": 205, ""states"": [""OFF""]}, {""id"": 315, ""states"": [""OFF""]}]",1,"[""test_task244""]",1,6,6.0,6.0,6.0,6,6,,0.0
state_change_task,test,Turn {state} all {object},lightswitches,on,,6,kitchen,"[{""id"": 67, ""states"": [""ON""]}, {""id"": 110, ""states"": [""OFF""]}, {""id"": 205, ""states"": [""ON""]}, {""id"": 315, ""states"": [""ON""]}]",1,"[""test_task241""]",1,2,2.0,2.0,2.0,2,2,,0.0
state_change_task,test,Turn {state} all {object},lightswitches,on,,6,kitchen,"[{""id"": 67, ""states"": [""ON""]}, {""id"": 110, ""states"": [""ON""]}, {""id"": 205, ""states"": [""OFF""]}, {""id"": 315, ""states"": [""OFF""]}]",1,"[""test_task240""]",1,4,4.0,4.0,4.0,4,4,,0.0
state_change_task,test,Turn {state} all {object},lightswitches,on,,6,kitchen,"[{""id"": 67, ""states"": [""ON""]}, {""id"": 110, ""states"": [""ON""]}, {""id"": 205, ""states"": [""ON""]}, {""id"": 315, ""states"": [""ON""]}]",1,"[""test_task237""]",1,0,0.0,0.0,0.0,0,0,,0.0
state_change_task,test,Turn {state} all {object},lightswitches,on,,6,livingroom,"[{""id"": 67, ""states"": [""OFF""]}, {""id"": 110, ""states"": [""ON""]}, {""id"": 205, ""states"": [""OFF""]}, {""id"": 315, ""states"": [""OFF""]}]",1,"[""test_task248""]",1,6,6.0,6.0,6.0,6,6,,0.0
state_change_task,test,Turn {state} all {object},lightswitches,on,,6,livingroom,"[{""id"": 67, ""states"": [""OFF""]}, {""id"": 110, ""states"": [""ON""]}, {""id"": 205, ""states"": [""ON""]}, {""id"": 315, ""states"": [""OFF""]}]",1,"[""test_task246""]",1,4,4.0,4.0,4.0,4,4,,0.0
state_change_task,test,Turn {state} all {object},lightswitches,on,,6,livingroom,"[{""id"": 67, ""states"": [""ON""]}, {""id"": 110, ""states"": [""OFF""]}, {""id"": 205, ""states"": [""ON""]}, {""id"": 315, ""states"": [""OFF""]}]",1,"[""test_task242""]",1,4,4.0,4.0,4.0,4,4,,0.0
state_change_task,test,Turn {state} all {object},lightswitches,on,,6,livingroom,"[{""id"": 67, ""states"": [""ON""]}, {""id"": 110, ""states"": [""ON""]}, {""id"": 205, ""states"": [""ON""]}, {""id"": 315, ""states"": [""OFF""]}]",1,"[""test_task238""]",1,2,2.0,2.0,2.0,2,2,,0.0
state_change_task,test,Turn {state} all {object},lightswitches,on,,7,bathroom,"[{""id"": 54, ""states"": [""ON""]}, {""id"": 85, ""states"": [""OFF""]}, {""id"": 277, ""states"": [""ON""]}, {""id"": 332, ""states"": [""OFF""]}]",1,"[""test_task282""]",1,4,4.0,4.0,4.0,4,4,,0.0
state_change_task,test,Turn {state} all {object},lightswitches,on,,7,bedroom,"[{""id"": 54, ""states"": [""OFF""]}, {""id"": 85, ""states"": [""ON""]}, {""id"": 277, ""states"": [""OFF""]}, {""id"": 332, ""states"": [""OFF""]}]",1,"[""test_task288""]",1,6,6.0,6.0,6.0,6,6,,0.0
state_change_task,test,Turn {state} all {object},lightswitches,on,,7,bedroom,"[{""id"": 54, ""states"": [""OFF""]}, {""id"": 85, ""states"": [""ON""]}, {""id"": 277, ""states"": [""ON""]}, {""id"": 332, ""states"": [""OFF""]}]",1,"[""test_task286""]",1,4,4.0,4.0,4.0,4,4,,0.0
state_change_task,test,Turn {state} all {object},lightswitches,on,,7,bedroom,"[{""id"": 54, ""states"": [""ON""]}, {""id"": 85, ""states"": [""ON""]}, {""id"": 277, ""states"": [""ON""]}, {""id"": 332, ""states"": [""ON""]}]",1,"[""test_task277""]",1,0,0.0,0.0,0.0,0,0,,0.0
state_change_task,test,Turn {state} all {object},lightswitches,on,,7,kitchen,"[{""id"": 54, ""states"": [""OFF""]}, {""id"": 85, ""states"": [""OFF""]}, {""id"": 277, ""states"": [""OFF""]}, {""id"": 332, ""states"": [""OFF""]}]",1,"[""test_task292""]",1,8,8.0,8.0,8.0,8,8,,0.0
state_change_task,test,Turn {state} all {object},lightswitches,on,,7,kitchen,"[{""id"": 54, ""states"": [""OFF""]}, {""id"": 85, ""states"": [""OFF""]}, {""id"": 277, ""states"": [""ON""]}, {""id"": 332, ""states"": [""ON""]}]",1,"[""test_task289""]",1,4,4.0,4.0,4.0,4,4,,0.0
state_change_task,test,Turn {state} all {object},lightswitches,on,,7,kitchen,"[{""id"": 54, ""states"": [""OFF""]}, {""id"": 85, ""states"": [""ON""]}, {""id"": 277, ""states"": [""OFF""]}, {""id"": 332, ""states"": [""ON""]}]",1,"[""test_task287""]",1,4,4.0,4.0,4.0,4,4,,0.0
state_change_task,test,Turn {state} all {object},lightswitches,on,,7,kitchen,"[{""id"": 54, ""states"": [""ON""]}, {""id"": 85, ""states"": [""OFF""]}, {""id"": 277, ""states"": [""OFF""]}, {""id"": 332, ""states"": [""OFF""]}]",1,"[""test_task284""]",1,6,6.0,6.0,6.0,6,6,,0.0
state_change_task,test,Turn {state} all {object},lightswitches,on,,7,kitchen,"[{""id"": 54, ""states"": [""ON""]}, {""id"": 85, ""states"": [""OFF""]}, {""id"": 277, ""states"": [""OFF""]}, {""id"": 332, ""states"": [""ON""]}]",1,"[""test_task283""]",1,4,4.0,4.0,4.0,4,4,,0.0
state_change_task,test,Turn {state} all {object},lightswitches,on,,7,kitchen,"[{""id"": 54, ""states"": [""ON""]}, {""id"": 85, ""states"": [""ON""]}, {""id"": 277, ""states"": [""OFF""]}, {""id"": 332, ""states"": [""ON""]}]",1,"[""test_task279""]",1,2,2.0,2.0,2.0,2,2,,0.0
state_change_task,test,Turn {state} all {object},lightswitches,on,,7,livingroom,"[{""id"": 54, ""states"": [""OFF""]}, {""id"": 85, ""states"": [""OFF""]}, {""id"": 277, ""states"": [""OFF""]}, {""id"": 332, ""states"": [""ON""]}]",1,"[""test_task291""]",1,6,6.0,6.0,6.0,6,6,,0.0
state_change_task,test,Turn {state} all {object},lightswitches,on,,7,livingroom,"[{""id"": 54, ""states"": [""OFF""]}, {""id"": 85, ""states"": [""OFF""]}, {""id"": 277, ""states"": [""ON""]}, {""id"": 332, ""states"": [""OFF""]}]",1,"[""test_task290""]",1,6,6.0,6.0,6.0,6,6,,0.0
state_change_task,test,Turn {state} all {object},lightswitches,on,,7,livingroom,"[{""id"": 54, ""states"": [""OFF""]}, {""id"": 85, ""states"": [""ON""]}, {""id"": 277, ""states"": [""ON""]}, {""id"": 332, ""states"": [""ON""]}]",1,"[""test_task285""]",1,2,2.0,2.0,2.0,2,2,,0.0
state_change_task,test,Turn {state} all {object},lightswitches,on,,7,livingroom,"[{""id"": 54, ""states"": [""ON""]}, {""id"": 85, ""states"": [""OFF""]}, {""id"": 277, ""states"": [""ON""]}, {""id"": 332, ""states"": [""ON""]}]",1,"[""test_task281""]",1,2,2.0,2.0,2.0,2,2,,0.0
state_change_task,test,Turn {state} all {object},lightswitches,on,,7,livingroom,"[{""id"": 54, ""states"": [""ON""]}, {""id"": 85, ""states"": [""ON""]}, {""id"": 277, ""states"": [""OFF""]}, {""id"": 332, ""states"": [""OFF""]}]",1,"[""test_task280""]",1,4,4.0,4.0,4.0,4,4,,0.0
state_change_task,test,Turn {state} all {object},lightswitches,on,,7,livingroom,"[{""id"": 54, ""states"": [""ON""]}, {""id"": 85, ""states"": [""ON""]}, {""id"": 277, ""states"": [""ON""]}, {""id"": 332, ""states"": [""OFF""]}]",1,"[""test_task278""]",1,2,2.0,2.0,2.0,2,2,,0.0
state_change_task,test,Turn {state} all {object},tablelamps,off,,1,bedroom,"[{""id"": 102, ""states"": [""ON""]}, {""id"": 103, ""states"": [""OFF""]}]",1,"[""test_task38""]",1,2,2.0,2.0,2.0,2,2,,0.0
state_change_task,test,Turn {state} all {object},tablelamps,off,,1,kitchen,"[{""id"": 102, ""states"": [""OFF""]}, {""id"": 103, ""states"": [""OFF""]}]",1,"[""test_task40""]",1,0,0.0,0.0,0.0,0,0,,0.0
state_change_task,test,Turn {state} all {object},tablelamps,off,,1,kitchen,"[{""id"": 102, ""states"": [""OFF""]}, {""id"": 103, ""states"": [""ON""]}]",1,"[""test_task39""]",1,2,2.0,2.0,2.0,2,2,,0.0
state_change_task,test,Turn {state} all {object},tablelamps,off,,1,livingroom,"[{""id"": 102, ""states"": [""ON""]}, {""id"": 103, ""states"": [""ON""]}]",1,"[""test_task37""]",1,4,4.0,4.0,4.0,4,4,,0.0
state_change_task,test,Turn {state} all {object},tablelamps,off,,2,bathroom,"[{""id"": 124, ""states"": [""OFF""]}, {""id"": 125, ""states"": [""OFF""]}]",1,"[""test_task88""]",1,0,0.0,0.0,0.0,0,0,,0.0
state_change_task,test,Turn {state} all {object},tablelamps,off,,2,bathroom,"[{""id"": 124, ""states"": [""ON""]}, {""id"": 125, ""states"": [""OFF""]}]",1,"[""test_task86""]",1,2,2.0,2.0,2.0,2,2,,0.0
state_change_task,test,Turn {state} all {object},tablelamps,off,,2,kitchen,"[{""id"": 124, ""states"": [""OFF""]}, {""id"": 125, ""states"": [""ON""]}]",1,"[""test_task87""]",1,2,2.0,2.0,2.0,2,2,,0.0
state_change_task,test,Turn {state} all {object},tablelamps,off,,2,kitchen,"[{""id"": 124, ""states"": [""ON""]}, {""id"": 125, ""states"": [""ON""]}]",1,"[""test_task85""]",1,4,4.0,4.0,4.0,4,4,,0.0
state_change_task,test,Turn {state} all {object},tablelamps,off,,3,bathroom,"[{""id"": 256, ""states"": [""OFF""]}, {""id"": 376, ""states"": [""ON""]}, {""id"": 377, ""states"": [""ON""]}]",1,"[""test_task157""]",1,4,4.0,4.0,4.0,4,4,,0.0
state_change_task,test,Turn {state} all {object},tablelamps,off,,3,bathroom,"[{""id"": 256, ""states"": [""ON""]}, {""id"": 376, ""states"": [""ON""]}, {""id"": 377, ""states"": [""ON""]}]",1,"[""test_task153""]",1,6,6.0,6.0,6.0,6,6,,0.0
state_change_task,test,Turn {state} all {object},tablelamps,off,,3,bedroom,"[{""id"": 256, ""states"": [""OFF""]}, {""id"": 376, ""states"": [""ON""]}, {""id"": 377, ""states"": [""OFF""]}]",1,"[""test_task158""]",1,2,2.0,2.0,2.0,2,2,,0.0
state_change_task,test,Turn {state} all {object},tablelamps,off,,3,bedroom,"[{""id"": 256, ""states"": [""ON""]}, {""id"": 376, ""states"": [""OFF""]}, {""id"": 377, ""states"": [""OFF""]}]",1,"[""test_task156""]",1,2,2.0,2.0,2.0,2,2,,0.0
state_change_task,test,Turn {state} all {object},tablelamps,off,,3,kitchen,"[{""id"": 256, ""states"": [""OFF""]}, {""id"": 376, ""states"": [""OFF""]}, {""id"": 377, ""states"": [""OFF""]}]",1,"[""test_task160""]",1,0,0.0,0.0,0.0,0,0,,0.0
state_change_task,test,Turn {state} all {object},tablelamps,off,,3,kitchen,"[{""id"": 256, ""states"": [""ON""]}, {""id"": 376, ""states"": [""OFF""]}, {""id"": 377, ""states"": [""ON""]}]",1,"[""test_task155""]",1,4,4.0,4.0,4.0,4,4,,0.0
state_change_task,test,Turn {state} all {object},tablelamps,off,,3,livingroom,"[{""id"": 256, ""states"": [""OFF""]}, {""id"": 376, ""states"": [""OFF""]}, {""id"": 377, ""states"": [""ON""]}]",1,"[""test_task159""]",1,2,2.0,2.0,2.0,2,2,,0.0
state_change_task,test,Turn {state} all {object},tablelamps,off,,3,livingroom,"[{""id"": 256, ""states"": [""ON""]}, {""id"": 376, ""states"": [""ON""]}, {""id"": 377, ""states"": [""OFF""]}]",1,"[""test_task154""]",1,4,4.0,4.0,4.0,4,4,,0.0
state_change_task,test,Turn {state} all {object},tablelamps,off,,5,kitchen,"[{""id"": 78, ""states"": [""OFF""]}, {""id"": 229, ""states"": [""OFF""]}]",1,"[""test_task216""]",1,0,0.0,0.0,0.0,0,0,,0.0
state_change_task,test,Turn {state} all {object},tablelamps,off,,5,kitchen,"[{""id"": 78, ""states"": [""OFF""]}, {""id"": 229, ""states"": [""ON""]}]",1,"[""test_task215""]",1,2,2.0,2.0,2.0,2,2,,0.0
state_change_task,test,Turn {state} all {object},tablelamps,off,,5,kitchen,"[{""id"": 78, ""states"": [""ON""]}, {""id"": 229, ""states"": [""OFF""]}]",1,"[""test_task214""]",1,2,2.0,2.0,2.0,2,2,,0.0
state_change_task,test,Turn {state} all {object},tablelamps,off,,5,kitchen,"[{""id"": 78, ""states"": [""ON""]}, {""id"": 229, ""states"": [""ON""]}]",1,"[""test_task213""]",1,4,4.0,4.0,4.0,4,4,,0.0
state_change_task,test,Turn {state} all {object},tvs,off,,1,bedroom,"[{""id"": 264, ""states"": [""ON""]}, {""id"": 426, ""states"": [""OFF""]}]",1,"[""test_task46""]",1,2,2.0,2.0,2.0,2,2,,0.0
state_change_task,test,Turn {state} all {object},tvs,off,,1,kitchen,"[{""id"": 264, ""states"": [""OFF""]}, {""id"": 426, ""states"": [""OFF""]}]",1,"[""test_task48""]",1,0,0.0,0.0,0.0,0,0,,0.0
state_change_task,test,Turn {state} all {object},tvs,off,,1,kitchen,"[{""id"": 264, ""states"": [""OFF""]}, {""id"": 426, ""states"": [""ON""]}]",1,"[""test_task47""]",1,2,2.0,2.0,2.0,2,2,,0.0
state_change_task,test,Turn {state} all {object},tvs,off,,1,livingroom,"[{""id"": 264, ""states"": [""ON""]}, {""id"": 426, ""states"": [""ON""]}]",1,"[""test_task45""]",1,4,4.0,4.0,4.0,4,4,,0.0
state_change_task,test,Turn {state} all {object},tvs,off,,5,bedroom,"[{""id"": 108, ""states"": [""OFF""]}, {""id"": 200, ""states"": [""ON""]}]",1,"[""test_task235""]",1,2,2.0,2.0,2.0,2,2,,0.0
state_change_task,test,Turn {state} all {object},tvs,off,,5,bedroom,"[{""id"": 108, ""states"": [""ON""]}, {""id"": 200, ""states"": [""ON""]}]",1,"[""test_task233""]",1,4,4.0,4.0,4.0,4,4,,0.0
state_change_task,test,Turn {state} all {object},tvs,off,,5,kitchen,"[{""id"": 108, ""states"": [""OFF""]}, {""id"": 200, ""states"": [""OFF""]}]",1,"[""test_task236""]",1,0,0.0,0.0,0.0,0,0,,0.0
state_change_task,test,Turn {state} all {object},tvs,off,,5,kitchen,"[{""id"": 108, ""states"": [""ON""]}, {""id"": 200, ""states"": [""OFF""]}]",1,"[""test_task234""]",1,2,2.0,2.0,2.0,2,2,,0.0
state_change_task,test,Turn {state} all {object},tvs,off,,6,bathroom,"[{""id"": 207, ""states"": [""ON""]}, {""id"": 314, ""states"": [""OFF""]}]",1,"[""test_task274""]",1,2,2.0,2.0,2.0,2,2,,0.0
state_change_task,test,Turn {state} all {object},tvs,off,,6,kitchen,"[{""id"": 207, ""states"": [""OFF""]}, {""id"": 314, ""states"": [""ON""]}]",1,"[""test_task275""]",1,2,2.0,2.0,2.0,2,2,,0.0
state_change_task,test,Turn {state} all {object},tvs,off,,6,livingroom,"[{""id"": 207, ""states"": [""OFF""]}, {""id"": 314, ""states"": [""OFF""]}]",1,"[""test_task276""]",1,0,0.0,0.0,0.0,0,0,,0.0
state_change_task,test,Turn {state} all {object},tvs,off,,6,livingroom,"[{""id"": 207, ""states"": [""ON""]}, {""id"": 314, ""states"": [""ON""]}]",1,"[""test_task273""]",1,4,4.0,4.0,4.0,4,4,,0.0
state_change_task,test,Turn {state} all {object},tvs,on,,1,bathroom,"[{""id"": 264, ""states"": [""ON""]}, {""id"": 426, ""states"": [""ON""]}]",1,"[""test_task17""]",1,0,0.0,0.0,0.0,0,0,,0.0
state_change_task,test,Turn {state} all {object},tvs,on,,1,bedroom,"[{""id"": 264, ""states"": [""ON""]}, {""id"": 426, ""states"": [""OFF""]}]",1,"[""test_task18""]",1,2,2.0,2.0,2.0,2,2,,0.0
state_change_task,test,Turn {state} all {object},tvs,on,,1,kitchen,"[{""id"": 264, ""states"": [""OFF""]}, {""id"": 426, ""states"": [""OFF""]}]",1,"[""test_task20""]",1,4,4.0,4.0,4.0,4,4,,0.0
state_change_task,test,Turn {state} all {object},tvs,on,,1,kitchen,"[{""id"": 264, ""states"": [""OFF""]}, {""id"": 426, ""states"": [""ON""]}]",1,"[""test_task19""]",1,2,2.0,2.0,2.0,2,2,,0.0
state_change_task,test,Turn {state} all {object},tvs,on,,5,bathroom,"[{""id"": 108, ""states"": [""OFF""]}, {""id"": 200, ""states"": [""OFF""]}]",1,"[""test_task212""]",1,4,4.0,4.0,4.0,4,4,,0.0
state_change_task,test,Turn {state} all {object},tvs,on,,5,bathroom,"[{""id"": 108, ""states"": [""OFF""]}, {""id"": 200, ""states"": [""ON""]}]",1,"[""test_task211""]",1,2,2.0,2.0,2.0,2,2,,0.0
state_change_task,test,Turn {state} all {object},tvs,on,,5,bedroom,"[{""id"": 108, ""states"": [""ON""]}, {""id"": 200, ""states"": [""ON""]}]",1,"[""test_task209""]",1,0,0.0,0.0,0.0,0,0,,0.0
state_change_task,test,Turn {state} all {object},tvs,on,,5,livingroom,"[{""id"": 108, ""states"": [""ON""]}, {""id"": 200, ""states"": [""OFF""]}]",1,"[""test_task210""]",1,2,2.0,2.0,2.0,2,2,,0.0
state_change_task,test,Turn {state} all {object},tvs,on,,6,kitchen,"[{""id"": 207, ""states"": [""OFF""]}, {""id"": 314, ""states"": [""OFF""]}]",1,"[""test_task256""]",1,4,4.0,4.0,4.0,4,4,,0.0
state_change_task,test,Turn {state} all {object},tvs,on,,6,livingroom,"[{""id"": 207, ""states"": [""OFF""]}, {""id"": 314, ""states"": [""ON""]}]",1,"[""test_task255""]",1,2,2.0,2.0,2.0,2,2,,0.0
state_change_task,test,Turn {state} all {object},tvs,on,,6,livingroom,"[{""id"": 207, ""states"": [""ON""]}, {""id"": 314, ""states"": [""OFF""]}]",1,"[""test_task254""]",1,2,2.0,2.0,2.0,2,2,,0.0
state_change_task,test,Turn {state} all {object},tvs,on,,6,livingroom,"[{""id"": 207, ""states"": [""ON""]}, {""id"": 314, ""states"": [""ON""]}]",1,"[""test_task253""]",1,0,0.0,0.0,0.0,0,0,,0.0
state_change_task,example,Turn {state} all {object},candles,off,,1,bathroom,"[{""id"": 69, ""states"": [""ON""]}, {""id"": 181, ""states"": [""ON""]}]",1,"[""example_task17""]",1,4,4.0,4.0,4.0,4,4,,0.0
state_change_task,example,Turn {state} all {object},candles,off,,1,bedroom,"[{""id"": 69, ""states"": [""ON""]}, {""id"": 181, ""states"": [""OFF""]}]",1,"[""example_task18""]",1,2,2.0,2.0,2.0,2,2,,0.0
state_change_task,example,Turn {state} all {object},candles,off,,1,kitchen,"[{""id"": 69, ""states"": [""OFF""]}, {""id"": 181, ""states"": [""ON""]}]",1,"[""example_task19""]",1,2,2.0,2.0,2.0,2,2,,0.0
state_change_task,example,Turn {state} all {object},candles,off,,1,livingroom,"[{""id"": 69, ""states"": [""OFF""]}, {""id"": 181, ""states"": [""OFF""]}]",1,"[""example_task20""]",1,0,0.0,0.0,0.0,0,0,,0.0
state_change_task,example,Turn {state} all {object},candles,off,,2,bathroom,"[{""id"": 194, ""states"": [""ON""]}, {""id"": 197, ""states"": [""ON""]}]",1,"[""example_task61""]",1,4,4.0,4.0,4.0,4,4,,0.0
state_change_task,example,Turn {state} all {object},candles,off,,2,bedroom,"[{""id"": 194, ""states"": [""OFF""]}, {""id"": 197, ""states"": [""ON""]}]",1,"[""example_task63""]",1,2,2.0,2.0,2.0,2,2,,0.0
state_change_task,example,Turn {state} all {object},candles,off,,2,bedroom,"[{""id"": 194, ""states"": [""ON""]}, {""id"": 197, ""states"": [""OFF""]}]",1,"[""example_task62""]",1,2,2.0,2.0,2.0,2,2,,0.0
state_change_task,example,Turn {state} all {object},candles,off,,2,kitchen,"[{""id"": 194, ""states"": [""OFF""]}, {""id"": 197, ""states"": [""OFF""]}]",1,"[""example_task64""]",1,0,0.0,0.0,0.0,0,0,,0.0
state_change_task,example,Turn {state} all {object},candles,off,,3,bathroom,"[{""id"": 124, ""states"": [""OFF""]}, {""id"": 216, ""states"": [""ON""]}, {""id"": 314, ""states"": [""OFF""]}]",1,"[""example_task86""]",1,2,2.0,2.0,2.0,2,2,,0.0
state_change_task,example,Turn {state} all {object},candles,off,,3,bedroom,"[{""id"": 124, ""states"": [""ON""]}, {""id"": 216, ""states"": [""OFF""]}, {""id"": 314, ""states"": [""OFF""]}]",1,"[""example_task84""]",1,2,2.0,2.0,2.0,2,2,,0.0
state_change_task,example,Turn {state} all {object},candles,off,,3,kitchen,"[{""id"": 124, ""states"": [""OFF""]}, {""id"": 216, ""states"": [""ON""]}, {""id"": 314, ""states"": [""ON""]}]",1,"[""example_task85""]",1,4,4.0,4.0,4.0,4,4,,0.0
state_change_task,example,Turn {state} all {object},candles,off,,3,kitchen,"[{""id"": 124, ""states"": [""ON""]}, {""id"": 216, ""states"": [""ON""]}, {""id"": 314, ""states"": [""OFF""]}]",1,"[""example_task82""]",1,4,4.0,4.0,4.0,4,4,,0.0
state_change_task,example,Turn {state} all {object},candles,off,,3,kitchen,"[{""id"": 124, ""states"": [""ON""]}, {""id"": 216, ""states"": [""ON""]}, {""id"": 314, ""states"": [""ON""]}]",1,"[""example_task81""]",1,6,6.0,6.0,6.0,6,6,,0.0
state_change_task,example,Turn {state} all {object},candles,off,,3,livingroom,"[{""id"": 124, ""states"": [""OFF""]}, {""id"": 216, ""states"": [""OFF""]}, {""id"": 314, ""states"": [""OFF""]}]",1,"[""example_task88""]",1,0,0.0,0.0,0.0,0,0,,0.0
state_change_task,example,Turn {state} all {object},candles,off,,3,livingroom,"[{""id"": 124, ""states"": [""OFF""]}, {""id"": 216, ""states"": [""OFF""]}, {""id"": 314, ""states"": [""ON""]}]",1,"[""example_task87""]",1,2,2.0,2.0,2.0,2,2,,0.0
state_change_task,example,Turn {state} all {object},candles,off,,3,livingroom,"[{""id"": 124, ""states"": [""ON""]}, {""id"": 216, ""states"": [""OFF""]}, {""id"": 314, ""states"": [""ON""]}]",1,"[""example_task83""]",1,4,4.0,4.0,4.0,4,4,,0.0
state_change_task,example,Turn {state} all {object},candles,off,,7,bathroom,"[{""id"": 124, ""states"": [""OFF""]}, {""id"": 127, ""states"": [""ON""]}]",1,"[""example_task147""]",1,2,2.0,2.0,2.0,2,2,,0.0
state_change_task,example,Turn {state} all {object},candles,off,,7,bedroom,"[{""id"": 124, ""states"": [""OFF""]}, {""id"": 127, ""states"": [""OFF""]}]",1,"[""example_task148""]",1,0,0.0,0.0,0.0,0,0,,0.0
state_change_task,example,Turn {state} all {object},candles,off,,7,bedroom,"[{""id"": 124, ""states"": [""ON""]}, {""id"": 127, ""states"": [""OFF""]}]",1,"[""example_task146""]",1,2,2.0,2.0,2.0,2,2,,0.0
state_change_task,example,Turn {state} all {object},candles,off,,7,kitchen,"[{""id"": 124, ""states"": [""ON""]}, {""id"": 127, ""states"": [""ON""]}]",1,"[""example_task145""]",1,4,4.0,4.0,4.0,4,4,,0.0
state_change_task,example,Turn {state} all {object},cellphones,off,,1,bathroom,"[{""id"": 188, ""states"": [""OFF""]}, {""id"": 202, ""states"": [""OFF""]}, {""id"": 448, ""states"": [""OFF""]}, {""id"": 449, ""states"": [""OFF""]}]",1,"[""example_task36""]",1,0,0.0,0.0,0.0,0,0,,0.0
state_change_task,example,Turn {state} all {object},cellphones,off,,1,bathroom,"[{""id"": 188, ""states"": [""OFF""]}, {""id"": 202, ""states"": [""ON""]}, {""id"": 448, ""states"": [""OFF""]}, {""id"": 449, ""states"": [""OFF""]}]",1,"[""example_task32""]",1,2,2.0,2.0,2.0,2,2,,0.0
state_change_task,example,Turn {state} all {object},cellphones,off,,1,bathroom,"[{""id"": 188, ""states"": [""OFF""]}, {""id"": 202, ""states"": [""ON""]}, {""id"": 448, ""states"": [""OFF""]}, {""id"": 449, ""states"": [""ON""]}]",1,"[""example_task31""]",1,4,4.0,4.0,4.0,4,4,,0.0
state_change_task,example,Turn {state} all {object},cellphones,off,,1,bathroom,"[{""id"": 188, ""states"": [""ON""]}, {""id"": 202, ""states"": [""OFF""]}, {""id"": 448, ""states"": [""ON""]}, {""id"": 449, ""states"": [""OFF""]}]",1,"[""example_task26""]",1,4,4.0,4.0,4.0,4,4,,0.0
state_change_task,example,Turn {state} all {object},cellphones,off,,1,bathroom,"[{""id"": 188, ""states"": [""ON""]}, {""id"": 202, ""states"": [""OFF""]}, {""id"": 448, ""states"": [""ON""]}, {""id"": 449, ""states"": [""ON""]}]",1,"[""example_task25""]",1,6,6.0,6.0,6.0,6,6,,0.0
state_change_task,example,Turn {state} all {object},cellphones,off,,1,bathroom,"[{""id"": 188, ""states"": [""ON""]}, {""id"": 202, ""states"": [""ON""]}, {""id"": 448, ""states"": [""ON""]}, {""id"": 449, ""states"": [""ON""]}]",1,"[""example_task21""]",1,8,8.0,8.0,8.0,8,8,,0.0
state_change_task,example,Turn {state} all {object},cellphones,off,,1,bedroom,"[{""id"": 188, ""states"": [""OFF""]}, {""id"": 202, ""states"": [""OFF""]}, {""id"": 448, ""states"": [""ON""]}, {""id"": 449, ""states"": [""OFF""]}]",1,"[""example_task34""]",1,2,2.0,2.0,2.0,2,2,,0.0
state_change_task,example,Turn {state} all {object},cellphones,off,,1,bedroom,"[{""id"": 188, ""states"": [""OFF""]}, {""id"": 202, ""states"": [""OFF""]}, {""id"": 448, ""states"": [""ON""]}, {""id"": 449, ""states"": [""ON""]}]",1,"[""example_task33""]",1,4,4.0,4.0,4.0,4,4,,0.0
state_change_task,example,Turn {state} all {object},cellphones,off,,1,bedroom,"[{""id"": 188, ""states"": [""ON""]}, {""id"": 202, ""states"": [""OFF""]}, {""id"": 448, ""states"": [""OFF""]}, {""id"": 449, ""states"": [""OFF""]}]",1,"[""example_task28""]",1,2,2.0,2.0,2.0,2,2,,0.0
state_change_task,example,Turn {state} all {object},cellphones,off,,1,bedroom,"[{""id"": 188, ""states"": [""ON""]}, {""id"": 202, ""states"": [""ON""]}, {""id"": 448, ""states"": [""OFF""]}, {""id"": 449, ""states"": [""ON""]}]",1,"[""example_task23""]",1,6,6.0,6.0,6.0,6,6,,0.0
state_change_task,example,Turn {state} all {object},cellphones,off,,1,kitchen,"[{""id"": 188, ""states"": [""OFF""]}, {""id"": 202, ""states"": [""ON""]}, {""id"": 448, ""states"": [""ON""]}, {""id"": 449, ""states"": [""OFF""]}]",1,"[""example_task30""]",1,4,4.0,4.0,4.0,4,4,,0.0
state_change_task,example,Turn {state} all {object},cellphones,off,,1,kitchen,"[{""id"": 188, ""states"": [""ON""]}, {""id"": 202, ""states"": [""OFF""]}, {""id"": 448, ""states"": [""OFF""]}, {""id"": 449, ""states"": [""ON""]}]",1,"[""example_task27""]",1,4,4.0,4.0,4.0,4,4,,0.0
state_change_task,example,Turn {state} all {object},cellphones,off,,1,kitchen,"[{""id"": 188, ""states"": [""ON""]}, {""id"": 202, ""states"": [""ON""]}, {""id"": 448, ""states"": [""ON""]}, {""id"": 449, ""states"": [""OFF""]}]",1,"[""example_task22""]",1,6,6.0,6.0,6.0,6,6,,0.0
state_change_task,example,Turn {state} all {object},cellphones,off,,1,livingroom,"[{""id"": 188, ""states"": [""OFF""]}, {""id"": 202, ""states"": [""OFF""]}, {""id"": 448, ""states"": [""OFF""]}, {""id"": 449, ""states"": [""ON""]}]",1,"[""example_task35""]",1,2,2.0,2.0,2.0,2,2,,0.0
state_change_task,example,Turn {state} all {object},cellphones,off,,1,livingroom,"[{""id"": 188, ""states"": [""OFF""]}, {""id"": 202, ""states"": [""ON""]}, {""id"": 448, ""states"": [""ON""]}, {""id"": 449, ""states"": [""ON""]}]",1,"[""example_task29""]",1,6,6.0,6.0,6.0,6,6,,0.0
state_change_task,example,Turn {state} all {object},cellphones,off,,1,livingroom,"[{""id"": 188, ""states"": [""ON""]}, {""id"": 202, ""states"": [""ON""]}, {""id"": 448, ""states"": [""OFF""]}, {""id"": 449, ""states"": [""OFF""]}]",1,"[""example_task24""]",1,4,4.0,4.0,4.0,4,4,,0.0
state_change_task,example,Turn {state} all {object},cellphones,off,,2,bathroom,"[{""id"": 111, ""states"": [""OFF""]}, {""id"": 185, ""states"": [""OFF""]}, {""id"": 318, ""states"": [""ON""]}]",1,"[""example_task59""]",1,2,2.0,2.0,2.0,2,2,,0.0
state_change_task,example,Turn {state} all {object},cellphones,off,,2,bedroom,"[{""id"": 111, ""states"": [""OFF""]}, {""id"": 185, ""states"": [""ON""]}, {""id"": 318, ""states"": [""ON""]}]",1,"[""example_task57""]",1,4,4.0,4.0,4.0,4,4,,0.0
state_change_task,example,Turn {state} all {object},cellphones,off,,2,bedroom,"[{""id"": 111, ""states"": [""ON""]}, {""id"": 185, ""states"": [""OFF""]}, {""id"": 318, ""states"": [""OFF""]}]",1,"[""example_task56""]",1,2,2.0,2.0,2.0,2,2,,0.0
state_change_task,example,Turn {state} all {object},cellphones,off,,2,bedroom,"[{""id"": 111, ""states"": [""ON""]}, {""id"": 185, ""states"": [""OFF""]}, {""id"": 318, ""states"": [""ON""]}]",1,"[""example_task55""]",1,4,4.0,4.0,4.0,4,4,,0.0
state_change_task,example,Turn {state} all {object},cellphones,off,,2,bedroom,"[{""id"": 111, ""states"": [""ON""]}, {""id"": 185, ""states"": [""ON""]}, {""id"": 318, ""states"": [""OFF""]}]",1,"[""example_task54""]",1,4,4.0,4.0,4.0,4,4,,0.0
state_change_task,example,Turn {state} all {object},cellphones,off,,2,bedroom,"[{""id"": 111, ""states"": [""ON""]}, {""id"": 185, ""states"": [""ON""]}, {""id"": 318, ""states"": [""ON""]}]",1,"[""example_task53""]",1,6,6.0,6.0,6.0,6,6,,0.0
state_change_task,example,Turn {state} all {object},cellphones,off,,2,kitchen,"[{""id"": 111, ""states"": [""OFF""]}, {""id"": 185, ""states"": [""OFF""]}, {""id"": 318, ""states"": [""OFF""]}]",1,"[""example_task60""]",1,0,0.0,0.0,0.0,0,0,,0.0
state_change_task,example,Turn {state} all {object},cellphones,off,,2,kitchen,"[{""id"": 111, ""states"": [""OFF""]}, {""id"": 185, ""states"": [""ON""]}, {""id"": 318, ""states"": [""OFF""]}]",1,"[""example_task58""]",1,2,2.0,2.0,2.0,2,2,,0.0
state_change_task,example,Turn {state} all {object},cellphones,off,,3,bedroom,"[{""id"": 120, ""states"": [""ON""]}, {""id"": 274, ""states"": [""OFF""]}]",1,"[""example_task78""]",1,2,2.0,2.0,2.0,2,2,,0.0
state_change_task,example,Turn {state} all {object},cellphones,off,,3,bedroom,"[{""id"": 120, ""states"": [""ON""]}, {""id"": 274, ""states"": [""ON""]}]",1,"[""example_task77""]",1,4,4.0,4.0,4.0,4,4,,0.0
state_change_task,example,Turn {state} all {object},cellphones,off,,3,kitchen,"[{""id"": 120, ""states"": [""OFF""]}, {""id"": 274, ""states"": [""ON""]}]",1,"[""example_task79""]",1,2,2.0,2.0,2.0,2,2,,0.0
state_change_task,example,Turn {state} all {object},cellphones,off,,3,livingroom,"[{""id"": 120, ""states"": [""OFF""]}, {""id"": 274, ""states"": [""OFF""]}]",1,"[""example_task80""]",1,0,0.0,0.0,0.0,0,0,,0.0
state_change_task,example,Turn {state} all {object},cellphones,off,,4,bedroom,"[{""id"": 157, ""states"": [""ON""]}, {""id"": 249, ""states"": [""OFF""]}]",1,"[""example_task102""]",1,2,2.0,2.0,2.0,2,2,,0.0
state_change_task,example,Turn {state} all {object},cellphones,off,,4,bedroom,"[{""id"": 157, ""states"": [""ON""]}, {""id"": 249, ""states"": [""ON""]}]",1,"[""example_task101""]",1,4,4.0,4.0,4.0,4,4,,0.0
state_change_task,example,Turn {state} all {object},cellphones,off,,4,kitchen,"[{""id"": 157, ""states"": [""OFF""]}, {""id"": 249, ""states"": [""OFF""]}]",1,"[""example_task104""]",1,0,0.0,0.0,0.0,0,0,,0.0
state_change_task,example,Turn {state} all {object},cellphones,off,,4,kitchen,"[{""id"": 157, ""states"": [""OFF""]}, {""id"": 249, ""states"": [""ON""]}]",1,"[""example_task103""]",1,2,2.0,2.0,2.0,2,2,,0.0
state_change_task,example,Turn {state} all {object},cellphones,off,,5,bathroom,"[{""id"": 101, ""states"": [""OFF""]}, {""id"": 187, ""states"": [""ON""]}]",1,"[""example_task115""]",1,2,2.0,2.0,2.0,2,2,,0.0
state_change_task,example,Turn {state} all {object},cellphones,off,,5,bedroom,"[{""id"": 101, ""states"": [""ON""]}, {""id"": 187, ""states"": [""OFF""]}]",1,"[""example_task114""]",1,2,2.0,2.0,2.0,2,2,,0.0
state_change_task,example,Turn {state} all {object},cellphones,off,,5,bedroom,"[{""id"": 101, ""states"": [""ON""]}, {""id"": 187, ""states"": [""ON""]}]",1,"[""example_task113""]",1,4,4.0,4.0,4.0,4,4,,0.0
state_change_task,example,Turn {state} all {object},cellphones,off,,5,kitchen,"[{""id"": 101, ""states"": [""OFF""]}, {""id"": 187, ""states"": [""OFF""]}]",1,"[""example_task116""]",1,0,0.0,0.0,0.0,0,0,,0.0
state_change_task,example,Turn {state} all {object},cellphones,off,,6,bathroom,"[{""id"": 223, ""states"": [""OFF""]}, {""id"": 323, ""states"": [""OFF""]}]",1,"[""example_task132""]",1,0,0.0,0.0,0.0,0,0,,0.0
state_change_task,example,Turn {state} all {object},cellphones,off,,6,bedroom,"[{""id"": 223, ""states"": [""ON""]}, {""id"": 323, ""states"": [""OFF""]}]",1,"[""example_task130""]",1,2,2.0,2.0,2.0,2,2,,0.0
state_change_task,example,Turn {state} all {object},cellphones,off,,6,bedroom,"[{""id"": 223, ""states"": [""ON""]}, {""id"": 323, ""states"": [""ON""]}]",1,"[""example_task129""]",1,4,4.0,4.0,4.0,4,4,,0.0
state_change_task,example,Turn {state} all {object},cellphones,off,,6,livingroom,"[{""id"": 223, ""states"": [""OFF""]}, {""id"": 323, ""states"": [""ON""]}]",1,"[""example_task131""]",1,2,2.0,2.0,2.0,2,2,,0.0
state_change_task,example,Turn {state} all {object},cellphones,off,,7,bathroom,"[{""id"": 268, ""states"": [""ON""]}, {""id"": 271, ""states"": [""OFF""]}]",1,"[""example_task150""]",1,2,2.0,2.0,2.0,2,2,,0.0
state_change_task,example,Turn {state} all {object},cellphones,off,,7,bedroom,"[{""id"": 268, ""states"": [""ON""]}, {""id"": 271, ""states"": [""ON""]}]",1,"[""example_task149""]",1,4,4.0,4.0,4.0,4,4,,0.0
state_change_task,example,Turn {state} all {object},cellphones,off,,7,kitchen,"[{""id"": 268, ""states"": [""OFF""]}, {""id"": 271, ""states"": [""ON""]}]",1,"[""example_task151""]",1,2,2.0,2.0,2.0,2,2,,0.0
state_change_task,example,Turn {state} all {object},cellphones,off,,7,livingroom,"[{""id"": 268, ""states"": [""OFF""]}, {""id"": 271, ""states"": [""OFF""]}]",1,"[""example_task152""]",1,0,0.0,0.0,0.0,0,0,,0.0
state_change_task,example,Turn {state} all {object},computers,on,,1,bedroom,"[{""id"": 174, ""states"": [""ON""]}, {""id"": 433, ""states"": [""OFF""]}]",1,"[""example_task10""]",1,2,2.0,2.0,2.0,2,2,,0.0
state_change_task,example,Turn {state} all {object},computers,on,,1,kitchen,"[{""id"": 174, ""states"": [""OFF""]}, {""id"": 433, ""states"": [""ON""]}]",1,"[""example_task11""]",1,2,2.0,2.0,2.0,2,2,,0.0
state_change_task,example,Turn {state} all {object},computers,on,,1,livingroom,"[{""id"": 174, ""states"": [""OFF""]}, {""id"": 433, ""states"": [""OFF""]}]",1,"[""example_task12""]",1,4,4.0,4.0,4.0,4,4,,0.0
state_change_task,example,Turn {state} all {object},computers,on,,1,livingroom,"[{""id"": 174, ""states"": [""ON""]}, {""id"": 433, ""states"": [""ON""]}]",1,"[""example_task9""]",1,0,0.0,0.0,0.0,0,0,,0.0
state_change_task,example,Turn {state} all {object},computers,on,,2,bathroom,"[{""id"": 94, ""states"": [""ON""]}, {""id"": 295, ""states"": [""ON""]}]",1,"[""example_task41""]",1,0,0.0,0.0,0.0,0,0,,0.0
state_change_task,example,Turn {state} all {object},computers,on,,2,bedroom,"[{""id"": 94, ""states"": [""OFF""]}, {""id"": 295, ""states"": [""OFF""]}]",1,"[""example_task44""]",1,4,4.0,4.0,4.0,4,4,,0.0
state_change_task,example,Turn {state} all {object},computers,on,,2,bedroom,"[{""id"": 94, ""states"": [""OFF""]}, {""id"": 295, ""states"": [""ON""]}]",1,"[""example_task43""]",1,2,2.0,2.0,2.0,2,2,,0.0
state_change_task,example,Turn {state} all {object},computers,on,,2,kitchen,"[{""id"": 94, ""states"": [""ON""]}, {""id"": 295, ""states"": [""OFF""]}]",1,"[""example_task42""]",1,2,2.0,2.0,2.0,2,2,,0.0
state_change_task,example,Turn {state} all {object},computers,on,,7,bedroom,"[{""id"": 274, ""states"": [""OFF""]}, {""id"": 324, ""states"": [""ON""]}]",1,"[""example_task139""]",1,2,2.0,2.0,2.0,2,2,,0.0
state_change_task,example,Turn {state} all {object},computers,on,,7,bedroom,"[{""id"": 274, ""states"": [""ON""]}, {""id"": 324, ""states"": [""OFF""]}]",1,"[""example_task138""]",1,2,2.0,2.0,2.0,2,2,,0.0
state_change_task,example,Turn {state} all {object},computers,on,,7,kitchen,"[{""id"": 274, ""states"": [""OFF""]}, {""id"": 324, ""states"": [""OFF""]}]",1,"[""example_task140""]",1,4,4.0,4.0,4.0,4,4,,0.0
state_change_task,example,Turn {state} all {object},computers,on,,7,kitchen,"[{""id"": 274, ""states"": [""ON""]}, {""id"": 324, ""states"": [""ON""]}]",1,"[""example_task137""]",1,0,0.0,0.0,0.0,0,0,,0.0
state_change_task,example,Turn {state} all {object},faucets,off,,1,bathroom,"[{""id"": 50, ""states"": [""OFF""]}, {""id"": 248, ""states"": [""ON""]}]",1,"[""example_task15""]",1,2,2.0,2.0,2.0,2,2,,0.0
state_change_task,example,Turn {state} all {object},faucets,off,,1,bathroom,"[{""id"": 50, ""states"": [""ON""]}, {""id"": 248, ""states"": [""OFF""]}]",1,"[""example_task14""]",1,2,2.0,2.0,2.0,2,2,,0.0
state_change_task,example,Turn {state} all {object},faucets,off,,1,bedroom,"[{""id"": 50, ""states"": [""OFF""]}, {""id"": 248, ""states"": [""OFF""]}]",1,"[""example_task16""]",1,0,0.0,0.0,0.0,0,0,,0.0
state_change_task,example,Turn {state} all {object},faucets,off,,1,livingroom,"[{""id"": 50, ""states"": [""ON""]}, {""id"": 248, ""states"": [""ON""]}]",1,"[""example_task13""]",1,4,4.0,4.0,4.0,4,4,,0.0
state_change_task,example,Turn {state} all {object},faucets,off,,2,bathroom,"[{""id"": 29, ""states"": [""ON""]}, {""id"": 220, ""states"": [""ON""]}]",1,"[""example_task49""]",1,4,4.0,4.0,4.0,4,4,,0.0
state_change_task,example,Turn {state} all {object},faucets,off,,2,bedroom,"[{""id"": 29, ""states"": [""OFF""]}, {""id"": 220, ""states"": [""ON""]}]",1,"[""example_task51""]",1,2,2.0,2.0,2.0,2,2,,0.0
state_change_task,example,Turn {state} all {object},faucets,off,,2,kitchen,"[{""id"": 29, ""states"": [""ON""]}, {""id"": 220, ""states"": [""OFF""]}]",1,"[""example_task50""]",1,2,2.0,2.0,2.0,2,2,,0.0
state_change_task,example,Turn {state} all {object},faucets,off,,2,livingroom,"[{""id"": 29, ""states"": [""OFF""]}, {""id"": 220, ""states"": [""OFF""]}]",1,"[""example_task52""]",1,0,0.0,0.0,0.0,0,0,,0.0
state_change_task,example,Turn {state} all {object},faucets,off,,3,bathroom,"[{""id"": 156, ""states"": [""ON""]}, {""id"": 327, ""states"": [""ON""]}]",1,"[""example_task89""]",1,4,4.0,4.0,4.0,4,4,,0.0
state_change_task,example,Turn {state} all {object},faucets,off,,3,kitchen,"[{""id"": 156, ""states"": [""OFF""]}, {""id"": 327, ""states"": [""OFF""]}]",1,"[""example_task92""]",1,0,0.0,0.0,0.0,0,0,,0.0
state_change_task,example,Turn {state} all {object},faucets,off,,3,kitchen,"[{""id"": 156, ""states"": [""OFF""]}, {""id"": 327, ""states"": [""ON""]}]",1,"[""example_task91""]",1,2,2.0,2.0,2.0,2,2,,0.0
state_change_task,example,Turn {state} all {object},faucets,off,,3,kitchen,"[{""id"": 156, ""states"": [""ON""]}, {""id"": 327, ""states"": [""OFF""]}]",1,"[""example_task90""]",1,2,2.0,2.0,2.0,2,2,,0.0
state_change_task,example,Turn {state} all {object},faucets,off,,4,bathroom,"[{""id"": 91, ""states"": [""ON""]}, {""id"": 195, ""states"": [""ON""]}]",1,"[""example_task97""]",1,4,4.0,4.0,4.0,4,4,,0.0
state_change_task,example,Turn {state} all {object},faucets,off,,4,bedroom,"[{""id"": 91, ""states"": [""OFF""]}, {""id"": 195, ""states"": [""OFF""]}]",1,"[""example_task100""]",1,0,0.0,0.0,0.0,0,0,,0.0
state_change_task,example,Turn {state} all {object},faucets,off,,4,bedroom,"[{""id"": 91, ""states"": [""OFF""]}, {""id"": 195, ""states"": [""ON""]}]",1,"[""example_task99""]",1,2,2.0,2.0,2.0,2,2,,0.0
state_change_task,example,Turn {state} all {object},faucets,off,,4,livingroom,"[{""id"": 91, ""states"": [""ON""]}, {""id"": 195, ""states"": [""OFF""]}]",1,"[""example_task98""]",1,2,2.0,2.0,2.0,2,2,,0.0
state_change_task,example,Turn {state} all {object},faucets,off,,5,bathroom,"[{""id"": 152, ""states"": [""OFF""]}, {""id"": 300, ""states"": [""ON""]}]",1,"[""example_task119""]",1,2,2.0,2.0,2.0,2,2,,0.0
state_change_task,example,Turn {state} all {object},faucets,off,,5,bathroom,"[{""id"": 152, ""states"": [""ON""]}, {""id"": 300, ""states"": [""OFF""]}]",1,"[""example_task118""]",1,2,2.0,2.0,2.0,2,2,,0.0
state_change_task,example,Turn {state} all {object},faucets,off,,5,bathroom,"[{""id"": 152, ""states"": [""ON""]}, {""id"": 300, ""states"": [""ON""]}]",1,"[""example_task117""]",1,4,4.0,4.0,4.0,4,4,,0.0
state_change_task,example,Turn {state} all {object},faucets,off,,5,livingroom,"[{""id"": 152, ""states"": [""OFF""]}, {""id"": 300, ""states"": [""OFF""]}]",1,"[""example_task120""]",1,0,0.0,0.0,0.0,0,0,,0.0
state_change_task,example,Turn {state} all {object},faucets,off,,6,bathroom,"[{""id"": 38, ""states"": [""OFF""]}, {""id"": 199, ""states"": [""OFF""]}]",1,"[""example_task128""]",1,0,0.0,0.0,0.0,0,0,,0.0
state_change_task,example,Turn {state} all {object},faucets,off,,6,bathroom,"[{""id"": 38, ""states"": [""ON""]}, {""id"": 199, ""states"": [""ON""]}]",1,"[""example_task125""]",1,4,4.0,4.0,4.0,4,4,,0.0
state_change_task,example,Turn {state} all {object},faucets,off,,6,bedroom,"[{""id"": 38, ""states"": [""OFF""]}, {""id"": 199, ""states"": [""ON""]}]",1,"[""example_task127""]",1,2,2.0,2.0,2.0,2,2,,0.0
state_change_task,example,Turn {state} all {object},faucets,off,,6,kitchen,"[{""id"": 38, ""states"": [""ON""]}, {""id"": 199, ""states"": [""OFF""]}]",1,"[""example_task126""]",1,2,2.0,2.0,2.0,2,2,,0.0
state_change_task,example,Turn {state} all {object},faucets,off,,7,bedroom,"[{""id"": 30, ""states"": [""OFF""]}, {""id"": 149, ""states"": [""ON""]}]",1,"[""example_task143""]",1,2,2.0,2.0,2.0,2,2,,0.0
state_change_task,example,Turn {state} all {object},faucets,off,,7,bedroom,"[{""id"": 30, ""states"": [""ON""]}, {""id"": 149, ""states"": [""ON""]}]",1,"[""example_task141""]",1,4,4.0,4.0,4.0,4,4,,0.0
state_change_task,example,Turn {state} all {object},faucets,off,,7,livingroom,"[{""id"": 30, ""states"": [""OFF""]}, {""id"": 149, ""states"": [""OFF""]}]",1,"[""example_task144""]",1,0,0.0,0.0,0.0,0,0,,0.0
state_change_task,example,Turn {state} all {object},faucets,off,,7,livingroom,"[{""id"": 30, ""states"": [""ON""]}, {""id"": 149, ""states"": [""OFF""]}]",1,"[""example_task142""]",1,2,2.0,2.0,2.0,2,2,,0.0
state_change_task,example,Turn {state} all {object},faucets,on,,1,bathroom,"[{""id"": 50, ""states"": [""ON""]}, {""id"": 248, ""states"": [""ON""]}]",1,"[""example_task1""]",1,0,0.0,0.0,0.0,0,0,,0.0
state_change_task,example,Turn {state} all {object},faucets,on,,1,bedroom,"[{""id"": 50, ""states"": [""OFF""]}, {""id"": 248, ""states"": [""OFF""]}]",1,"[""example_task4""]",1,4,4.0,4.0,4.0,4,4,,0.0
state_change_task,example,Turn {state} all {object},faucets,on,,1,bedroom,"[{""id"": 50, ""states"": [""OFF""]}, {""id"": 248, ""states"": [""ON""]}]",1,"[""example_task3""]",1,2,2.0,2.0,2.0,2,2,,0.0
state_change_task,example,Turn {state} all {object},faucets,on,,1,bedroom,"[{""id"": 50, ""states"": [""ON""]}, {""id"": 248, ""states"": [""OFF""]}]",1,"[""example_task2""]",1,2,2.0,2.0,2.0,2,2,,0.0
state_change_task,example,Turn {state} all {object},faucets,on,,2,bedroom,"[{""id"": 29, ""states"": [""OFF""]}, {""id"": 220, ""states"": [""ON""]}]",1,"[""example_task39""]",1,2,2.0,2.0,2.0,2,2,,0.0
state_change_task,example,Turn {state} all {object},faucets,on,,2,bedroom,"[{""id"": 29, ""states"": [""ON""]}, {""id"": 220, ""states"": [""OFF""]}]",1,"[""example_task38""]",1,2,2.0,2.0,2.0,2,2,,0.0
state_change_task,example,Turn {state} all {object},faucets,on,,2,kitchen,"[{""id"": 29, ""states"": [""ON""]}, {""id"": 220, ""states"": [""ON""]}]",1,"[""example_task37""]",1,0,0.0,0.0,0.0,0,0,,0.0
state_change_task,example,Turn {state} all {object},faucets,on,,2,livingroom,"[{""id"": 29, ""states"": [""OFF""]}, {""id"": 220, ""states"": [""OFF""]}]",1,"[""example_task40""]",1,4,4.0,4.0,4.0,4,4,,0.0
state_change_task,example,Turn {state} all {object},faucets,on,,3,bedroom,"[{""id"": 156, ""states"": [""ON""]}, {""id"": 327, ""states"": [""OFF""]}]",1,"[""example_task66""]",1,2,2.0,2.0,2.0,2,2,,0.0
state_change_task,example,Turn {state} all {object},faucets,on,,3,bedroom,"[{""id"": 156, ""states"": [""ON""]}, {""id"": 327, ""states"": [""ON""]}]",1,"[""example_task65""]",1,0,0.0,0.0,0.0,0,0,,0.0
state_change_task,example,Turn {state} all {object},faucets,on,,3,livingroom,"[{""id"": 156, ""states"": [""OFF""]}, {""id"": 327, ""states"": [""OFF""]}]",1,"[""example_task68""]",1,4,4.0,4.0,4.0,4,4,,0.0
state_change_task,example,Turn {state} all {object},faucets,on,,3,livingroom,"[{""id"": 156, ""states"": [""OFF""]}, {""id"": 327, ""states"": [""ON""]}]",1,"[""example_task67""]",1,2,2.0,2.0,2.0,2,2,,0.0
state_change_task,example,Turn {state} all {object},faucets,on,,4,bathroom,"[{""id"": 91, ""states"": [""ON""]}, {""id"": 195, ""states"": [""OFF""]}]",1,"[""example_task94""]",1,2,2.0,2.0,2.0,2,2,,0.0
state_change_task,example,Turn {state} all {object},faucets,on,,4,bedroom,"[{""id"": 91, ""states"": [""ON""]}, {""id"": 195, ""states"": [""ON""]}]",1,"[""example_task93""]",1,0,0.0,0.0,0.0,0,0,,0.0
state_change_task,example,Turn {state} all {object},faucets,on,,4,livingroom,"[{""id"": 91, ""states"": [""OFF""]}, {""id"": 195, ""states"": [""OFF""]}]",1,"[""example_task96""]",1,4,4.0,4.0,4.0,4,4,,0.0
state_change_task,example,Turn {state} all {object},faucets,on,,4,livingroom,"[{""id"": 91, ""states"": [""OFF""]}, {""id"": 195, ""states"": [""ON""]}]",1,"[""example_task95""]",1,2,2.0,2.0,2.0,2,2,,0.0
state_change_task,example,Turn {state} all {object},faucets,on,,5,bathroom,"[{""id"": 152, ""states"": [""OFF""]}, {""id"": 300, ""states"": [""ON""]}]",1,"[""example_task111""]",1,2,2.0,2.0,2.0,2,2,,0.0
state_change_task,example,Turn {state} all {object},faucets,on,,5,bathroom,"[{""id"": 152, ""states"": [""ON""]}, {""id"": 300, ""states"": [""OFF""]}]",1,"[""example_task110""]",1,2,2.0,2.0,2.0,2,2,,0.0
state_change_task,example,Turn {state} all {object},faucets,on,,5,kitchen,"[{""id"": 152, ""states"": [""ON""]}, {""id"": 300, ""states"": [""ON""]}]",1,"[""example_task109""]",1,0,0.0,0.0,0.0,0,0,,0.0
state_change_task,example,Turn {state} all {object},faucets,on,,5,livingroom,"[{""id"": 152, ""states"": [""OFF""]}, {""id"": 300, ""states"": [""OFF""]}]",1,"[""example_task112""]",1,4,4.0,4.0,4.0,4,4,,0.0
state_change_task,example,Turn {state} all {object},faucets,on,,6,bedroom,"[{""id"": 38, ""states"": [""OFF""]}, {""id"": 199, ""states"": [""ON""]}]",1,"[""example_task123""]",1,2,2.0,2.0,2.0,2,2,,0.0
state_change_task,example,Turn {state} all {object},faucets,on,,6,bedroom,"[{""id"": 38, ""states"": [""ON""]}, {""id"": 199, ""states"": [""OFF""]}]",1,"[""example_task122""]",1,2,2.0,2.0,2.0,2,2,,0.0
state_change_task,example,Turn {state} all {object},faucets,on,,6,kitchen,"[{""id"": 38, ""states"": [""OFF""]}, {""id"": 199, ""states"": [""OFF""]}]",1,"[""example_task124""]",1,4,4.0,4.0,4.0,4,4,,0.0
state_change_task,example,Turn {state} all {object},faucets,on,,6,kitchen,"[{""id"": 38, ""states"": [""ON""]}, {""id"": 199, ""states"": [""ON""]}]",1,"[""example_task121""]",1,0,0.0,0.0,0.0,0,0,,0.0
state_change_task,example,Turn {state} all {object},faucets,on,,7,bedroom,"[{""id"": 30, ""states"": [""ON""]}, {""id"": 149, ""states"": [""ON""]}]",1,"[""example_task133""]",1,0,0.0,0.0,0.0,0,0,,0.0
state_change_task,example,Turn {state} all {object},faucets,on,,7,livingroom,"[{""id"": 30, ""states"": [""OFF""]}, {""id"": 149, ""states"": [""OFF""]}]",1,"[""example_task136""]",1,4,4.0,4.0,4.0,4,4,,0.0
state_change_task,example,Turn {state} all {object},faucets,on,,7,livingroom,"[{""id"": 30, ""states"": [""OFF""]}, {""id"": 149, ""states"": [""ON""]}]",1,"[""example_task135""]",1,2,2.0,2.0,2.0,2,2,,0.0
state_change_task,example,Turn {state} all {object},faucets,on,,7,livingroom,"[{""id"": 30, ""states"": [""ON""]}, {""id"": 149, ""states"": [""OFF""]}]",1,"[""example_task134""]",1,2,2.0,2.0,2.0,2,2,,0.0
state_change_task,example,Turn {state} all {object},tablelamps,on,,1,bedroom,"[{""id"": 102, ""states"": [""ON""]}, {""id"": 103, ""states"": [""OFF""]}]",1,"[""example_task6""]",1,2,2.0,2.0,2.0,2,2,,0.0
state_change_task,example,Turn {state} all {object},tablelamps,on,,1,kitchen,"[{""id"": 102, ""states"": [""OFF""]}, {""id"": 103, ""states"": [""ON""]}]",1,"[""example_task7""]",1,2,2.0,2.0,2.0,2,2,,0.0
state_change_task,example,Turn {state} all {object},tablelamps,on,,1,kitchen,"[{""id"": 102, ""states"": [""ON""]}, {""id"": 103, ""states"": [""ON""]}]",1,"[""example_task5""]",1,0,0.0,0.0,0.0,0,0,,0.0
state_change_task,example,Turn {state} all {object},tablelamps,on,,1,livingroom,"[{""id"": 102, ""states"": [""OFF""]}, {""id"": 103, ""states"": [""OFF""]}]",1,"[""example_task8""]",1,4,4.0,4.0,4.0,4,4,,0.0
state_change_task,example,Turn {state} all {object},tablelamps,on,,2,bathroom,"[{""id"": 124, ""states"": [""OFF""]}, {""id"": 125, ""states"": [""OFF""]}]",1,"[""example_task48""]",1,4,4.0,4.0,4.0,4,4,,0.0
state_change_task,example,Turn {state} all {object},tablelamps,on,,2,bathroom,"[{""id"": 124, ""states"": [""OFF""]}, {""id"": 125, ""states"": [""ON""]}]",1,"[""example_task47""]",1,2,2.0,2.0,2.0,2,2,,0.0
state_change_task,example,Turn {state} all {object},tablelamps,on,,2,bathroom,"[{""id"": 124, ""states"": [""ON""]}, {""id"": 125, ""states"": [""OFF""]}]",1,"[""example_task46""]",1,2,2.0,2.0,2.0,2,2,,0.0
state_change_task,example,Turn {state} all {object},tablelamps,on,,2,livingroom,"[{""id"": 124, ""states"": [""ON""]}, {""id"": 125, ""states"": [""ON""]}]",1,"[""example_task45""]",1,0,0.0,0.0,0.0,0,0,,0.0
state_change_task,example,Turn {state} all {object},tablelamps,on,,3,bathroom,"[{""id"": 256, ""states"": [""ON""]}, {""id"": 376, ""states"": [""OFF""]}, {""id"": 377, ""states"": [""OFF""]}]",1,"[""example_task72""]",1,4,4.0,4.0,4.0,4,4,,0.0
state_change_task,example,Turn {state} all {object},tablelamps,on,,3,bedroom,"[{""id"": 256, ""states"": [""OFF""]}, {""id"": 376, ""states"": [""OFF""]}, {""id"": 377, ""states"": [""ON""]}]",1,"[""example_task75""]",1,4,4.0,4.0,4.0,4,4,,0.0
state_change_task,example,Turn {state} all {object},tablelamps,on,,3,bedroom,"[{""id"": 256, ""states"": [""ON""]}, {""id"": 376, ""states"": [""OFF""]}, {""id"": 377, ""states"": [""ON""]}]",1,"[""example_task71""]",1,2,2.0,2.0,2.0,2,2,,0.0
state_change_task,example,Turn {state} all {object},tablelamps,on,,3,bedroom,"[{""id"": 256, ""states"": [""ON""]}, {""id"": 376, ""states"": [""ON""]}, {""id"": 377, ""states"": [""OFF""]}]",1,"[""example_task70""]",1,2,2.0,2.0,2.0,2,2,,0.0
state_change_task,example,Turn {state} all {object},tablelamps,on,,3,kitchen,"[{""id"": 256, ""states"": [""OFF""]}, {""id"": 376, ""states"": [""OFF""]}, {""id"": 377, ""states"": [""OFF""]}]",1,"[""example_task76""]",1,6,6.0,6.0,6.0,6,6,,0.0
state_change_task,example,Turn {state} all {object},tablelamps,on,,3,kitchen,"[{""id"": 256, ""states"": [""ON""]}, {""id"": 376, ""states"": [""ON""]}, {""id"": 377, ""states"": [""ON""]}]",1,"[""example_task69""]",1,0,0.0,0.0,0.0,0,0,,0.0
state_change_task,example,Turn {state} all {object},tablelamps,on,,3,livingroom,"[{""id"": 256, ""states"": [""OFF""]}, {""id"": 376, ""states"": [""ON""]}, {""id"": 377, ""states"": [""OFF""]}]",1,"[""example_task74""]",1,4,4.0,4.0,4.0,4,4,,0.0
state_change_task,example,Turn {state} all {object},tablelamps,on,,3,livingroom,"[{""id"": 256, ""states"": [""OFF""]}, {""id"": 376, ""states"": [""ON""]}, {""id"": 377, ""states"": [""ON""]}]",1,"[""example_task73""]",1,2,2.0,2.0,2.0,2,2,,0.0
state_change_task,example,Turn {state} all {object},tablelamps,on,,5,bathroom,"[{""id"": 78, ""states"": [""ON""]}, {""id"": 229, ""states"": [""OFF""]}]",1,"[""example_task106""]",1,2,2.0,2.0,2.0,2,2,,0.0
state_change_task,example,Turn {state} all {object},tablelamps,on,,5,bedroom,"[{""id"": 78, ""states"": [""ON""]}, {""id"": 229, ""states"": [""ON""]}]",1,"[""example_task105""]",1,0,0.0,0.0,0.0,0,0,,0.0
state_change_task,example,Turn {state} all {object},tablelamps,on,,5,kitchen,"[{""id"": 78, ""states"": [""OFF""]}, {""id"": 229, ""states"": [""OFF""]}]",1,"[""example_task108""]",1,4,4.0,4.0,4.0,4,4,,0.0
state_change_task,example,Turn {state} all {object},tablelamps,on,,5,kitchen,"[{""id"": 78, ""states"": [""OFF""]}, {""id"": 229, ""states"": [""ON""]}]",1,"[""example_task107""]",1,2,2.0,2.0,2.0,2,2,,0.0
placement_task,test,Put all {object} {relation} the {destination},alcohols,in,microwave,7,bedroom,"[{""id"": 166, ""states"": [""OPEN"", ""OFF""]}]",1,"[""test_task96""]",1,8,8.0,8.0,8.0,8,8,,0.0
placement_task,test,Put all {object} {relation} the {destination},alcohols,in,microwave,7,livingroom,"[{""id"": 166, ""states"": [""CLOSED"", ""OFF""]}]",1,"[""test_task97""]",1,9,9.0,9.0,9.0,9,9,,0.0
placement_task,test,Put all {object} {relation} the {destination},alcohols,on,kitchentable,7,kitchen,[],1,"[""test_task90""]",1,8,8.0,8.0,8.0,8,8,,0.0
placement_task,test,Put all {object} {relation} the {destination},apples,on,kitchencounter,1,kitchen,[],1,"[""test_task6""]",1,8,8.0,8.0,8.0,8,8,,0.0
placement_task,test,Put all {object} {relation} the {destination},bananas,in,fridge,1,bathroom,"[{""id"": 305, ""states"": [""CLOSED""]}]",1,"[""test_task13""]",1,13,13.0,13.0,13.0,13,13,,0.0
placement_task,test,Put all {object} {relation} the {destination},bananas,in,fridge,1,livingroom,"[{""id"": 305, ""states"": [""OPEN""]}]",1,"[""test_task12""]",1,12,12.0,12.0,12.0,12,12,,0.0
placement_task,test,Put all {object} {relation} the {destination},bananas,in,fridge,3,kitchen,"[{""id"": 162, ""states"": [""OPEN""]}]",1,"[""test_task51""]",1,8,8.0,8.0,8.0,8,8,,0.0
placement_task,test,Put all {object} {relation} the {destination},bananas,in,fridge,3,livingroom,"[{""id"": 162, ""states"": [""CLOSED""]}]",1,"[""test_task52""]",1,9,9.0,9.0,9.0,9,9,,0.0
placement_task,test,Put all {object} {relation} the {destination},bananas,in,fridge,5,bathroom,"[{""id"": 157, ""states"": [""CLOSED""]}]",1,"[""test_task80""]",1,9,9.0,9.0,9.0,9,9,,0.0
placement_task,test,Put all {object} {relation} the {destination},bananas,in,fridge,5,kitchen,"[{""id"": 157, ""states"": [""OPEN""]}]",1,"[""test_task79""]",1,8,8.0,8.0,8.0,8,8,,0.0
placement_task,test,Put all {object} {relation} the {destination},bananas,in,microwave,1,bedroom,"[{""id"": 313, ""states"": [""CLOSED"", ""OFF""]}]",1,"[""test_task15""]",1,13,13.0,13.0,13.0,13,13,,0.0
placement_task,test,Put all {object} {relation} the {destination},bananas,in,microwave,1,bedroom,"[{""id"": 313, ""states"": [""OPEN"", ""OFF""]}]",1,"[""test_task14""]",1,12,12.0,12.0,12.0,12,12,,0.0
placement_task,test,Put all {object} {relation} the {destination},bananas,in,microwave,3,bedroom,"[{""id"": 171, ""states"": [""OPEN"", ""OFF""]}]",1,"[""test_task53""]",1,8,8.0,8.0,8.0,8,8,,0.0
placement_task,test,Put all {object} {relation} the {destination},bananas,in,microwave,3,livingroom,"[{""id"": 171, ""states"": [""CLOSED"", ""OFF""]}]",1,"[""test_task54""]",1,9,9.0,9.0,9.0,9,9,,0.0
placement_task,test,Put all {object} {relation} the {destination},bananas,in,microwave,5,kitchen,"[{""id"": 162, ""states"": [""CLOSED"", ""OFF""]}]",1,"[""test_task82""]",1,9,9.0,9.0,9.0,9,9,,0.0
placement_task,test,Put all {object} {relation} the {destination},bananas,in,microwave,5,livingroom,"[{""id"": 162, ""states"": [""OPEN"", ""OFF""]}]",1,"[""test_task81""]",1,8,8.0,8.0,8.0,8,8,,0.0
placement_task,test,Put all {object} {relation} the {destination},bananas,on,coffeetable,3,kitchen,[],1,"[""test_task45""]",1,8,8.0,8.0,8.0,8,8,,0.0
placement_task,test,Put all {object} {relation} the {destination},bananas,on,desk,5,kitchen,[],1,"[""test_task76""]",1,8,8.0,8.0,8.0,8,8,,0.0
placement_task,test,Put all {object} {relation} the {destination},bananas,on,kitchencounter,1,livingroom,[],1,"[""test_task2""]",1,12,12.0,12.0,12.0,12,12,,0.0
placement_task,test,Put all {object} {relation} the {destination},bananas,on,oventray,3,kitchen,[],1,"[""test_task44""]",1,8,8.0,8.0,8.0,8,8,,0.0
placement_task,test,Put all {object} {relation} the {destination},bellpeppers,in,fridge,1,bedroom,"[{""id"": 305, ""states"": [""CLOSED""]}]",1,"[""test_task17""]",1,25,25.0,25.0,25.0,25,25,,0.0
placement_task,test,Put all {object} {relation} the {destination},bellpeppers,in,fridge,1,bedroom,"[{""id"": 305, ""states"": [""OPEN""]}]",1,"[""test_task16""]",1,24,24.0,24.0,24.0,24,24,,0.0
placement_task,test,Put all {object} {relation} the {destination},bellpeppers,on,kitchencounter,1,bathroom,[],1,"[""test_task4""]",1,0,0.0,0.0,0.0,0,0,,0.0
placement_task,test,Put all {object} {relation} the {destination},bellpeppers,on,kitchentable,1,kitchen,[],1,"[""test_task3""]",1,24,24.0,24.0,24.0,24,24,,0.0
placement_task,test,Put all {object} {relation} the {destination},chips,in,microwave,2,bedroom,"[{""id"": 234, ""states"": [""OPEN"", ""OFF""]}]",1,"[""test_task41""]",1,8,8.0,8.0,8.0,8,8,,0.0
placement_task,test,Put all {object} {relation} the {destination},chips,in,microwave,2,kitchen,"[{""id"": 234, ""states"": [""CLOSED"", ""OFF""]}]",1,"[""test_task42""]",1,9,9.0,9.0,9.0,9,9,,0.0
placement_task,test,Put all {object} {relation} the {destination},chips,in,microwave,7,bedroom,"[{""id"": 166, ""states"": [""CLOSED"", ""OFF""]}]",1,"[""test_task95""]",1,9,9.0,9.0,9.0,9,9,,0.0
placement_task,test,Put all {object} {relation} the {destination},chips,in,microwave,7,kitchen,"[{""id"": 166, ""states"": [""OPEN"", ""OFF""]}]",1,"[""test_task94""]",1,8,8.0,8.0,8.0,8,8,,0.0
placement_task,test,Put all {object} {relation} the {destination},chips,on,kitchentable,1,kitchen,[],1,"[""test_task5""]",1,8,8.0,8.0,8.0,8,8,,0.0
placement_task,test,Put all {object} {relation} the {destination},chips,on,kitchentable,2,livingroom,[],1,"[""test_task28""]",1,8,8.0,8.0,8.0,8,8,,0.0
placement_task,test,Put all {object} {relation} the {destination},chips,on,kitchentable,7,bedroom,[],1,"[""test_task89""]",1,8,8.0,8.0,8.0,8,8,,0.0
placement_task,test,Put all {object} {relation} the {destination},crackers,in,fridge,4,bedroom,"[{""id"": 103, ""states"": [""CLOSED""]}]",1,"[""test_task70""]",1,9,9.0,9.0,9.0,9,9,,0.0
placement_task,test,Put all {object} {relation} the {destination},crackers,in,fridge,4,bedroom,"[{""id"": 103, ""states"": [""OPEN""]}]",1,"[""test_task69""]",1,8,8.0,8.0,8.0,8,8,,0.0
placement_task,test,Put all {object} {relation} the {destination},crackers,in,microwave,4,kitchen,"[{""id"": 109, ""states"": [""CLOSED"", ""OFF""]}]",1,"[""test_task72""]",1,9,9.0,9.0,9.0,9,9,,0.0
placement_task,test,Put all {object} {relation} the {destination},crackers,in,microwave,4,kitchen,"[{""id"": 109, ""states"": [""OPEN"", ""OFF""]}]",1,"[""test_task71""]",1,8,8.0,8.0,8.0,8,8,,0.0
placement_task,test,Put all {object} {relation} the {destination},crackers,on,kitchentable,4,bedroom,[],1,"[""test_task58""]",1,8,8.0,8.0,8.0,8,8,,0.0
placement_task,test,Put all {object} {relation} the {destination},creamybuns,in,fridge,2,bathroom,"[{""id"": 225, ""states"": [""OPEN""]}]",1,"[""test_task37""]",1,8,8.0,8.0,8.0,8,8,,0.0
placement_task,test,Put all {object} {relation} the {destination},creamybuns,in,fridge,2,kitchen,"[{""id"": 225, ""states"": [""CLOSED""]}]",1,"[""test_task38""]",1,9,9.0,9.0,9.0,9,9,,0.0
placement_task,test,Put all {object} {relation} the {destination},creamybuns,in,microwave,2,bathroom,"[{""id"": 234, ""states"": [""CLOSED"", ""OFF""]}]",1,"[""test_task40""]",1,9,9.0,9.0,9.0,9,9,,0.0
placement_task,test,Put all {object} {relation} the {destination},creamybuns,in,microwave,2,kitchen,"[{""id"": 234, ""states"": [""OPEN"", ""OFF""]}]",1,"[""test_task39""]",1,8,8.0,8.0,8.0,8,8,,0.0
placement_task,test,Put all {object} {relation} the {destination},creamybuns,in,microwave,7,kitchen,"[{""id"": 166, ""states"": [""OPEN"", ""OFF""]}]",1,"[""test_task92""]",1,8,8.0,8.0,8.0,8,8,,0.0
placement_task,test,Put all {object} {relation} the {destination},creamybuns,in,microwave,7,livingroom,"[{""id"": 166, ""states"": [""CLOSED"", ""OFF""]}]",1,"[""test_task93""]",1,9,9.0,9.0,9.0,9,9,,0.0
placement_task,test,Put all {object} {relation} the {destination},creamybuns,on,kitchentable,2,livingroom,[],1,"[""test_task27""]",1,8,8.0,8.0,8.0,8,8,,0.0
placement_task,test,Put all {object} {relation} the {destination},creamybuns,on,kitchentable,7,bathroom,[],1,"[""test_task88""]",1,8,8.0,8.0,8.0,8,8,,0.0
placement_task,test,Put all {object} {relation} the {destination},cupcakes,in,microwave,1,bedroom,"[{""id"": 313, ""states"": [""CLOSED"", ""OFF""]}]",1,"[""test_task11""]",1,9,9.0,9.0,9.0,9,9,,0.0
placement_task,test,Put all {object} {relation} the {destination},cupcakes,in,microwave,1,kitchen,"[{""id"": 313, ""states"": [""OPEN"", ""OFF""]}]",1,"[""test_task10""]",1,8,8.0,8.0,8.0,8,8,,0.0
placement_task,test,Put all {object} {relation} the {destination},cupcakes,in,microwave,3,bathroom,"[{""id"": 171, ""states"": [""CLOSED"", ""OFF""]}]",1,"[""test_task56""]",1,17,17.0,17.0,17.0,17,17,,0.0
placement_task,test,Put all {object} {relation} the {destination},cupcakes,in,microwave,3,bedroom,"[{""id"": 171, ""states"": [""OPEN"", ""OFF""]}]",1,"[""test_task55""]",1,16,16.0,16.0,16.0,16,16,,0.0
placement_task,test,Put all {object} {relation} the {destination},cupcakes,in,microwave,4,livingroom,"[{""id"": 109, ""states"": [""CLOSED"", ""OFF""]}]",1,"[""test_task74""]",1,9,9.0,9.0,9.0,9,9,,0.0
placement_task,test,Put all {object} {relation} the {destination},cupcakes,in,microwave,4,livingroom,"[{""id"": 109, ""states"": [""OPEN"", ""OFF""]}]",1,"[""test_task73""]",1,8,8.0,8.0,8.0,8,8,,0.0
placement_task,test,Put all {object} {relation} the {destination},cupcakes,in,microwave,5,livingroom,"[{""id"": 162, ""states"": [""CLOSED"", ""OFF""]}]",1,"[""test_task78""]",1,13,13.0,13.0,13.0,13,13,,0.0
placement_task,test,Put all {object} {relation} the {destination},cupcakes,in,microwave,5,livingroom,"[{""id"": 162, ""states"": [""OPEN"", ""OFF""]}]",1,"[""test_task77""]",1,12,12.0,12.0,12.0,12,12,,0.0
placement_task,test,Put all {object} {relation} the {destination},cupcakes,in,microwave,7,bedroom,"[{""id"": 166, ""states"": [""CLOSED"", ""OFF""]}]",1,"[""test_task103""]",1,9,9.0,9.0,9.0,9,9,,0.0
placement_task,test,Put all {object} {relation} the {destination},cupcakes,in,microwave,7,bedroom,"[{""id"": 166, ""states"": [""OPEN"", ""OFF""]}]",1,"[""test_task102""]",1,8,8.0,8.0,8.0,8,8,,0.0
placement_task,test,Put all {object} {relation} the {destination},cupcakes,on,coffeetable,3,bathroom,[],1,"[""test_task46""]",1,4,4.0,4.0,4.0,4,4,,0.0
placement_task,test,Put all {object} {relation} the {destination},cupcakes,on,coffeetable,4,bedroom,[],1,"[""test_task59""]",1,4,4.0,4.0,4.0,4,4,,0.0
placement_task,test,Put all {object} {relation} the {destination},cupcakes,on,desk,5,bedroom,[],1,"[""test_task75""]",1,8,8.0,8.0,8.0,8,8,,0.0
placement_task,test,Put all {object} {relation} the {destination},cupcakes,on,kitchencounter,1,bathroom,[],1,"[""test_task1""]",1,8,8.0,8.0,8.0,8,8,,0.0
placement_task,test,Put all {object} {relation} the {destination},juices,in,fridge,3,bathroom,"[{""id"": 162, ""states"": [""OPEN""]}]",1,"[""test_task47""]",1,8,8.0,8.0,8.0,8,8,,0.0
placement_task,test,Put all {object} {relation} the {destination},juices,in,fridge,3,kitchen,"[{""id"": 162, ""states"": [""CLOSED""]}]",1,"[""test_task48""]",1,9,9.0,9.0,9.0,9,9,,0.0
placement_task,test,Put all {object} {relation} the {destination},milks,in,microwave,3,bathroom,"[{""id"": 171, ""states"": [""OPEN"", ""OFF""]}]",1,"[""test_task49""]",1,8,8.0,8.0,8.0,8,8,,0.0
placement_task,test,Put all {object} {relation} the {destination},milks,in,microwave,3,bedroom,"[{""id"": 171, ""states"": [""CLOSED"", ""OFF""]}]",1,"[""test_task50""]",1,9,9.0,9.0,9.0,9,9,,0.0
placement_task,test,Put all {object} {relation} the {destination},milks,in,microwave,6,livingroom,"[{""id"": 239, ""states"": [""CLOSED"", ""OFF""]}]",1,"[""test_task87""]",1,9,9.0,9.0,9.0,9,9,,0.0
placement_task,test,Put all {object} {relation} the {destination},milks,in,microwave,6,livingroom,"[{""id"": 239, ""states"": [""OPEN"", ""OFF""]}]",1,"[""test_task86""]",1,8,8.0,8.0,8.0,8,8,,0.0
placement_task,test,Put all {object} {relation} the {destination},milks,on,coffeetable,3,bathroom,[],1,"[""test_task43""]",1,8,8.0,8.0,8.0,8,8,,0.0
placement_task,test,Put all {object} {relation} the {destination},milks,on,cuttingboard,6,bathroom,[],1,"[""test_task84""]",1,8,8.0,8.0,8.0,8,8,,0.0
placement_task,test,Put all {object} {relation} the {destination},milks,on,desk,6,bedroom,[],1,"[""test_task85""]",1,8,8.0,8.0,8.0,8,8,,0.0
placement_task,test,Put all {object} {relation} the {destination},milks,on,kitchencounter,6,kitchen,[],1,"[""test_task83""]",1,0,0.0,0.0,0.0,0,0,,0.0
placement_task,test,Put all {object} {relation} the {destination},peaches,in,fridge,1,kitchen,"[{""id"": 305, ""states"": [""OPEN""]}]",1,"[""test_task18""]",1,8,8.0,8.0,8.0,8,8,,0.0
placement_task,test,Put all {object} {relation} the {destination},peaches,in,fridge,1,livingroom,"[{""id"": 305, ""states"": [""CLOSED""]}]",1,"[""test_task19""]",1,9,9.0,9.0,9.0,9,9,,0.0
placement_task,test,Put all {object} {relation} the {destination},peaches,in,fridge,2,bathroom,"[{""id"": 225, ""states"": [""OPEN""]}]",1,"[""test_task29""]",1,8,8.0,8.0,8.0,8,8,,0.0
placement_task,test,Put all {object} {relation} the {destination},peaches,in,fridge,2,kitchen,"[{""id"": 225, ""states"": [""CLOSED""]}]",1,"[""test_task30""]",1,9,9.0,9.0,9.0,9,9,,0.0
placement_task,test,Put all {object} {relation} the {destination},peaches,in,fridge,4,livingroom,"[{""id"": 103, ""states"": [""CLOSED""]}]",1,"[""test_task61""]",1,13,13.0,13.0,13.0,13,13,,0.0
placement_task,test,Put all {object} {relation} the {destination},peaches,in,fridge,4,livingroom,"[{""id"": 103, ""states"": [""OPEN""]}]",1,"[""test_task60""]",1,12,12.0,12.0,12.0,12,12,,0.0
placement_task,test,Put all {object} {relation} the {destination},peaches,in,microwave,1,bedroom,"[{""id"": 313, ""states"": [""OPEN"", ""OFF""]}]",1,"[""test_task20""]",1,8,8.0,8.0,8.0,8,8,,0.0
placement_task,test,Put all {object} {relation} the {destination},peaches,in,microwave,1,kitchen,"[{""id"": 313, ""states"": [""CLOSED"", ""OFF""]}]",1,"[""test_task21""]",1,9,9.0,9.0,9.0,9,9,,0.0
placement_task,test,Put all {object} {relation} the {destination},peaches,in,microwave,2,bathroom,"[{""id"": 234, ""states"": [""OPEN"", ""OFF""]}]",1,"[""test_task31""]",1,8,8.0,8.0,8.0,8,8,,0.0
placement_task,test,Put all {object} {relation} the {destination},peaches,in,microwave,2,kitchen,"[{""id"": 234, ""states"": [""CLOSED"", ""OFF""]}]",1,"[""test_task32""]",1,9,9.0,9.0,9.0,9,9,,0.0
placement_task,test,Put all {object} {relation} the {destination},peaches,in,microwave,4,bedroom,"[{""id"": 109, ""states"": [""OPEN"", ""OFF""]}]",1,"[""test_task62""]",1,12,12.0,12.0,12.0,12,12,,0.0
placement_task,test,Put all {object} {relation} the {destination},peaches,in,microwave,4,livingroom,"[{""id"": 109, ""states"": [""CLOSED"", ""OFF""]}]",1,"[""test_task63""]",1,13,13.0,13.0,13.0,13,13,,0.0
placement_task,test,Put all {object} {relation} the {destination},peaches,in,microwave,7,kitchen,"[{""id"": 166, ""states"": [""CLOSED"", ""OFF""]}]",1,"[""test_task99""]",1,9,9.0,9.0,9.0,9,9,,0.0
placement_task,test,Put all {object} {relation} the {destination},peaches,in,microwave,7,livingroom,"[{""id"": 166, ""states"": [""OPEN"", ""OFF""]}]",1,"[""test_task98""]",1,8,8.0,8.0,8.0,8,8,,0.0
placement_task,test,Put all {object} {relation} the {destination},peaches,on,kitchencounter,1,kitchen,[],1,"[""test_task8""]",1,8,8.0,8.0,8.0,8,8,,0.0
placement_task,test,Put all {object} {relation} the {destination},peaches,on,kitchentable,1,bedroom,[],1,"[""test_task7""]",1,8,8.0,8.0,8.0,8,8,,0.0
placement_task,test,Put all {object} {relation} the {destination},peaches,on,kitchentable,2,bathroom,[],1,"[""test_task26""]",1,8,8.0,8.0,8.0,8,8,,0.0
placement_task,test,Put all {object} {relation} the {destination},peaches,on,kitchentable,4,livingroom,[],1,"[""test_task57""]",1,8,8.0,8.0,8.0,8,8,,0.0
placement_task,test,Put all {object} {relation} the {destination},peaches,on,kitchentable,7,bathroom,[],1,"[""test_task91""]",1,8,8.0,8.0,8.0,8,8,,0.0
placement_task,test,Put all {object} {relation} the {destination},plums,in,fridge,1,bathroom,"[{""id"": 305, ""states"": [""CLOSED""]}]",1,"[""test_task23""]",1,9,9.0,9.0,9.0,9,9,,0.0
placement_task,test,Put all {object} {relation} the {destination},plums,in,fridge,1,livingroom,"[{""id"": 305, ""states"": [""OPEN""]}]",1,"[""test_task22""]",1,8,8.0,8.0,8.0,8,8,,0.0
placement_task,test,Put all {object} {relation} the {destination},plums,in,fridge,2,bathroom,"[{""id"": 225, ""states"": [""CLOSED""]}]",1,"[""test_task34""]",1,9,9.0,9.0,9.0,9,9,,0.0
placement_task,test,Put all {object} {relation} the {destination},plums,in,fridge,2,livingroom,"[{""id"": 225, ""states"": [""OPEN""]}]",1,"[""test_task33""]",1,8,8.0,8.0,8.0,8,8,,0.0
placement_task,test,Put all {object} {relation} the {destination},plums,in,fridge,4,bedroom,"[{""id"": 103, ""states"": [""CLOSED""]}]",1,"[""test_task65""]",1,9,9.0,9.0,9.0,9,9,,0.0
placement_task,test,Put all {object} {relation} the {destination},plums,in,fridge,4,kitchen,"[{""id"": 103, ""states"": [""OPEN""]}]",1,"[""test_task64""]",1,8,8.0,8.0,8.0,8,8,,0.0
placement_task,test,Put all {object} {relation} the {destination},plums,in,fryingpan,4,bathroom,[],1,"[""test_task68""]",1,8,8.0,8.0,8.0,8,8,,0.0
placement_task,test,Put all {object} {relation} the {destination},plums,in,microwave,1,bathroom,"[{""id"": 313, ""states"": [""CLOSED"", ""OFF""]}]",1,"[""test_task25""]",1,9,9.0,9.0,9.0,9,9,,0.0
placement_task,test,Put all {object} {relation} the {destination},plums,in,microwave,1,bathroom,"[{""id"": 313, ""states"": [""OPEN"", ""OFF""]}]",1,"[""test_task24""]",1,8,8.0,8.0,8.0,8,8,,0.0
placement_task,test,Put all {object} {relation} the {destination},plums,in,microwave,2,bathroom,"[{""id"": 234, ""states"": [""OPEN"", ""OFF""]}]",1,"[""test_task35""]",1,8,8.0,8.0,8.0,8,8,,0.0
placement_task,test,Put all {object} {relation} the {destination},plums,in,microwave,2,livingroom,"[{""id"": 234, ""states"": [""CLOSED"", ""OFF""]}]",1,"[""test_task36""]",1,9,9.0,9.0,9.0,9,9,,0.0
placement_task,test,Put all {object} {relation} the {destination},plums,in,microwave,4,bathroom,"[{""id"": 109, ""states"": [""CLOSED"", ""OFF""]}]",1,"[""test_task67""]",1,9,9.0,9.0,9.0,9,9,,0.0
placement_task,test,Put all {object} {relation} the {destination},plums,in,microwave,4,bathroom,"[{""id"": 109, ""states"": [""OPEN"", ""OFF""]}]",1,"[""test_task66""]",1,8,8.0,8.0,8.0,8,8,,0.0
placement_task,test,Put all {object} {relation} the {destination},plums,in,microwave,7,bathroom,"[{""id"": 166, ""states"": [""OPEN"", ""OFF""]}]",1,"[""test_task100""]",1,8,8.0,8.0,8.0,8,8,,0.0
placement_task,test,Put all {object} {relation} the {destination},plums,in,microwave,7,kitchen,"[{""id"": 166, ""states"": [""CLOSED"", ""OFF""]}]",1,"[""test_task101""]",1,9,9.0,9.0,9.0,9,9,,0.0
placement_task,test,Put all {object} {relation} the {destination},plums,on,kitchencounter,1,kitchen,[],1,"[""test_task9""]",1,8,8.0,8.0,8.0,8,8,,0.0
placement_task,example,Put all {object} {relation} the {destination},apples,in,fridge,1,bedroom,"[{""id"": 305, ""states"": [""OPEN""]}]",1,"[""example_task11""]",1,8,8.0,8.0,8.0,8,8,,0.0
placement_task,example,Put all {object} {relation} the {destination},apples,in,fridge,1,kitchen,"[{""id"": 305, ""states"": [""CLOSED""]}]",1,"[""example_task12""]",1,9,9.0,9.0,9.0,9,9,,0.0
placement_task,example,Put all {object} {relation} the {destination},apples,in,fridge,2,bedroom,"[{""id"": 225, ""states"": [""OPEN""]}]",1,"[""example_task17""]",1,52,52.0,52.0,52.0,52,52,,0.0
placement_task,example,Put all {object} {relation} the {destination},apples,in,fridge,2,kitchen,"[{""id"": 225, ""states"": [""CLOSED""]}]",1,"[""example_task18""]",1,53,53.0,53.0,53.0,53,53,,0.0
placement_task,example,Put all {object} {relation} the {destination},apples,in,microwave,1,bedroom,"[{""id"": 313, ""states"": [""OPEN"", ""OFF""]}]",1,"[""example_task13""]",1,8,8.0,8.0,8.0,8,8,,0.0
placement_task,example,Put all {object} {relation} the {destination},apples,in,microwave,1,livingroom,"[{""id"": 313, ""states"": [""CLOSED"", ""OFF""]}]",1,"[""example_task14""]",1,9,9.0,9.0,9.0,9,9,,0.0
placement_task,example,Put all {object} {relation} the {destination},apples,in,microwave,2,bedroom,"[{""id"": 234, ""states"": [""CLOSED"", ""OFF""]}]",1,"[""example_task20""]",1,53,53.0,53.0,53.0,53,53,,0.0
placement_task,example,Put all {object} {relation} the {destination},apples,in,microwave,2,kitchen,"[{""id"": 234, ""states"": [""OPEN"", ""OFF""]}]",1,"[""example_task19""]",1,52,52.0,52.0,52.0,52,52,,0.0
placement_task,example,Put all {object} {relation} the {destination},apples,on,kitchentable,1,bathroom,[],1,"[""example_task3""]",1,8,8.0,8.0,8.0,8,8,,0.0
placement_task,example,Put all {object} {relation} the {destination},apples,on,kitchentable,2,kitchen,[],1,"[""example_task15""]",1,20,20.0,20.0,20.0,20,20,,0.0
placement_task,example,Put all {object} {relation} the {destination},apples,on,kitchentable,7,livingroom,[],1,"[""example_task49""]",1,20,20.0,20.0,20.0,20,20,,0.0
placement_task,example,Put all {object} {relation} the {destination},bananas,on,kitchentable,1,bedroom,[],1,"[""example_task2""]",1,12,12.0,12.0,12.0,12,12,,0.0
placement_task,example,Put all {object} {relation} the {destination},bananas,on,kitchentable,5,bathroom,[],1,"[""example_task43""]",1,8,8.0,8.0,8.0,8,8,,0.0
placement_task,example,Put all {object} {relation} the {destination},bellpeppers,in,microwave,1,bedroom,"[{""id"": 313, ""states"": [""OPEN"", ""OFF""]}]",1,"[""example_task7""]",1,24,24.0,24.0,24.0,24,24,,0.0
placement_task,example,Put all {object} {relation} the {destination},bellpeppers,in,microwave,1,kitchen,"[{""id"": 313, ""states"": [""CLOSED"", ""OFF""]}]",1,"[""example_task8""]",1,25,25.0,25.0,25.0,25,25,,0.0
placement_task,example,Put all {object} {relation} the {destination},chips,in,fridge,1,kitchen,"[{""id"": 305, ""states"": [""CLOSED""]}]",1,"[""example_task10""]",1,9,9.0,9.0,9.0,9,9,,0.0
placement_task,example,Put all {object} {relation} the {destination},chips,in,fridge,1,livingroom,"[{""id"": 305, ""states"": [""OPEN""]}]",1,"[""example_task9""]",1,8,8.0,8.0,8.0,8,8,,0.0
placement_task,example,Put all {object} {relation} the {destination},chips,in,fridge,2,bathroom,"[{""id"": 225, ""states"": [""CLOSED""]}]",1,"[""example_task22""]",1,9,9.0,9.0,9.0,9,9,,0.0
placement_task,example,Put all {object} {relation} the {destination},chips,in,fridge,2,kitchen,"[{""id"": 225, ""states"": [""OPEN""]}]",1,"[""example_task21""]",1,8,8.0,8.0,8.0,8,8,,0.0
placement_task,example,Put all {object} {relation} the {destination},chips,in,fridge,4,bedroom,"[{""id"": 103, ""states"": [""CLOSED""]}]",1,"[""example_task39""]",1,9,9.0,9.0,9.0,9,9,,0.0
placement_task,example,Put all {object} {relation} the {destination},chips,in,fridge,4,livingroom,"[{""id"": 103, ""states"": [""OPEN""]}]",1,"[""example_task38""]",1,8,8.0,8.0,8.0,8,8,,0.0
placement_task,example,Put all {object} {relation} the {destination},chips,on,coffeetable,4,bedroom,[],1,"[""example_task35""]",1,8,8.0,8.0,8.0,8,8,,0.0
placement_task,example,Put all {object} {relation} the {destination},crackers,on,coffeetable,4,bedroom,[],1,"[""example_task36""]",1,8,8.0,8.0,8.0,8,8,,0.0
placement_task,example,Put all {object} {relation} the {destination},cupcakes,in,fridge,1,bathroom,"[{""id"": 305, ""states"": [""CLOSED""]}]",1,"[""example_task6""]",1,9,9.0,9.0,9.0,9,9,,0.0
placement_task,example,Put all {object} {relation} the {destination},cupcakes,in,fridge,1,livingroom,"[{""id"": 305, ""states"": [""OPEN""]}]",1,"[""example_task5""]",1,8,8.0,8.0,8.0,8,8,,0.0
placement_task,example,Put all {object} {relation} the {destination},cupcakes,in,fridge,3,kitchen,"[{""id"": 162, ""states"": [""OPEN""]}]",1,"[""example_task28""]",1,16,16.0,16.0,16.0,16,16,,0.0
placement_task,example,Put all {object} {relation} the {destination},cupcakes,in,fridge,3,livingroom,"[{""id"": 162, ""states"": [""CLOSED""]}]",1,"[""example_task29""]",1,17,17.0,17.0,17.0,17,17,,0.0
placement_task,example,Put all {object} {relation} the {destination},cupcakes,in,fridge,4,kitchen,"[{""id"": 103, ""states"": [""CLOSED""]}]",1,"[""example_task41""]",1,9,9.0,9.0,9.0,9,9,,0.0
placement_task,example,Put all {object} {relation} the {destination},cupcakes,in,fridge,4,livingroom,"[{""id"": 103, ""states"": [""OPEN""]}]",1,"[""example_task40""]",1,8,8.0,8.0,8.0,8,8,,0.0
placement_task,example,Put all {object} {relation} the {destination},cupcakes,in,fridge,5,bedroom,"[{""id"": 157, ""states"": [""CLOSED""]}]",1,"[""example_task45""]",1,13,13.0,13.0,13.0,13,13,,0.0
placement_task,example,Put all {object} {relation} the {destination},cupcakes,in,fridge,5,livingroom,"[{""id"": 157, ""states"": [""OPEN""]}]",1,"[""example_task44""]",1,12,12.0,12.0,12.0,12,12,,0.0
placement_task,example,Put all {object} {relation} the {destination},cupcakes,on,kitchentable,1,bedroom,[],1,"[""example_task1""]",1,8,8.0,8.0,8.0,8,8,,0.0
placement_task,example,Put all {object} {relation} the {destination},cupcakes,on,kitchentable,4,kitchen,[],1,"[""example_task37""]",1,8,8.0,8.0,8.0,8,8,,0.0
placement_task,example,Put all {object} {relation} the {destination},cupcakes,on,kitchentable,5,livingroom,[],1,"[""example_task42""]",1,4,4.0,4.0,4.0,4,4,,0.0
placement_task,example,Put all {object} {relation} the {destination},cupcakes,on,kitchentable,7,kitchen,[],1,"[""example_task51""]",1,8,8.0,8.0,8.0,8,8,,0.0
placement_task,example,Put all {object} {relation} the {destination},juices,in,microwave,3,bedroom,"[{""id"": 171, ""states"": [""OPEN"", ""OFF""]}]",1,"[""example_task24""]",1,8,8.0,8.0,8.0,8,8,,0.0
placement_task,example,Put all {object} {relation} the {destination},juices,in,microwave,3,kitchen,"[{""id"": 171, ""states"": [""CLOSED"", ""OFF""]}]",1,"[""example_task25""]",1,9,9.0,9.0,9.0,9,9,,0.0
placement_task,example,Put all {object} {relation} the {destination},juices,on,coffeetable,3,livingroom,[],1,"[""example_task23""]",1,8,8.0,8.0,8.0,8,8,,0.0
placement_task,example,Put all {object} {relation} the {destination},milks,in,fridge,3,bedroom,"[{""id"": 162, ""states"": [""OPEN""]}]",1,"[""example_task26""]",1,8,8.0,8.0,8.0,8,8,,0.0
placement_task,example,Put all {object} {relation} the {destination},milks,in,fridge,3,livingroom,"[{""id"": 162, ""states"": [""CLOSED""]}]",1,"[""example_task27""]",1,9,9.0,9.0,9.0,9,9,,0.0
placement_task,example,Put all {object} {relation} the {destination},milks,in,fridge,6,kitchen,"[{""id"": 235, ""states"": [""CLOSED""]}]",1,"[""example_task48""]",1,9,9.0,9.0,9.0,9,9,,0.0
placement_task,example,Put all {object} {relation} the {destination},milks,in,fridge,6,kitchen,"[{""id"": 235, ""states"": [""OPEN""]}]",1,"[""example_task47""]",1,8,8.0,8.0,8.0,8,8,,0.0
placement_task,example,Put all {object} {relation} the {destination},milks,on,kitchentable,6,bathroom,[],1,"[""example_task46""]",1,8,8.0,8.0,8.0,8,8,,0.0
placement_task,example,Put all {object} {relation} the {destination},peaches,on,coffeetable,4,bathroom,[],1,"[""example_task31""]",1,12,12.0,12.0,12.0,12,12,,0.0
placement_task,example,Put all {object} {relation} the {destination},peaches,on,oventray,4,kitchen,[],1,"[""example_task30""]",1,12,12.0,12.0,12.0,12,12,,0.0
placement_task,example,Put all {object} {relation} the {destination},plums,on,coffeetable,4,kitchen,[],1,"[""example_task34""]",1,8,8.0,8.0,8.0,8,8,,0.0
placement_task,example,Put all {object} {relation} the {destination},plums,on,kitchentable,1,livingroom,[],1,"[""example_task4""]",1,8,8.0,8.0,8.0,8,8,,0.0
placement_task,example,Put all {object} {relation} the {destination},plums,on,kitchentable,2,livingroom,[],1,"[""example_task16""]",1,8,8.0,8.0,8.0,8,8,,0.0
placement_task,example,Put all {object} {relation} the {destination},plums,on,kitchentable,4,bathroom,[],1,"[""example_task32""]",1,8,8.0,8.0,8.0,8,8,,0.0
placement_task,example,Put all {object} {relation} the {destination},plums,on,kitchentable,7,kitchen,[],1,"[""example_task50""]",1,8,8.0,8.0,8.0,8,8,,0.0
placement_task,example,Put all {object} {relation} the {destination},plums,on,oventray,4,bathroom,[],1,"[""example_task33""]",1,8,8.0,8.0,8.0,8,8,,0.0
