task_type,test_task_name,selected_example_name,selected_example_id,cosine,runner_up_name,runner_up_cosine,top2_margin,exact_tie_n,near_tie_1e6_n,example_length,example_scene,example_initial_room,example_initial_states,example_actions,same_object,same_operation,same_destination,historical_selection_verified,task_id,test_scene,test_initial_room,test_initial_states,test_reference_length,test_reference_actions
state_change_task,Turn on all lightswitches,Turn on all tablelamps,example_task76,0.6107883453369141,Turn on all computers,0.5445488691329956,0.06623947620391846,1,1,6,3,kitchen,"[{""id"": 256, ""states"": [""OFF""]}, {""id"": 376, ""states"": [""OFF""]}, {""id"": 377, ""states"": [""OFF""]}]","[""[WALK] <tablelamp> (256)"", ""[SWITCHON] <tablelamp> (256)"", ""[WALK] <tablelamp> (376)"", ""[SWITCHON] <tablelamp> (376)"", ""[WALK] <tablelamp> (377)"", ""[SWITCHON] <tablelamp> (377)""]",False,True,True,False,test_task1,1,livingroom,"[{""id"": 71, ""states"": [""ON""]}, {""id"": 173, ""states"": [""ON""]}, {""id"": 261, ""states"": [""ON""]}, {""id"": 427, ""states"": [""ON""]}]",0,[]
state_change_task,Turn on all lightswitches,Turn on all tablelamps,example_task76,0.6107883453369141,Turn on all computers,0.5445488691329956,0.06623947620391846,1,1,6,3,kitchen,"[{""id"": 256, ""states"": [""OFF""]}, {""id"": 376, ""states"": [""OFF""]}, {""id"": 377, ""states"": [""OFF""]}]","[""[WALK] <tablelamp> (256)"", ""[SWITCHON] <tablelamp> (256)"", ""[WALK] <tablelamp> (376)"", ""[SWITCHON] <tablelamp> (376)"", ""[WALK] <tablelamp> (377)"", ""[SWITCHON] <tablelamp> (377)""]",False,True,True,False,test_task2,1,bathroom,"[{""id"": 71, ""states"": [""ON""]}, {""id"": 173, ""states"": [""ON""]}, {""id"": 261, ""states"": [""ON""]}, {""id"": 427, ""states"": [""OFF""]}]",2,"[""[WALK] <lightswitch> (427)"", ""[SWITCHON] <lightswitch> (427)""]"
state_change_task,Turn on all lightswitches,Turn on all tablelamps,example_task76,0.6107883453369141,Turn on all computers,0.5445488691329956,0.06623947620391846,1,1,6,3,kitchen,"[{""id"": 256, ""states"": [""OFF""]}, {""id"": 376, ""states"": [""OFF""]}, {""id"": 377, ""states"": [""OFF""]}]","[""[WALK] <tablelamp> (256)"", ""[SWITCHON] <tablelamp> (256)"", ""[WALK] <tablelamp> (376)"", ""[SWITCHON] <tablelamp> (376)"", ""[WALK] <tablelamp> (377)"", ""[SWITCHON] <tablelamp> (377)""]",False,True,True,False,test_task3,1,kitchen,"[{""id"": 71, ""states"": [""ON""]}, {""id"": 173, ""states"": [""ON""]}, {""id"": 261, ""states"": [""OFF""]}, {""id"": 427, ""states"": [""ON""]}]",2,"[""[WALK] <lightswitch> (261)"", ""[SWITCHON] <lightswitch> (261)""]"
state_change_task,Turn on all lightswitches,Turn on all tablelamps,example_task76,0.6107883453369141,Turn on all computers,0.5445488691329956,0.06623947620391846,1,1,6,3,kitchen,"[{""id"": 256, ""states"": [""OFF""]}, {""id"": 376, ""states"": [""OFF""]}, {""id"": 377, ""states"": [""OFF""]}]","[""[WALK] <tablelamp> (256)"", ""[SWITCHON] <tablelamp> (256)"", ""[WALK] <tablelamp> (376)"", ""[SWITCHON] <tablelamp> (376)"", ""[WALK] <tablelamp> (377)"", ""[SWITCHON] <tablelamp> (377)""]",False,True,True,False,test_task4,1,kitchen,"[{""id"": 71, ""states"": [""ON""]}, {""id"": 173, ""states"": [""ON""]}, {""id"": 261, ""states"": [""OFF""]}, {""id"": 427, ""states"": [""OFF""]}]",4,"[""[WALK] <lightswitch> (261)"", ""[SWITCHON] <lightswitch> (261)"", ""[WALK] <lightswitch> (427)"", ""[SWITCHON] <lightswitch> (427)""]"
state_change_task,Turn on all lightswitches,Turn on all tablelamps,example_task76,0.6107883453369141,Turn on all computers,0.5445488691329956,0.06623947620391846,1,1,6,3,kitchen,"[{""id"": 256, ""states"": [""OFF""]}, {""id"": 376, ""states"": [""OFF""]}, {""id"": 377, ""states"": [""OFF""]}]","[""[WALK] <tablelamp> (256)"", ""[SWITCHON] <tablelamp> (256)"", ""[WALK] <tablelamp> (376)"", ""[SWITCHON] <tablelamp> (376)"", ""[WALK] <tablelamp> (377)"", ""[SWITCHON] <tablelamp> (377)""]",False,True,True,False,test_task5,1,bathroom,"[{""id"": 71, ""states"": [""ON""]}, {""id"": 173, ""states"": [""OFF""]}, {""id"": 261, ""states"": [""ON""]}, {""id"": 427, ""states"": [""ON""]}]",2,"[""[WALK] <lightswitch> (173)"", ""[SWITCHON] <lightswitch> (173)""]"
state_change_task,Turn on all lightswitches,Turn on all tablelamps,example_task76,0.6107883453369141,Turn on all computers,0.5445488691329956,0.06623947620391846,1,1,6,3,kitchen,"[{""id"": 256, ""states"": [""OFF""]}, {""id"": 376, ""states"": [""OFF""]}, {""id"": 377, ""states"": [""OFF""]}]","[""[WALK] <tablelamp> (256)"", ""[SWITCHON] <tablelamp> (256)"", ""[WALK] <tablelamp> (376)"", ""[SWITCHON] <tablelamp> (376)"", ""[WALK] <tablelamp> (377)"", ""[SWITCHON] <tablelamp> (377)""]",False,True,True,False,test_task6,1,kitchen,"[{""id"": 71, ""states"": [""ON""]}, {""id"": 173, ""states"": [""OFF""]}, {""id"": 261, ""states"": [""ON""]}, {""id"": 427, ""states"": [""OFF""]}]",4,"[""[WALK] <lightswitch> (173)"", ""[SWITCHON] <lightswitch> (173)"", ""[WALK] <lightswitch> (427)"", ""[SWITCHON] <lightswitch> (427)""]"
state_change_task,Turn on all lightswitches,Turn on all tablelamps,example_task76,0.6107883453369141,Turn on all computers,0.5445488691329956,0.06623947620391846,1,1,6,3,kitchen,"[{""id"": 256, ""states"": [""OFF""]}, {""id"": 376, ""states"": [""OFF""]}, {""id"": 377, ""states"": [""OFF""]}]","[""[WALK] <tablelamp> (256)"", ""[SWITCHON] <tablelamp> (256)"", ""[WALK] <tablelamp> (376)"", ""[SWITCHON] <tablelamp> (376)"", ""[WALK] <tablelamp> (377)"", ""[SWITCHON] <tablelamp> (377)""]",False,True,True,False,test_task7,1,kitchen,"[{""id"": 71, ""states"": [""ON""]}, {""id"": 173, ""states"": [""OFF""]}, {""id"": 261, ""states"": [""OFF""]}, {""id"": 427, ""states"": [""ON""]}]",4,"[""[WALK] <lightswitch> (173)"", ""[SWITCHON] <lightswitch> (173)"", ""[WALK] <lightswitch> (261)"", ""[SWITCHON] <lightswitch> (261)""]"
state_change_task,Turn on all lightswitches,Turn on all tablelamps,example_task76,0.6107883453369141,Turn on all computers,0.5445488691329956,0.06623947620391846,1,1,6,3,kitchen,"[{""id"": 256, ""states"": [""OFF""]}, {""id"": 376, ""states"": [""OFF""]}, {""id"": 377, ""states"": [""OFF""]}]","[""[WALK] <tablelamp> (256)"", ""[SWITCHON] <tablelamp> (256)"", ""[WALK] <tablelamp> (376)"", ""[SWITCHON] <tablelamp> (376)"", ""[WALK] <tablelamp> (377)"", ""[SWITCHON] <tablelamp> (377)""]",False,True,True,False,test_task8,1,kitchen,"[{""id"": 71, ""states"": [""ON""]}, {""id"": 173, ""states"": [""OFF""]}, {""id"": 261, ""states"": [""OFF""]}, {""id"": 427, ""states"": [""OFF""]}]",6,"[""[WALK] <lightswitch> (173)"", ""[SWITCHON] <lightswitch> (173)"", ""[WALK] <lightswitch> (261)"", ""[SWITCHON] <lightswitch> (261)"", ""[WALK] <lightswitch> (427)"", ""[SWITCHON] <lightswitch> (427)""]"
state_change_task,Turn on all lightswitches,Turn on all tablelamps,example_task76,0.6107883453369141,Turn on all computers,0.5445488691329956,0.06623947620391846,1,1,6,3,kitchen,"[{""id"": 256, ""states"": [""OFF""]}, {""id"": 376, ""states"": [""OFF""]}, {""id"": 377, ""states"": [""OFF""]}]","[""[WALK] <tablelamp> (256)"", ""[SWITCHON] <tablelamp> (256)"", ""[WALK] <tablelamp> (376)"", ""[SWITCHON] <tablelamp> (376)"", ""[WALK] <tablelamp> (377)"", ""[SWITCHON] <tablelamp> (377)""]",False,True,True,False,test_task9,1,bedroom,"[{""id"": 71, ""states"": [""OFF""]}, {""id"": 173, ""states"": [""ON""]}, {""id"": 261, ""states"": [""ON""]}, {""id"": 427, ""states"": [""ON""]}]",2,"[""[WALK] <lightswitch> (71)"", ""[SWITCHON] <lightswitch> (71)""]"
state_change_task,Turn on all lightswitches,Turn on all tablelamps,example_task76,0.6107883453369141,Turn on all computers,0.5445488691329956,0.06623947620391846,1,1,6,3,kitchen,"[{""id"": 256, ""states"": [""OFF""]}, {""id"": 376, ""states"": [""OFF""]}, {""id"": 377, ""states"": [""OFF""]}]","[""[WALK] <tablelamp> (256)"", ""[SWITCHON] <tablelamp> (256)"", ""[WALK] <tablelamp> (376)"", ""[SWITCHON] <tablelamp> (376)"", ""[WALK] <tablelamp> (377)"", ""[SWITCHON] <tablelamp> (377)""]",False,True,True,False,test_task10,1,bedroom,"[{""id"": 71, ""states"": [""OFF""]}, {""id"": 173, ""states"": [""ON""]}, {""id"": 261, ""states"": [""ON""]}, {""id"": 427, ""states"": [""OFF""]}]",4,"[""[WALK] <lightswitch> (71)"", ""[SWITCHON] <lightswitch> (71)"", ""[WALK] <lightswitch> (427)"", ""[SWITCHON] <lightswitch> (427)""]"
state_change_task,Turn on all lightswitches,Turn on all tablelamps,example_task76,0.6107883453369141,Turn on all computers,0.5445488691329956,0.06623947620391846,1,1,6,3,kitchen,"[{""id"": 256, ""states"": [""OFF""]}, {""id"": 376, ""states"": [""OFF""]}, {""id"": 377, ""states"": [""OFF""]}]","[""[WALK] <tablelamp> (256)"", ""[SWITCHON] <tablelamp> (256)"", ""[WALK] <tablelamp> (376)"", ""[SWITCHON] <tablelamp> (376)"", ""[WALK] <tablelamp> (377)"", ""[SWITCHON] <tablelamp> (377)""]",False,True,True,False,test_task11,1,bedroom,"[{""id"": 71, ""states"": [""OFF""]}, {""id"": 173, ""states"": [""ON""]}, {""id"": 261, ""states"": [""OFF""]}, {""id"": 427, ""states"": [""ON""]}]",4,"[""[WALK] <lightswitch> (71)"", ""[SWITCHON] <lightswitch> (71)"", ""[WALK] <lightswitch> (261)"", ""[SWITCHON] <lightswitch> (261)""]"
state_change_task,Turn on all lightswitches,Turn on all tablelamps,example_task76,0.6107883453369141,Turn on all computers,0.5445488691329956,0.06623947620391846,1,1,6,3,kitchen,"[{""id"": 256, ""states"": [""OFF""]}, {""id"": 376, ""states"": [""OFF""]}, {""id"": 377, ""states"": [""OFF""]}]","[""[WALK] <tablelamp> (256)"", ""[SWITCHON] <tablelamp> (256)"", ""[WALK] <tablelamp> (376)"", ""[SWITCHON] <tablelamp> (376)"", ""[WALK] <tablelamp> (377)"", ""[SWITCHON] <tablelamp> (377)""]",False,True,True,False,test_task12,1,bathroom,"[{""id"": 71, ""states"": [""OFF""]}, {""id"": 173, ""states"": [""ON""]}, {""id"": 261, ""states"": [""OFF""]}, {""id"": 427, ""states"": [""OFF""]}]",6,"[""[WALK] <lightswitch> (71)"", ""[SWITCHON] <lightswitch> (71)"", ""[WALK] <lightswitch> (261)"", ""[SWITCHON] <lightswitch> (261)"", ""[WALK] <lightswitch> (427)"", ""[SWITCHON] <lightswitch> (427)""]"
state_change_task,Turn on all lightswitches,Turn on all tablelamps,example_task76,0.6107883453369141,Turn on all computers,0.5445488691329956,0.06623947620391846,1,1,6,3,kitchen,"[{""id"": 256, ""states"": [""OFF""]}, {""id"": 376, ""states"": [""OFF""]}, {""id"": 377, ""states"": [""OFF""]}]","[""[WALK] <tablelamp> (256)"", ""[SWITCHON] <tablelamp> (256)"", ""[WALK] <tablelamp> (376)"", ""[SWITCHON] <tablelamp> (376)"", ""[WALK] <tablelamp> (377)"", ""[SWITCHON] <tablelamp> (377)""]",False,True,True,False,test_task13,1,bathroom,"[{""id"": 71, ""states"": [""OFF""]}, {""id"": 173, ""states"": [""OFF""]}, {""id"": 261, ""states"": [""ON""]}, {""id"": 427, ""states"": [""ON""]}]",4,"[""[WALK] <lightswitch> (71)"", ""[SWITCHON] <lightswitch> (71)"", ""[WALK] <lightswitch> (173)"", ""[SWITCHON] <lightswitch> (173)""]"
state_change_task,Turn on all lightswitches,Turn on all tablelamps,example_task76,0.6107883453369141,Turn on all computers,0.5445488691329956,0.06623947620391846,1,1,6,3,kitchen,"[{""id"": 256, ""states"": [""OFF""]}, {""id"": 376, ""states"": [""OFF""]}, {""id"": 377, ""states"": [""OFF""]}]","[""[WALK] <tablelamp> (256)"", ""[SWITCHON] <tablelamp> (256)"", ""[WALK] <tablelamp> (376)"", ""[SWITCHON] <tablelamp> (376)"", ""[WALK] <tablelamp> (377)"", ""[SWITCHON] <tablelamp> (377)""]",False,True,True,False,test_task14,1,bathroom,"[{""id"": 71, ""states"": [""OFF""]}, {""id"": 173, ""states"": [""OFF""]}, {""id"": 261, ""states"": [""ON""]}, {""id"": 427, ""states"": [""OFF""]}]",6,"[""[WALK] <lightswitch> (71)"", ""[SWITCHON] <lightswitch> (71)"", ""[WALK] <lightswitch> (173)"", ""[SWITCHON] <lightswitch> (173)"", ""[WALK] <lightswitch> (427)"", ""[SWITCHON] <lightswitch> (427)""]"
state_change_task,Turn on all lightswitches,Turn on all tablelamps,example_task76,0.6107883453369141,Turn on all computers,0.5445488691329956,0.06623947620391846,1,1,6,3,kitchen,"[{""id"": 256, ""states"": [""OFF""]}, {""id"": 376, ""states"": [""OFF""]}, {""id"": 377, ""states"": [""OFF""]}]","[""[WALK] <tablelamp> (256)"", ""[SWITCHON] <tablelamp> (256)"", ""[WALK] <tablelamp> (376)"", ""[SWITCHON] <tablelamp> (376)"", ""[WALK] <tablelamp> (377)"", ""[SWITCHON] <tablelamp> (377)""]",False,True,True,False,test_task15,1,bathroom,"[{""id"": 71, ""states"": [""OFF""]}, {""id"": 173, ""states"": [""OFF""]}, {""id"": 261, ""states"": [""OFF""]}, {""id"": 427, ""states"": [""ON""]}]",6,"[""[WALK] <lightswitch> (71)"", ""[SWITCHON] <lightswitch> (71)"", ""[WALK] <lightswitch> (173)"", ""[SWITCHON] <lightswitch> (173)"", ""[WALK] <lightswitch> (261)"", ""[SWITCHON] <lightswitch> (261)""]"
state_change_task,Turn on all lightswitches,Turn on all tablelamps,example_task76,0.6107883453369141,Turn on all computers,0.5445488691329956,0.06623947620391846,1,1,6,3,kitchen,"[{""id"": 256, ""states"": [""OFF""]}, {""id"": 376, ""states"": [""OFF""]}, {""id"": 377, ""states"": [""OFF""]}]","[""[WALK] <tablelamp> (256)"", ""[SWITCHON] <tablelamp> (256)"", ""[WALK] <tablelamp> (376)"", ""[SWITCHON] <tablelamp> (376)"", ""[WALK] <tablelamp> (377)"", ""[SWITCHON] <tablelamp> (377)""]",False,True,True,False,test_task16,1,bedroom,"[{""id"": 71, ""states"": [""OFF""]}, {""id"": 173, ""states"": [""OFF""]}, {""id"": 261, ""states"": [""OFF""]}, {""id"": 427, ""states"": [""OFF""]}]",8,"[""[WALK] <lightswitch> (71)"", ""[SWITCHON] <lightswitch> (71)"", ""[WALK] <lightswitch> (173)"", ""[SWITCHON] <lightswitch> (173)"", ""[WALK] <lightswitch> (261)"", ""[SWITCHON] <lightswitch> (261)"", ""[WALK] <lightswitch> (427)"", ""[SWITCHON] <lightswitch> (427)""]"
state_change_task,Turn on all tvs,Turn on all computers,example_task12,0.6019070744514465,Turn on all faucets,0.48697182536125183,0.1149352490901947,1,1,4,1,livingroom,"[{""id"": 174, ""states"": [""OFF""]}, {""id"": 433, ""states"": [""OFF""]}]","[""[WALK] <computer> (174)"", ""[SWITCHON] <computer> (174)"", ""[WALK] <computer> (433)"", ""[SWITCHON] <computer> (433)""]",False,True,True,False,test_task17,1,bathroom,"[{""id"": 264, ""states"": [""ON""]}, {""id"": 426, ""states"": [""ON""]}]",0,[]
state_change_task,Turn on all tvs,Turn on all computers,example_task12,0.6019070744514465,Turn on all faucets,0.48697182536125183,0.1149352490901947,1,1,4,1,livingroom,"[{""id"": 174, ""states"": [""OFF""]}, {""id"": 433, ""states"": [""OFF""]}]","[""[WALK] <computer> (174)"", ""[SWITCHON] <computer> (174)"", ""[WALK] <computer> (433)"", ""[SWITCHON] <computer> (433)""]",False,True,True,False,test_task18,1,bedroom,"[{""id"": 264, ""states"": [""ON""]}, {""id"": 426, ""states"": [""OFF""]}]",2,"[""[WALK] <tv> (426)"", ""[SWITCHON] <tv> (426)""]"
state_change_task,Turn on all tvs,Turn on all computers,example_task12,0.6019070744514465,Turn on all faucets,0.48697182536125183,0.1149352490901947,1,1,4,1,livingroom,"[{""id"": 174, ""states"": [""OFF""]}, {""id"": 433, ""states"": [""OFF""]}]","[""[WALK] <computer> (174)"", ""[SWITCHON] <computer> (174)"", ""[WALK] <computer> (433)"", ""[SWITCHON] <computer> (433)""]",False,True,True,False,test_task19,1,kitchen,"[{""id"": 264, ""states"": [""OFF""]}, {""id"": 426, ""states"": [""ON""]}]",2,"[""[WALK] <tv> (264)"", ""[SWITCHON] <tv> (264)""]"
state_change_task,Turn on all tvs,Turn on all computers,example_task12,0.6019070744514465,Turn on all faucets,0.48697182536125183,0.1149352490901947,1,1,4,1,livingroom,"[{""id"": 174, ""states"": [""OFF""]}, {""id"": 433, ""states"": [""OFF""]}]","[""[WALK] <computer> (174)"", ""[SWITCHON] <computer> (174)"", ""[WALK] <computer> (433)"", ""[SWITCHON] <computer> (433)""]",False,True,True,False,test_task20,1,kitchen,"[{""id"": 264, ""states"": [""OFF""]}, {""id"": 426, ""states"": [""OFF""]}]",4,"[""[WALK] <tv> (264)"", ""[SWITCHON] <tv> (264)"", ""[WALK] <tv> (426)"", ""[SWITCHON] <tv> (426)""]"
state_change_task,Turn off all lightswitches,Turn off all candles,example_task81,0.5849753618240356,Turn on all tablelamps,0.5638211965560913,0.021154165267944336,1,1,6,3,kitchen,"[{""id"": 124, ""states"": [""ON""]}, {""id"": 216, ""states"": [""ON""]}, {""id"": 314, ""states"": [""ON""]}]","[""[WALK] <candle> (124)"", ""[SWITCHOFF] <candle> (124)"", ""[WALK] <candle> (216)"", ""[SWITCHOFF] <candle> (216)"", ""[WALK] <candle> (314)"", ""[SWITCHOFF] <candle> (314)""]",False,True,True,False,test_task21,1,livingroom,"[{""id"": 71, ""states"": [""ON""]}, {""id"": 173, ""states"": [""ON""]}, {""id"": 261, ""states"": [""ON""]}, {""id"": 427, ""states"": [""ON""]}]",8,"[""[WALK] <lightswitch> (71)"", ""[SWITCHOFF] <lightswitch> (71)"", ""[WALK] <lightswitch> (173)"", ""[SWITCHOFF] <lightswitch> (173)"", ""[WALK] <lightswitch> (261)"", ""[SWITCHOFF] <lightswitch> (261)"", ""[WALK] <lightswitch> (427)"", ""[SWITCHOFF] <lightswitch> (427)""]"
state_change_task,Turn off all lightswitches,Turn off all candles,example_task81,0.5849753618240356,Turn on all tablelamps,0.5638211965560913,0.021154165267944336,1,1,6,3,kitchen,"[{""id"": 124, ""states"": [""ON""]}, {""id"": 216, ""states"": [""ON""]}, {""id"": 314, ""states"": [""ON""]}]","[""[WALK] <candle> (124)"", ""[SWITCHOFF] <candle> (124)"", ""[WALK] <candle> (216)"", ""[SWITCHOFF] <candle> (216)"", ""[WALK] <candle> (314)"", ""[SWITCHOFF] <candle> (314)""]",False,True,True,False,test_task22,1,livingroom,"[{""id"": 71, ""states"": [""ON""]}, {""id"": 173, ""states"": [""ON""]}, {""id"": 261, ""states"": [""ON""]}, {""id"": 427, ""states"": [""OFF""]}]",6,"[""[WALK] <lightswitch> (71)"", ""[SWITCHOFF] <lightswitch> (71)"", ""[WALK] <lightswitch> (173)"", ""[SWITCHOFF] <lightswitch> (173)"", ""[WALK] <lightswitch> (261)"", ""[SWITCHOFF] <lightswitch> (261)""]"
state_change_task,Turn off all lightswitches,Turn off all candles,example_task81,0.5849753618240356,Turn on all tablelamps,0.5638211965560913,0.021154165267944336,1,1,6,3,kitchen,"[{""id"": 124, ""states"": [""ON""]}, {""id"": 216, ""states"": [""ON""]}, {""id"": 314, ""states"": [""ON""]}]","[""[WALK] <candle> (124)"", ""[SWITCHOFF] <candle> (124)"", ""[WALK] <candle> (216)"", ""[SWITCHOFF] <candle> (216)"", ""[WALK] <candle> (314)"", ""[SWITCHOFF] <candle> (314)""]",False,True,True,False,test_task23,1,livingroom,"[{""id"": 71, ""states"": [""ON""]}, {""id"": 173, ""states"": [""ON""]}, {""id"": 261, ""states"": [""OFF""]}, {""id"": 427, ""states"": [""ON""]}]",6,"[""[WALK] <lightswitch> (71)"", ""[SWITCHOFF] <lightswitch> (71)"", ""[WALK] <lightswitch> (173)"", ""[SWITCHOFF] <lightswitch> (173)"", ""[WALK] <lightswitch> (427)"", ""[SWITCHOFF] <lightswitch> (427)""]"
state_change_task,Turn off all lightswitches,Turn off all candles,example_task81,0.5849753618240356,Turn on all tablelamps,0.5638211965560913,0.021154165267944336,1,1,6,3,kitchen,"[{""id"": 124, ""states"": [""ON""]}, {""id"": 216, ""states"": [""ON""]}, {""id"": 314, ""states"": [""ON""]}]","[""[WALK] <candle> (124)"", ""[SWITCHOFF] <candle> (124)"", ""[WALK] <candle> (216)"", ""[SWITCHOFF] <candle> (216)"", ""[WALK] <candle> (314)"", ""[SWITCHOFF] <candle> (314)""]",False,True,True,False,test_task24,1,livingroom,"[{""id"": 71, ""states"": [""ON""]}, {""id"": 173, ""states"": [""ON""]}, {""id"": 261, ""states"": [""OFF""]}, {""id"": 427, ""states"": [""OFF""]}]",4,"[""[WALK] <lightswitch> (71)"", ""[SWITCHOFF] <lightswitch> (71)"", ""[WALK] <lightswitch> (173)"", ""[SWITCHOFF] <lightswitch> (173)""]"
state_change_task,Turn off all lightswitches,Turn off all candles,example_task81,0.5849753618240356,Turn on all tablelamps,0.5638211965560913,0.021154165267944336,1,1,6,3,kitchen,"[{""id"": 124, ""states"": [""ON""]}, {""id"": 216, ""states"": [""ON""]}, {""id"": 314, ""states"": [""ON""]}]","[""[WALK] <candle> (124)"", ""[SWITCHOFF] <candle> (124)"", ""[WALK] <candle> (216)"", ""[SWITCHOFF] <candle> (216)"", ""[WALK] <candle> (314)"", ""[SWITCHOFF] <candle> (314)""]",False,True,True,False,test_task25,1,bathroom,"[{""id"": 71, ""states"": [""ON""]}, {""id"": 173, ""states"": [""OFF""]}, {""id"": 261, ""states"": [""ON""]}, {""id"": 427, ""states"": [""ON""]}]",6,"[""[WALK] <lightswitch> (71)"", ""[SWITCHOFF] <lightswitch> (71)"", ""[WALK] <lightswitch> (261)"", ""[SWITCHOFF] <lightswitch> (261)"", ""[WALK] <lightswitch> (427)"", ""[SWITCHOFF] <lightswitch> (427)""]"
state_change_task,Turn off all lightswitches,Turn off all candles,example_task81,0.5849753618240356,Turn on all tablelamps,0.5638211965560913,0.021154165267944336,1,1,6,3,kitchen,"[{""id"": 124, ""states"": [""ON""]}, {""id"": 216, ""states"": [""ON""]}, {""id"": 314, ""states"": [""ON""]}]","[""[WALK] <candle> (124)"", ""[SWITCHOFF] <candle> (124)"", ""[WALK] <candle> (216)"", ""[SWITCHOFF] <candle> (216)"", ""[WALK] <candle> (314)"", ""[SWITCHOFF] <candle> (314)""]",False,True,True,False,test_task26,1,livingroom,"[{""id"": 71, ""states"": [""ON""]}, {""id"": 173, ""states"": [""OFF""]}, {""id"": 261, ""states"": [""ON""]}, {""id"": 427, ""states"": [""OFF""]}]",4,"[""[WALK] <lightswitch> (71)"", ""[SWITCHOFF] <lightswitch> (71)"", ""[WALK] <lightswitch> (261)"", ""[SWITCHOFF] <lightswitch> (261)""]"
state_change_task,Turn off all lightswitches,Turn off all candles,example_task81,0.5849753618240356,Turn on all tablelamps,0.5638211965560913,0.021154165267944336,1,1,6,3,kitchen,"[{""id"": 124, ""states"": [""ON""]}, {""id"": 216, ""states"": [""ON""]}, {""id"": 314, ""states"": [""ON""]}]","[""[WALK] <candle> (124)"", ""[SWITCHOFF] <candle> (124)"", ""[WALK] <candle> (216)"", ""[SWITCHOFF] <candle> (216)"", ""[WALK] <candle> (314)"", ""[SWITCHOFF] <candle> (314)""]",False,True,True,False,test_task27,1,kitchen,"[{""id"": 71, ""states"": [""ON""]}, {""id"": 173, ""states"": [""OFF""]}, {""id"": 261, ""states"": [""OFF""]}, {""id"": 427, ""states"": [""ON""]}]",4,"[""[WALK] <lightswitch> (71)"", ""[SWITCHOFF] <lightswitch> (71)"", ""[WALK] <lightswitch> (427)"", ""[SWITCHOFF] <lightswitch> (427)""]"
state_change_task,Turn off all lightswitches,Turn off all candles,example_task81,0.5849753618240356,Turn on all tablelamps,0.5638211965560913,0.021154165267944336,1,1,6,3,kitchen,"[{""id"": 124, ""states"": [""ON""]}, {""id"": 216, ""states"": [""ON""]}, {""id"": 314, ""states"": [""ON""]}]","[""[WALK] <candle> (124)"", ""[SWITCHOFF] <candle> (124)"", ""[WALK] <candle> (216)"", ""[SWITCHOFF] <candle> (216)"", ""[WALK] <candle> (314)"", ""[SWITCHOFF] <candle> (314)""]",False,True,True,False,test_task28,1,livingroom,"[{""id"": 71, ""states"": [""ON""]}, {""id"": 173, ""states"": [""OFF""]}, {""id"": 261, ""states"": [""OFF""]}, {""id"": 427, ""states"": [""OFF""]}]",2,"[""[WALK] <lightswitch> (71)"", ""[SWITCHOFF] <lightswitch> (71)""]"
state_change_task,Turn off all lightswitches,Turn off all candles,example_task81,0.5849753618240356,Turn on all tablelamps,0.5638211965560913,0.021154165267944336,1,1,6,3,kitchen,"[{""id"": 124, ""states"": [""ON""]}, {""id"": 216, ""states"": [""ON""]}, {""id"": 314, ""states"": [""ON""]}]","[""[WALK] <candle> (124)"", ""[SWITCHOFF] <candle> (124)"", ""[WALK] <candle> (216)"", ""[SWITCHOFF] <candle> (216)"", ""[WALK] <candle> (314)"", ""[SWITCHOFF] <candle> (314)""]",False,True,True,False,test_task29,1,livingroom,"[{""id"": 71, ""states"": [""OFF""]}, {""id"": 173, ""states"": [""ON""]}, {""id"": 261, ""states"": [""ON""]}, {""id"": 427, ""states"": [""ON""]}]",6,"[""[WALK] <lightswitch> (173)"", ""[SWITCHOFF] <lightswitch> (173)"", ""[WALK] <lightswitch> (261)"", ""[SWITCHOFF] <lightswitch> (261)"", ""[WALK] <lightswitch> (427)"", ""[SWITCHOFF] <lightswitch> (427)""]"
state_change_task,Turn off all lightswitches,Turn off all candles,example_task81,0.5849753618240356,Turn on all tablelamps,0.5638211965560913,0.021154165267944336,1,1,6,3,kitchen,"[{""id"": 124, ""states"": [""ON""]}, {""id"": 216, ""states"": [""ON""]}, {""id"": 314, ""states"": [""ON""]}]","[""[WALK] <candle> (124)"", ""[SWITCHOFF] <candle> (124)"", ""[WALK] <candle> (216)"", ""[SWITCHOFF] <candle> (216)"", ""[WALK] <candle> (314)"", ""[SWITCHOFF] <candle> (314)""]",False,True,True,False,test_task30,1,bedroom,"[{""id"": 71, ""states"": [""OFF""]}, {""id"": 173, ""states"": [""ON""]}, {""id"": 261, ""states"": [""ON""]}, {""id"": 427, ""states"": [""OFF""]}]",4,"[""[WALK] <lightswitch> (173)"", ""[SWITCHOFF] <lightswitch> (173)"", ""[WALK] <lightswitch> (261)"", ""[SWITCHOFF] <lightswitch> (261)""]"
state_change_task,Turn off all lightswitches,Turn off all candles,example_task81,0.5849753618240356,Turn on all tablelamps,0.5638211965560913,0.021154165267944336,1,1,6,3,kitchen,"[{""id"": 124, ""states"": [""ON""]}, {""id"": 216, ""states"": [""ON""]}, {""id"": 314, ""states"": [""ON""]}]","[""[WALK] <candle> (124)"", ""[SWITCHOFF] <candle> (124)"", ""[WALK] <candle> (216)"", ""[SWITCHOFF] <candle> (216)"", ""[WALK] <candle> (314)"", ""[SWITCHOFF] <candle> (314)""]",False,True,True,False,test_task31,1,bedroom,"[{""id"": 71, ""states"": [""OFF""]}, {""id"": 173, ""states"": [""ON""]}, {""id"": 261, ""states"": [""OFF""]}, {""id"": 427, ""states"": [""ON""]}]",4,"[""[WALK] <lightswitch> (173)"", ""[SWITCHOFF] <lightswitch> (173)"", ""[WALK] <lightswitch> (427)"", ""[SWITCHOFF] <lightswitch> (427)""]"
state_change_task,Turn off all lightswitches,Turn off all candles,example_task81,0.5849753618240356,Turn on all tablelamps,0.5638211965560913,0.021154165267944336,1,1,6,3,kitchen,"[{""id"": 124, ""states"": [""ON""]}, {""id"": 216, ""states"": [""ON""]}, {""id"": 314, ""states"": [""ON""]}]","[""[WALK] <candle> (124)"", ""[SWITCHOFF] <candle> (124)"", ""[WALK] <candle> (216)"", ""[SWITCHOFF] <candle> (216)"", ""[WALK] <candle> (314)"", ""[SWITCHOFF] <candle> (314)""]",False,True,True,False,test_task32,1,livingroom,"[{""id"": 71, ""states"": [""OFF""]}, {""id"": 173, ""states"": [""ON""]}, {""id"": 261, ""states"": [""OFF""]}, {""id"": 427, ""states"": [""OFF""]}]",2,"[""[WALK] <lightswitch> (173)"", ""[SWITCHOFF] <lightswitch> (173)""]"
state_change_task,Turn off all lightswitches,Turn off all candles,example_task81,0.5849753618240356,Turn on all tablelamps,0.5638211965560913,0.021154165267944336,1,1,6,3,kitchen,"[{""id"": 124, ""states"": [""ON""]}, {""id"": 216, ""states"": [""ON""]}, {""id"": 314, ""states"": [""ON""]}]","[""[WALK] <candle> (124)"", ""[SWITCHOFF] <candle> (124)"", ""[WALK] <candle> (216)"", ""[SWITCHOFF] <candle> (216)"", ""[WALK] <candle> (314)"", ""[SWITCHOFF] <candle> (314)""]",False,True,True,False,test_task33,1,kitchen,"[{""id"": 71, ""states"": [""OFF""]}, {""id"": 173, ""states"": [""OFF""]}, {""id"": 261, ""states"": [""ON""]}, {""id"": 427, ""states"": [""ON""]}]",4,"[""[WALK] <lightswitch> (261)"", ""[SWITCHOFF] <lightswitch> (261)"", ""[WALK] <lightswitch> (427)"", ""[SWITCHOFF] <lightswitch> (427)""]"
state_change_task,Turn off all lightswitches,Turn off all candles,example_task81,0.5849753618240356,Turn on all tablelamps,0.5638211965560913,0.021154165267944336,1,1,6,3,kitchen,"[{""id"": 124, ""states"": [""ON""]}, {""id"": 216, ""states"": [""ON""]}, {""id"": 314, ""states"": [""ON""]}]","[""[WALK] <candle> (124)"", ""[SWITCHOFF] <candle> (124)"", ""[WALK] <candle> (216)"", ""[SWITCHOFF] <candle> (216)"", ""[WALK] <candle> (314)"", ""[SWITCHOFF] <candle> (314)""]",False,True,True,False,test_task34,1,bedroom,"[{""id"": 71, ""states"": [""OFF""]}, {""id"": 173, ""states"": [""OFF""]}, {""id"": 261, ""states"": [""ON""]}, {""id"": 427, ""states"": [""OFF""]}]",2,"[""[WALK] <lightswitch> (261)"", ""[SWITCHOFF] <lightswitch> (261)""]"
state_change_task,Turn off all lightswitches,Turn off all candles,example_task81,0.5849753618240356,Turn on all tablelamps,0.5638211965560913,0.021154165267944336,1,1,6,3,kitchen,"[{""id"": 124, ""states"": [""ON""]}, {""id"": 216, ""states"": [""ON""]}, {""id"": 314, ""states"": [""ON""]}]","[""[WALK] <candle> (124)"", ""[SWITCHOFF] <candle> (124)"", ""[WALK] <candle> (216)"", ""[SWITCHOFF] <candle> (216)"", ""[WALK] <candle> (314)"", ""[SWITCHOFF] <candle> (314)""]",False,True,True,False,test_task35,1,bathroom,"[{""id"": 71, ""states"": [""OFF""]}, {""id"": 173, ""states"": [""OFF""]}, {""id"": 261, ""states"": [""OFF""]}, {""id"": 427, ""states"": [""ON""]}]",2,"[""[WALK] <lightswitch> (427)"", ""[SWITCHOFF] <lightswitch> (427)""]"
state_change_task,Turn off all lightswitches,Turn off all candles,example_task81,0.5849753618240356,Turn on all tablelamps,0.5638211965560913,0.021154165267944336,1,1,6,3,kitchen,"[{""id"": 124, ""states"": [""ON""]}, {""id"": 216, ""states"": [""ON""]}, {""id"": 314, ""states"": [""ON""]}]","[""[WALK] <candle> (124)"", ""[SWITCHOFF] <candle> (124)"", ""[WALK] <candle> (216)"", ""[SWITCHOFF] <candle> (216)"", ""[WALK] <candle> (314)"", ""[SWITCHOFF] <candle> (314)""]",False,True,True,False,test_task36,1,livingroom,"[{""id"": 71, ""states"": [""OFF""]}, {""id"": 173, ""states"": [""OFF""]}, {""id"": 261, ""states"": [""OFF""]}, {""id"": 427, ""states"": [""OFF""]}]",0,[]
state_change_task,Turn off all tablelamps,Turn on all tablelamps,example_task76,0.9095948934555054,Turn off all candles,0.4964370131492615,0.4131578803062439,1,1,6,3,kitchen,"[{""id"": 256, ""states"": [""OFF""]}, {""id"": 376, ""states"": [""OFF""]}, {""id"": 377, ""states"": [""OFF""]}]","[""[WALK] <tablelamp> (256)"", ""[SWITCHON] <tablelamp> (256)"", ""[WALK] <tablelamp> (376)"", ""[SWITCHON] <tablelamp> (376)"", ""[WALK] <tablelamp> (377)"", ""[SWITCHON] <tablelamp> (377)""]",True,False,True,False,test_task37,1,livingroom,"[{""id"": 102, ""states"": [""ON""]}, {""id"": 103, ""states"": [""ON""]}]",4,"[""[WALK] <tablelamp> (102)"", ""[SWITCHOFF] <tablelamp> (102)"", ""[WALK] <tablelamp> (103)"", ""[SWITCHOFF] <tablelamp> (103)""]"
state_change_task,Turn off all tablelamps,Turn on all tablelamps,example_task76,0.9095948934555054,Turn off all candles,0.4964370131492615,0.4131578803062439,1,1,6,3,kitchen,"[{""id"": 256, ""states"": [""OFF""]}, {""id"": 376, ""states"": [""OFF""]}, {""id"": 377, ""states"": [""OFF""]}]","[""[WALK] <tablelamp> (256)"", ""[SWITCHON] <tablelamp> (256)"", ""[WALK] <tablelamp> (376)"", ""[SWITCHON] <tablelamp> (376)"", ""[WALK] <tablelamp> (377)"", ""[SWITCHON] <tablelamp> (377)""]",True,False,True,False,test_task38,1,bedroom,"[{""id"": 102, ""states"": [""ON""]}, {""id"": 103, ""states"": [""OFF""]}]",2,"[""[WALK] <tablelamp> (102)"", ""[SWITCHOFF] <tablelamp> (102)""]"
state_change_task,Turn off all tablelamps,Turn on all tablelamps,example_task76,0.9095948934555054,Turn off all candles,0.4964370131492615,0.4131578803062439,1,1,6,3,kitchen,"[{""id"": 256, ""states"": [""OFF""]}, {""id"": 376, ""states"": [""OFF""]}, {""id"": 377, ""states"": [""OFF""]}]","[""[WALK] <tablelamp> (256)"", ""[SWITCHON] <tablelamp> (256)"", ""[WALK] <tablelamp> (376)"", ""[SWITCHON] <tablelamp> (376)"", ""[WALK] <tablelamp> (377)"", ""[SWITCHON] <tablelamp> (377)""]",True,False,True,False,test_task39,1,kitchen,"[{""id"": 102, ""states"": [""OFF""]}, {""id"": 103, ""states"": [""ON""]}]",2,"[""[WALK] <tablelamp> (103)"", ""[SWITCHOFF] <tablelamp> (103)""]"
state_change_task,Turn off all tablelamps,Turn on all tablelamps,example_task76,0.9095948934555054,Turn off all candles,0.4964370131492615,0.4131578803062439,1,1,6,3,kitchen,"[{""id"": 256, ""states"": [""OFF""]}, {""id"": 376, ""states"": [""OFF""]}, {""id"": 377, ""states"": [""OFF""]}]","[""[WALK] <tablelamp> (256)"", ""[SWITCHON] <tablelamp> (256)"", ""[WALK] <tablelamp> (376)"", ""[SWITCHON] <tablelamp> (376)"", ""[WALK] <tablelamp> (377)"", ""[SWITCHON] <tablelamp> (377)""]",True,False,True,False,test_task40,1,kitchen,"[{""id"": 102, ""states"": [""OFF""]}, {""id"": 103, ""states"": [""OFF""]}]",0,[]
state_change_task,Turn off all computers,Turn on all computers,example_task12,0.8592640161514282,Turn off all cellphones,0.581680417060852,0.27758359909057617,1,1,4,1,livingroom,"[{""id"": 174, ""states"": [""OFF""]}, {""id"": 433, ""states"": [""OFF""]}]","[""[WALK] <computer> (174)"", ""[SWITCHON] <computer> (174)"", ""[WALK] <computer> (433)"", ""[SWITCHON] <computer> (433)""]",True,False,True,False,test_task41,1,bedroom,"[{""id"": 174, ""states"": [""ON""]}, {""id"": 433, ""states"": [""ON""]}]",4,"[""[WALK] <computer> (174)"", ""[SWITCHOFF] <computer> (174)"", ""[WALK] <computer> (433)"", ""[SWITCHOFF] <computer> (433)""]"
state_change_task,Turn off all computers,Turn on all computers,example_task12,0.8592640161514282,Turn off all cellphones,0.581680417060852,0.27758359909057617,1,1,4,1,livingroom,"[{""id"": 174, ""states"": [""OFF""]}, {""id"": 433, ""states"": [""OFF""]}]","[""[WALK] <computer> (174)"", ""[SWITCHON] <computer> (174)"", ""[WALK] <computer> (433)"", ""[SWITCHON] <computer> (433)""]",True,False,True,False,test_task42,1,kitchen,"[{""id"": 174, ""states"": [""ON""]}, {""id"": 433, ""states"": [""OFF""]}]",2,"[""[WALK] <computer> (174)"", ""[SWITCHOFF] <computer> (174)""]"
state_change_task,Turn off all computers,Turn on all computers,example_task12,0.8592640161514282,Turn off all cellphones,0.581680417060852,0.27758359909057617,1,1,4,1,livingroom,"[{""id"": 174, ""states"": [""OFF""]}, {""id"": 433, ""states"": [""OFF""]}]","[""[WALK] <computer> (174)"", ""[SWITCHON] <computer> (174)"", ""[WALK] <computer> (433)"", ""[SWITCHON] <computer> (433)""]",True,False,True,False,test_task43,1,livingroom,"[{""id"": 174, ""states"": [""OFF""]}, {""id"": 433, ""states"": [""ON""]}]",2,"[""[WALK] <computer> (433)"", ""[SWITCHOFF] <computer> (433)""]"
state_change_task,Turn off all computers,Turn on all computers,example_task12,0.8592640161514282,Turn off all cellphones,0.581680417060852,0.27758359909057617,1,1,4,1,livingroom,"[{""id"": 174, ""states"": [""OFF""]}, {""id"": 433, ""states"": [""OFF""]}]","[""[WALK] <computer> (174)"", ""[SWITCHON] <computer> (174)"", ""[WALK] <computer> (433)"", ""[SWITCHON] <computer> (433)""]",True,False,True,False,test_task44,1,bathroom,"[{""id"": 174, ""states"": [""OFF""]}, {""id"": 433, ""states"": [""OFF""]}]",0,[]
state_change_task,Turn off all tvs,Turn off all cellphones,example_task21,0.4994624853134155,Turn on all computers,0.49108827114105225,0.008374214172363281,1,1,8,1,bathroom,"[{""id"": 188, ""states"": [""ON""]}, {""id"": 202, ""states"": [""ON""]}, {""id"": 448, ""states"": [""ON""]}, {""id"": 449, ""states"": [""ON""]}]","[""[WALK] <cellphone> (188)"", ""[SWITCHOFF] <cellphone> (188)"", ""[WALK] <cellphone> (202)"", ""[SWITCHOFF] <cellphone> (202)"", ""[WALK] <cellphone> (448)"", ""[SWITCHOFF] <cellphone> (448)"", ""[WALK] <cellphone> (449)"", ""[SWITCHOFF] <cellphone> (449)""]",False,True,True,False,test_task45,1,livingroom,"[{""id"": 264, ""states"": [""ON""]}, {""id"": 426, ""states"": [""ON""]}]",4,"[""[WALK] <tv> (264)"", ""[SWITCHOFF] <tv> (264)"", ""[WALK] <tv> (426)"", ""[SWITCHOFF] <tv> (426)""]"
state_change_task,Turn off all tvs,Turn off all cellphones,example_task21,0.4994624853134155,Turn on all computers,0.49108827114105225,0.008374214172363281,1,1,8,1,bathroom,"[{""id"": 188, ""states"": [""ON""]}, {""id"": 202, ""states"": [""ON""]}, {""id"": 448, ""states"": [""ON""]}, {""id"": 449, ""states"": [""ON""]}]","[""[WALK] <cellphone> (188)"", ""[SWITCHOFF] <cellphone> (188)"", ""[WALK] <cellphone> (202)"", ""[SWITCHOFF] <cellphone> (202)"", ""[WALK] <cellphone> (448)"", ""[SWITCHOFF] <cellphone> (448)"", ""[WALK] <cellphone> (449)"", ""[SWITCHOFF] <cellphone> (449)""]",False,True,True,False,test_task46,1,bedroom,"[{""id"": 264, ""states"": [""ON""]}, {""id"": 426, ""states"": [""OFF""]}]",2,"[""[WALK] <tv> (264)"", ""[SWITCHOFF] <tv> (264)""]"
state_change_task,Turn off all tvs,Turn off all cellphones,example_task21,0.4994624853134155,Turn on all computers,0.49108827114105225,0.008374214172363281,1,1,8,1,bathroom,"[{""id"": 188, ""states"": [""ON""]}, {""id"": 202, ""states"": [""ON""]}, {""id"": 448, ""states"": [""ON""]}, {""id"": 449, ""states"": [""ON""]}]","[""[WALK] <cellphone> (188)"", ""[SWITCHOFF] <cellphone> (188)"", ""[WALK] <cellphone> (202)"", ""[SWITCHOFF] <cellphone> (202)"", ""[WALK] <cellphone> (448)"", ""[SWITCHOFF] <cellphone> (448)"", ""[WALK] <cellphone> (449)"", ""[SWITCHOFF] <cellphone> (449)""]",False,True,True,False,test_task47,1,kitchen,"[{""id"": 264, ""states"": [""OFF""]}, {""id"": 426, ""states"": [""ON""]}]",2,"[""[WALK] <tv> (426)"", ""[SWITCHOFF] <tv> (426)""]"
state_change_task,Turn off all tvs,Turn off all cellphones,example_task21,0.4994624853134155,Turn on all computers,0.49108827114105225,0.008374214172363281,1,1,8,1,bathroom,"[{""id"": 188, ""states"": [""ON""]}, {""id"": 202, ""states"": [""ON""]}, {""id"": 448, ""states"": [""ON""]}, {""id"": 449, ""states"": [""ON""]}]","[""[WALK] <cellphone> (188)"", ""[SWITCHOFF] <cellphone> (188)"", ""[WALK] <cellphone> (202)"", ""[SWITCHOFF] <cellphone> (202)"", ""[WALK] <cellphone> (448)"", ""[SWITCHOFF] <cellphone> (448)"", ""[WALK] <cellphone> (449)"", ""[SWITCHOFF] <cellphone> (449)""]",False,True,True,False,test_task48,1,kitchen,"[{""id"": 264, ""states"": [""OFF""]}, {""id"": 426, ""states"": [""OFF""]}]",0,[]
state_change_task,Turn on all lightswitches,Turn on all tablelamps,example_task76,0.6107883453369141,Turn on all computers,0.5445488691329956,0.06623947620391846,1,1,6,3,kitchen,"[{""id"": 256, ""states"": [""OFF""]}, {""id"": 376, ""states"": [""OFF""]}, {""id"": 377, ""states"": [""OFF""]}]","[""[WALK] <tablelamp> (256)"", ""[SWITCHON] <tablelamp> (256)"", ""[WALK] <tablelamp> (376)"", ""[SWITCHON] <tablelamp> (376)"", ""[WALK] <tablelamp> (377)"", ""[SWITCHON] <tablelamp> (377)""]",False,True,True,False,test_task49,2,bedroom,"[{""id"": 48, ""states"": [""ON""]}, {""id"": 97, ""states"": [""ON""]}, {""id"": 157, ""states"": [""ON""]}, {""id"": 302, ""states"": [""ON""]}]",0,[]
state_change_task,Turn on all lightswitches,Turn on all tablelamps,example_task76,0.6107883453369141,Turn on all computers,0.5445488691329956,0.06623947620391846,1,1,6,3,kitchen,"[{""id"": 256, ""states"": [""OFF""]}, {""id"": 376, ""states"": [""OFF""]}, {""id"": 377, ""states"": [""OFF""]}]","[""[WALK] <tablelamp> (256)"", ""[SWITCHON] <tablelamp> (256)"", ""[WALK] <tablelamp> (376)"", ""[SWITCHON] <tablelamp> (376)"", ""[WALK] <tablelamp> (377)"", ""[SWITCHON] <tablelamp> (377)""]",False,True,True,False,test_task50,2,kitchen,"[{""id"": 48, ""states"": [""ON""]}, {""id"": 97, ""states"": [""ON""]}, {""id"": 157, ""states"": [""ON""]}, {""id"": 302, ""states"": [""OFF""]}]",2,"[""[WALK] <lightswitch> (302)"", ""[SWITCHON] <lightswitch> (302)""]"
state_change_task,Turn on all lightswitches,Turn on all tablelamps,example_task76,0.6107883453369141,Turn on all computers,0.5445488691329956,0.06623947620391846,1,1,6,3,kitchen,"[{""id"": 256, ""states"": [""OFF""]}, {""id"": 376, ""states"": [""OFF""]}, {""id"": 377, ""states"": [""OFF""]}]","[""[WALK] <tablelamp> (256)"", ""[SWITCHON] <tablelamp> (256)"", ""[WALK] <tablelamp> (376)"", ""[SWITCHON] <tablelamp> (376)"", ""[WALK] <tablelamp> (377)"", ""[SWITCHON] <tablelamp> (377)""]",False,True,True,False,test_task51,2,bathroom,"[{""id"": 48, ""states"": [""ON""]}, {""id"": 97, ""states"": [""ON""]}, {""id"": 157, ""states"": [""OFF""]}, {""id"": 302, ""states"": [""ON""]}]",2,"[""[WALK] <lightswitch> (157)"", ""[SWITCHON] <lightswitch> (157)""]"
state_change_task,Turn on all lightswitches,Turn on all tablelamps,example_task76,0.6107883453369141,Turn on all computers,0.5445488691329956,0.06623947620391846,1,1,6,3,kitchen,"[{""id"": 256, ""states"": [""OFF""]}, {""id"": 376, ""states"": [""OFF""]}, {""id"": 377, ""states"": [""OFF""]}]","[""[WALK] <tablelamp> (256)"", ""[SWITCHON] <tablelamp> (256)"", ""[WALK] <tablelamp> (376)"", ""[SWITCHON] <tablelamp> (376)"", ""[WALK] <tablelamp> (377)"", ""[SWITCHON] <tablelamp> (377)""]",False,True,True,False,test_task52,2,livingroom,"[{""id"": 48, ""states"": [""ON""]}, {""id"": 97, ""states"": [""ON""]}, {""id"": 157, ""states"": [""OFF""]}, {""id"": 302, ""states"": [""OFF""]}]",4,"[""[WALK] <lightswitch> (157)"", ""[SWITCHON] <lightswitch> (157)"", ""[WALK] <lightswitch> (302)"", ""[SWITCHON] <lightswitch> (302)""]"
state_change_task,Turn on all lightswitches,Turn on all tablelamps,example_task76,0.6107883453369141,Turn on all computers,0.5445488691329956,0.06623947620391846,1,1,6,3,kitchen,"[{""id"": 256, ""states"": [""OFF""]}, {""id"": 376, ""states"": [""OFF""]}, {""id"": 377, ""states"": [""OFF""]}]","[""[WALK] <tablelamp> (256)"", ""[SWITCHON] <tablelamp> (256)"", ""[WALK] <tablelamp> (376)"", ""[SWITCHON] <tablelamp> (376)"", ""[WALK] <tablelamp> (377)"", ""[SWITCHON] <tablelamp> (377)""]",False,True,True,False,test_task53,2,bedroom,"[{""id"": 48, ""states"": [""ON""]}, {""id"": 97, ""states"": [""OFF""]}, {""id"": 157, ""states"": [""ON""]}, {""id"": 302, ""states"": [""ON""]}]",2,"[""[WALK] <lightswitch> (97)"", ""[SWITCHON] <lightswitch> (97)""]"
state_change_task,Turn on all lightswitches,Turn on all tablelamps,example_task76,0.6107883453369141,Turn on all computers,0.5445488691329956,0.06623947620391846,1,1,6,3,kitchen,"[{""id"": 256, ""states"": [""OFF""]}, {""id"": 376, ""states"": [""OFF""]}, {""id"": 377, ""states"": [""OFF""]}]","[""[WALK] <tablelamp> (256)"", ""[SWITCHON] <tablelamp> (256)"", ""[WALK] <tablelamp> (376)"", ""[SWITCHON] <tablelamp> (376)"", ""[WALK] <tablelamp> (377)"", ""[SWITCHON] <tablelamp> (377)""]",False,True,True,False,test_task54,2,bathroom,"[{""id"": 48, ""states"": [""ON""]}, {""id"": 97, ""states"": [""OFF""]}, {""id"": 157, ""states"": [""ON""]}, {""id"": 302, ""states"": [""OFF""]}]",4,"[""[WALK] <lightswitch> (97)"", ""[SWITCHON] <lightswitch> (97)"", ""[WALK] <lightswitch> (302)"", ""[SWITCHON] <lightswitch> (302)""]"
state_change_task,Turn on all lightswitches,Turn on all tablelamps,example_task76,0.6107883453369141,Turn on all computers,0.5445488691329956,0.06623947620391846,1,1,6,3,kitchen,"[{""id"": 256, ""states"": [""OFF""]}, {""id"": 376, ""states"": [""OFF""]}, {""id"": 377, ""states"": [""OFF""]}]","[""[WALK] <tablelamp> (256)"", ""[SWITCHON] <tablelamp> (256)"", ""[WALK] <tablelamp> (376)"", ""[SWITCHON] <tablelamp> (376)"", ""[WALK] <tablelamp> (377)"", ""[SWITCHON] <tablelamp> (377)""]",False,True,True,False,test_task55,2,kitchen,"[{""id"": 48, ""states"": [""ON""]}, {""id"": 97, ""states"": [""OFF""]}, {""id"": 157, ""states"": [""OFF""]}, {""id"": 302, ""states"": [""ON""]}]",4,"[""[WALK] <lightswitch> (97)"", ""[SWITCHON] <lightswitch> (97)"", ""[WALK] <lightswitch> (157)"", ""[SWITCHON] <lightswitch> (157)""]"
state_change_task,Turn on all lightswitches,Turn on all tablelamps,example_task76,0.6107883453369141,Turn on all computers,0.5445488691329956,0.06623947620391846,1,1,6,3,kitchen,"[{""id"": 256, ""states"": [""OFF""]}, {""id"": 376, ""states"": [""OFF""]}, {""id"": 377, ""states"": [""OFF""]}]","[""[WALK] <tablelamp> (256)"", ""[SWITCHON] <tablelamp> (256)"", ""[WALK] <tablelamp> (376)"", ""[SWITCHON] <tablelamp> (376)"", ""[WALK] <tablelamp> (377)"", ""[SWITCHON] <tablelamp> (377)""]",False,True,True,False,test_task56,2,bedroom,"[{""id"": 48, ""states"": [""ON""]}, {""id"": 97, ""states"": [""OFF""]}, {""id"": 157, ""states"": [""OFF""]}, {""id"": 302, ""states"": [""OFF""]}]",6,"[""[WALK] <lightswitch> (97)"", ""[SWITCHON] <lightswitch> (97)"", ""[WALK] <lightswitch> (157)"", ""[SWITCHON] <lightswitch> (157)"", ""[WALK] <lightswitch> (302)"", ""[SWITCHON] <lightswitch> (302)""]"
state_change_task,Turn on all lightswitches,Turn on all tablelamps,example_task76,0.6107883453369141,Turn on all computers,0.5445488691329956,0.06623947620391846,1,1,6,3,kitchen,"[{""id"": 256, ""states"": [""OFF""]}, {""id"": 376, ""states"": [""OFF""]}, {""id"": 377, ""states"": [""OFF""]}]","[""[WALK] <tablelamp> (256)"", ""[SWITCHON] <tablelamp> (256)"", ""[WALK] <tablelamp> (376)"", ""[SWITCHON] <tablelamp> (376)"", ""[WALK] <tablelamp> (377)"", ""[SWITCHON] <tablelamp> (377)""]",False,True,True,False,test_task57,2,kitchen,"[{""id"": 48, ""states"": [""OFF""]}, {""id"": 97, ""states"": [""ON""]}, {""id"": 157, ""states"": [""ON""]}, {""id"": 302, ""states"": [""ON""]}]",2,"[""[WALK] <lightswitch> (48)"", ""[SWITCHON] <lightswitch> (48)""]"
state_change_task,Turn on all lightswitches,Turn on all tablelamps,example_task76,0.6107883453369141,Turn on all computers,0.5445488691329956,0.06623947620391846,1,1,6,3,kitchen,"[{""id"": 256, ""states"": [""OFF""]}, {""id"": 376, ""states"": [""OFF""]}, {""id"": 377, ""states"": [""OFF""]}]","[""[WALK] <tablelamp> (256)"", ""[SWITCHON] <tablelamp> (256)"", ""[WALK] <tablelamp> (376)"", ""[SWITCHON] <tablelamp> (376)"", ""[WALK] <tablelamp> (377)"", ""[SWITCHON] <tablelamp> (377)""]",False,True,True,False,test_task58,2,bedroom,"[{""id"": 48, ""states"": [""OFF""]}, {""id"": 97, ""states"": [""ON""]}, {""id"": 157, ""states"": [""ON""]}, {""id"": 302, ""states"": [""OFF""]}]",4,"[""[WALK] <lightswitch> (48)"", ""[SWITCHON] <lightswitch> (48)"", ""[WALK] <lightswitch> (302)"", ""[SWITCHON] <lightswitch> (302)""]"
state_change_task,Turn on all lightswitches,Turn on all tablelamps,example_task76,0.6107883453369141,Turn on all computers,0.5445488691329956,0.06623947620391846,1,1,6,3,kitchen,"[{""id"": 256, ""states"": [""OFF""]}, {""id"": 376, ""states"": [""OFF""]}, {""id"": 377, ""states"": [""OFF""]}]","[""[WALK] <tablelamp> (256)"", ""[SWITCHON] <tablelamp> (256)"", ""[WALK] <tablelamp> (376)"", ""[SWITCHON] <tablelamp> (376)"", ""[WALK] <tablelamp> (377)"", ""[SWITCHON] <tablelamp> (377)""]",False,True,True,False,test_task59,2,bathroom,"[{""id"": 48, ""states"": [""OFF""]}, {""id"": 97, ""states"": [""ON""]}, {""id"": 157, ""states"": [""OFF""]}, {""id"": 302, ""states"": [""ON""]}]",4,"[""[WALK] <lightswitch> (48)"", ""[SWITCHON] <lightswitch> (48)"", ""[WALK] <lightswitch> (157)"", ""[SWITCHON] <lightswitch> (157)""]"
state_change_task,Turn on all lightswitches,Turn on all tablelamps,example_task76,0.6107883453369141,Turn on all computers,0.5445488691329956,0.06623947620391846,1,1,6,3,kitchen,"[{""id"": 256, ""states"": [""OFF""]}, {""id"": 376, ""states"": [""OFF""]}, {""id"": 377, ""states"": [""OFF""]}]","[""[WALK] <tablelamp> (256)"", ""[SWITCHON] <tablelamp> (256)"", ""[WALK] <tablelamp> (376)"", ""[SWITCHON] <tablelamp> (376)"", ""[WALK] <tablelamp> (377)"", ""[SWITCHON] <tablelamp> (377)""]",False,True,True,False,test_task60,2,bathroom,"[{""id"": 48, ""states"": [""OFF""]}, {""id"": 97, ""states"": [""ON""]}, {""id"": 157, ""states"": [""OFF""]}, {""id"": 302, ""states"": [""OFF""]}]",6,"[""[WALK] <lightswitch> (48)"", ""[SWITCHON] <lightswitch> (48)"", ""[WALK] <lightswitch> (157)"", ""[SWITCHON] <lightswitch> (157)"", ""[WALK] <lightswitch> (302)"", ""[SWITCHON] <lightswitch> (302)""]"
state_change_task,Turn on all lightswitches,Turn on all tablelamps,example_task76,0.6107883453369141,Turn on all computers,0.5445488691329956,0.06623947620391846,1,1,6,3,kitchen,"[{""id"": 256, ""states"": [""OFF""]}, {""id"": 376, ""states"": [""OFF""]}, {""id"": 377, ""states"": [""OFF""]}]","[""[WALK] <tablelamp> (256)"", ""[SWITCHON] <tablelamp> (256)"", ""[WALK] <tablelamp> (376)"", ""[SWITCHON] <tablelamp> (376)"", ""[WALK] <tablelamp> (377)"", ""[SWITCHON] <tablelamp> (377)""]",False,True,True,False,test_task61,2,kitchen,"[{""id"": 48, ""states"": [""OFF""]}, {""id"": 97, ""states"": [""OFF""]}, {""id"": 157, ""states"": [""ON""]}, {""id"": 302, ""states"": [""ON""]}]",4,"[""[WALK] <lightswitch> (48)"", ""[SWITCHON] <lightswitch> (48)"", ""[WALK] <lightswitch> (97)"", ""[SWITCHON] <lightswitch> (97)""]"
state_change_task,Turn on all lightswitches,Turn on all tablelamps,example_task76,0.6107883453369141,Turn on all computers,0.5445488691329956,0.06623947620391846,1,1,6,3,kitchen,"[{""id"": 256, ""states"": [""OFF""]}, {""id"": 376, ""states"": [""OFF""]}, {""id"": 377, ""states"": [""OFF""]}]","[""[WALK] <tablelamp> (256)"", ""[SWITCHON] <tablelamp> (256)"", ""[WALK] <tablelamp> (376)"", ""[SWITCHON] <tablelamp> (376)"", ""[WALK] <tablelamp> (377)"", ""[SWITCHON] <tablelamp> (377)""]",False,True,True,False,test_task62,2,kitchen,"[{""id"": 48, ""states"": [""OFF""]}, {""id"": 97, ""states"": [""OFF""]}, {""id"": 157, ""states"": [""ON""]}, {""id"": 302, ""states"": [""OFF""]}]",6,"[""[WALK] <lightswitch> (48)"", ""[SWITCHON] <lightswitch> (48)"", ""[WALK] <lightswitch> (97)"", ""[SWITCHON] <lightswitch> (97)"", ""[WALK] <lightswitch> (302)"", ""[SWITCHON] <lightswitch> (302)""]"
state_change_task,Turn on all lightswitches,Turn on all tablelamps,example_task76,0.6107883453369141,Turn on all computers,0.5445488691329956,0.06623947620391846,1,1,6,3,kitchen,"[{""id"": 256, ""states"": [""OFF""]}, {""id"": 376, ""states"": [""OFF""]}, {""id"": 377, ""states"": [""OFF""]}]","[""[WALK] <tablelamp> (256)"", ""[SWITCHON] <tablelamp> (256)"", ""[WALK] <tablelamp> (376)"", ""[SWITCHON] <tablelamp> (376)"", ""[WALK] <tablelamp> (377)"", ""[SWITCHON] <tablelamp> (377)""]",False,True,True,False,test_task63,2,livingroom,"[{""id"": 48, ""states"": [""OFF""]}, {""id"": 97, ""states"": [""OFF""]}, {""id"": 157, ""states"": [""OFF""]}, {""id"": 302, ""states"": [""ON""]}]",6,"[""[WALK] <lightswitch> (48)"", ""[SWITCHON] <lightswitch> (48)"", ""[WALK] <lightswitch> (97)"", ""[SWITCHON] <lightswitch> (97)"", ""[WALK] <lightswitch> (157)"", ""[SWITCHON] <lightswitch> (157)""]"
state_change_task,Turn on all lightswitches,Turn on all tablelamps,example_task76,0.6107883453369141,Turn on all computers,0.5445488691329956,0.06623947620391846,1,1,6,3,kitchen,"[{""id"": 256, ""states"": [""OFF""]}, {""id"": 376, ""states"": [""OFF""]}, {""id"": 377, ""states"": [""OFF""]}]","[""[WALK] <tablelamp> (256)"", ""[SWITCHON] <tablelamp> (256)"", ""[WALK] <tablelamp> (376)"", ""[SWITCHON] <tablelamp> (376)"", ""[WALK] <tablelamp> (377)"", ""[SWITCHON] <tablelamp> (377)""]",False,True,True,False,test_task64,2,bedroom,"[{""id"": 48, ""states"": [""OFF""]}, {""id"": 97, ""states"": [""OFF""]}, {""id"": 157, ""states"": [""OFF""]}, {""id"": 302, ""states"": [""OFF""]}]",8,"[""[WALK] <lightswitch> (48)"", ""[SWITCHON] <lightswitch> (48)"", ""[WALK] <lightswitch> (97)"", ""[SWITCHON] <lightswitch> (97)"", ""[WALK] <lightswitch> (157)"", ""[SWITCHON] <lightswitch> (157)"", ""[WALK] <lightswitch> (302)"", ""[SWITCHON] <lightswitch> (302)""]"
state_change_task,Turn off all lightswitches,Turn off all candles,example_task81,0.5849753618240356,Turn on all tablelamps,0.5638211965560913,0.021154165267944336,1,1,6,3,kitchen,"[{""id"": 124, ""states"": [""ON""]}, {""id"": 216, ""states"": [""ON""]}, {""id"": 314, ""states"": [""ON""]}]","[""[WALK] <candle> (124)"", ""[SWITCHOFF] <candle> (124)"", ""[WALK] <candle> (216)"", ""[SWITCHOFF] <candle> (216)"", ""[WALK] <candle> (314)"", ""[SWITCHOFF] <candle> (314)""]",False,True,True,False,test_task65,2,livingroom,"[{""id"": 48, ""states"": [""ON""]}, {""id"": 97, ""states"": [""ON""]}, {""id"": 157, ""states"": [""ON""]}, {""id"": 302, ""states"": [""ON""]}]",8,"[""[WALK] <lightswitch> (48)"", ""[SWITCHOFF] <lightswitch> (48)"", ""[WALK] <lightswitch> (97)"", ""[SWITCHOFF] <lightswitch> (97)"", ""[WALK] <lightswitch> (157)"", ""[SWITCHOFF] <lightswitch> (157)"", ""[WALK] <lightswitch> (302)"", ""[SWITCHOFF] <lightswitch> (302)""]"
state_change_task,Turn off all lightswitches,Turn off all candles,example_task81,0.5849753618240356,Turn on all tablelamps,0.5638211965560913,0.021154165267944336,1,1,6,3,kitchen,"[{""id"": 124, ""states"": [""ON""]}, {""id"": 216, ""states"": [""ON""]}, {""id"": 314, ""states"": [""ON""]}]","[""[WALK] <candle> (124)"", ""[SWITCHOFF] <candle> (124)"", ""[WALK] <candle> (216)"", ""[SWITCHOFF] <candle> (216)"", ""[WALK] <candle> (314)"", ""[SWITCHOFF] <candle> (314)""]",False,True,True,False,test_task66,2,livingroom,"[{""id"": 48, ""states"": [""ON""]}, {""id"": 97, ""states"": [""ON""]}, {""id"": 157, ""states"": [""ON""]}, {""id"": 302, ""states"": [""OFF""]}]",6,"[""[WALK] <lightswitch> (48)"", ""[SWITCHOFF] <lightswitch> (48)"", ""[WALK] <lightswitch> (97)"", ""[SWITCHOFF] <lightswitch> (97)"", ""[WALK] <lightswitch> (157)"", ""[SWITCHOFF] <lightswitch> (157)""]"
state_change_task,Turn off all lightswitches,Turn off all candles,example_task81,0.5849753618240356,Turn on all tablelamps,0.5638211965560913,0.021154165267944336,1,1,6,3,kitchen,"[{""id"": 124, ""states"": [""ON""]}, {""id"": 216, ""states"": [""ON""]}, {""id"": 314, ""states"": [""ON""]}]","[""[WALK] <candle> (124)"", ""[SWITCHOFF] <candle> (124)"", ""[WALK] <candle> (216)"", ""[SWITCHOFF] <candle> (216)"", ""[WALK] <candle> (314)"", ""[SWITCHOFF] <candle> (314)""]",False,True,True,False,test_task67,2,bedroom,"[{""id"": 48, ""states"": [""ON""]}, {""id"": 97, ""states"": [""ON""]}, {""id"": 157, ""states"": [""OFF""]}, {""id"": 302, ""states"": [""ON""]}]",6,"[""[WALK] <lightswitch> (48)"", ""[SWITCHOFF] <lightswitch> (48)"", ""[WALK] <lightswitch> (97)"", ""[SWITCHOFF] <lightswitch> (97)"", ""[WALK] <lightswitch> (302)"", ""[SWITCHOFF] <lightswitch> (302)""]"
state_change_task,Turn off all lightswitches,Turn off all candles,example_task81,0.5849753618240356,Turn on all tablelamps,0.5638211965560913,0.021154165267944336,1,1,6,3,kitchen,"[{""id"": 124, ""states"": [""ON""]}, {""id"": 216, ""states"": [""ON""]}, {""id"": 314, ""states"": [""ON""]}]","[""[WALK] <candle> (124)"", ""[SWITCHOFF] <candle> (124)"", ""[WALK] <candle> (216)"", ""[SWITCHOFF] <candle> (216)"", ""[WALK] <candle> (314)"", ""[SWITCHOFF] <candle> (314)""]",False,True,True,False,test_task68,2,bedroom,"[{""id"": 48, ""states"": [""ON""]}, {""id"": 97, ""states"": [""ON""]}, {""id"": 157, ""states"": [""OFF""]}, {""id"": 302, ""states"": [""OFF""]}]",4,"[""[WALK] <lightswitch> (48)"", ""[SWITCHOFF] <lightswitch> (48)"", ""[WALK] <lightswitch> (97)"", ""[SWITCHOFF] <lightswitch> (97)""]"
state_change_task,Turn off all lightswitches,Turn off all candles,example_task81,0.5849753618240356,Turn on all tablelamps,0.5638211965560913,0.021154165267944336,1,1,6,3,kitchen,"[{""id"": 124, ""states"": [""ON""]}, {""id"": 216, ""states"": [""ON""]}, {""id"": 314, ""states"": [""ON""]}]","[""[WALK] <candle> (124)"", ""[SWITCHOFF] <candle> (124)"", ""[WALK] <candle> (216)"", ""[SWITCHOFF] <candle> (216)"", ""[WALK] <candle> (314)"", ""[SWITCHOFF] <candle> (314)""]",False,True,True,False,test_task69,2,bedroom,"[{""id"": 48, ""states"": [""ON""]}, {""id"": 97, ""states"": [""OFF""]}, {""id"": 157, ""states"": [""ON""]}, {""id"": 302, ""states"": [""ON""]}]",6,"[""[WALK] <lightswitch> (48)"", ""[SWITCHOFF] <lightswitch> (48)"", ""[WALK] <lightswitch> (157)"", ""[SWITCHOFF] <lightswitch> (157)"", ""[WALK] <lightswitch> (302)"", ""[SWITCHOFF] <lightswitch> (302)""]"
state_change_task,Turn off all lightswitches,Turn off all candles,example_task81,0.5849753618240356,Turn on all tablelamps,0.5638211965560913,0.021154165267944336,1,1,6,3,kitchen,"[{""id"": 124, ""states"": [""ON""]}, {""id"": 216, ""states"": [""ON""]}, {""id"": 314, ""states"": [""ON""]}]","[""[WALK] <candle> (124)"", ""[SWITCHOFF] <candle> (124)"", ""[WALK] <candle> (216)"", ""[SWITCHOFF] <candle> (216)"", ""[WALK] <candle> (314)"", ""[SWITCHOFF] <candle> (314)""]",False,True,True,False,test_task70,2,livingroom,"[{""id"": 48, ""states"": [""ON""]}, {""id"": 97, ""states"": [""OFF""]}, {""id"": 157, ""states"": [""ON""]}, {""id"": 302, ""states"": [""OFF""]}]",4,"[""[WALK] <lightswitch> (48)"", ""[SWITCHOFF] <lightswitch> (48)"", ""[WALK] <lightswitch> (157)"", ""[SWITCHOFF] <lightswitch> (157)""]"
state_change_task,Turn off all lightswitches,Turn off all candles,example_task81,0.5849753618240356,Turn on all tablelamps,0.5638211965560913,0.021154165267944336,1,1,6,3,kitchen,"[{""id"": 124, ""states"": [""ON""]}, {""id"": 216, ""states"": [""ON""]}, {""id"": 314, ""states"": [""ON""]}]","[""[WALK] <candle> (124)"", ""[SWITCHOFF] <candle> (124)"", ""[WALK] <candle> (216)"", ""[SWITCHOFF] <candle> (216)"", ""[WALK] <candle> (314)"", ""[SWITCHOFF] <candle> (314)""]",False,True,True,False,test_task71,2,bathroom,"[{""id"": 48, ""states"": [""ON""]}, {""id"": 97, ""states"": [""OFF""]}, {""id"": 157, ""states"": [""OFF""]}, {""id"": 302, ""states"": [""ON""]}]",4,"[""[WALK] <lightswitch> (48)"", ""[SWITCHOFF] <lightswitch> (48)"", ""[WALK] <lightswitch> (302)"", ""[SWITCHOFF] <lightswitch> (302)""]"
state_change_task,Turn off all lightswitches,Turn off all candles,example_task81,0.5849753618240356,Turn on all tablelamps,0.5638211965560913,0.021154165267944336,1,1,6,3,kitchen,"[{""id"": 124, ""states"": [""ON""]}, {""id"": 216, ""states"": [""ON""]}, {""id"": 314, ""states"": [""ON""]}]","[""[WALK] <candle> (124)"", ""[SWITCHOFF] <candle> (124)"", ""[WALK] <candle> (216)"", ""[SWITCHOFF] <candle> (216)"", ""[WALK] <candle> (314)"", ""[SWITCHOFF] <candle> (314)""]",False,True,True,False,test_task72,2,bathroom,"[{""id"": 48, ""states"": [""ON""]}, {""id"": 97, ""states"": [""OFF""]}, {""id"": 157, ""states"": [""OFF""]}, {""id"": 302, ""states"": [""OFF""]}]",2,"[""[WALK] <lightswitch> (48)"", ""[SWITCHOFF] <lightswitch> (48)""]"
state_change_task,Turn off all lightswitches,Turn off all candles,example_task81,0.5849753618240356,Turn on all tablelamps,0.5638211965560913,0.021154165267944336,1,1,6,3,kitchen,"[{""id"": 124, ""states"": [""ON""]}, {""id"": 216, ""states"": [""ON""]}, {""id"": 314, ""states"": [""ON""]}]","[""[WALK] <candle> (124)"", ""[SWITCHOFF] <candle> (124)"", ""[WALK] <candle> (216)"", ""[SWITCHOFF] <candle> (216)"", ""[WALK] <candle> (314)"", ""[SWITCHOFF] <candle> (314)""]",False,True,True,False,test_task73,2,kitchen,"[{""id"": 48, ""states"": [""OFF""]}, {""id"": 97, ""states"": [""ON""]}, {""id"": 157, ""states"": [""ON""]}, {""id"": 302, ""states"": [""ON""]}]",6,"[""[WALK] <lightswitch> (97)"", ""[SWITCHOFF] <lightswitch> (97)"", ""[WALK] <lightswitch> (157)"", ""[SWITCHOFF] <lightswitch> (157)"", ""[WALK] <lightswitch> (302)"", ""[SWITCHOFF] <lightswitch> (302)""]"
state_change_task,Turn off all lightswitches,Turn off all candles,example_task81,0.5849753618240356,Turn on all tablelamps,0.5638211965560913,0.021154165267944336,1,1,6,3,kitchen,"[{""id"": 124, ""states"": [""ON""]}, {""id"": 216, ""states"": [""ON""]}, {""id"": 314, ""states"": [""ON""]}]","[""[WALK] <candle> (124)"", ""[SWITCHOFF] <candle> (124)"", ""[WALK] <candle> (216)"", ""[SWITCHOFF] <candle> (216)"", ""[WALK] <candle> (314)"", ""[SWITCHOFF] <candle> (314)""]",False,True,True,False,test_task74,2,bathroom,"[{""id"": 48, ""states"": [""OFF""]}, {""id"": 97, ""states"": [""ON""]}, {""id"": 157, ""states"": [""ON""]}, {""id"": 302, ""states"": [""OFF""]}]",4,"[""[WALK] <lightswitch> (97)"", ""[SWITCHOFF] <lightswitch> (97)"", ""[WALK] <lightswitch> (157)"", ""[SWITCHOFF] <lightswitch> (157)""]"
state_change_task,Turn off all lightswitches,Turn off all candles,example_task81,0.5849753618240356,Turn on all tablelamps,0.5638211965560913,0.021154165267944336,1,1,6,3,kitchen,"[{""id"": 124, ""states"": [""ON""]}, {""id"": 216, ""states"": [""ON""]}, {""id"": 314, ""states"": [""ON""]}]","[""[WALK] <candle> (124)"", ""[SWITCHOFF] <candle> (124)"", ""[WALK] <candle> (216)"", ""[SWITCHOFF] <candle> (216)"", ""[WALK] <candle> (314)"", ""[SWITCHOFF] <candle> (314)""]",False,True,True,False,test_task75,2,kitchen,"[{""id"": 48, ""states"": [""OFF""]}, {""id"": 97, ""states"": [""ON""]}, {""id"": 157, ""states"": [""OFF""]}, {""id"": 302, ""states"": [""ON""]}]",4,"[""[WALK] <lightswitch> (97)"", ""[SWITCHOFF] <lightswitch> (97)"", ""[WALK] <lightswitch> (302)"", ""[SWITCHOFF] <lightswitch> (302)""]"
state_change_task,Turn off all lightswitches,Turn off all candles,example_task81,0.5849753618240356,Turn on all tablelamps,0.5638211965560913,0.021154165267944336,1,1,6,3,kitchen,"[{""id"": 124, ""states"": [""ON""]}, {""id"": 216, ""states"": [""ON""]}, {""id"": 314, ""states"": [""ON""]}]","[""[WALK] <candle> (124)"", ""[SWITCHOFF] <candle> (124)"", ""[WALK] <candle> (216)"", ""[SWITCHOFF] <candle> (216)"", ""[WALK] <candle> (314)"", ""[SWITCHOFF] <candle> (314)""]",False,True,True,False,test_task76,2,bathroom,"[{""id"": 48, ""states"": [""OFF""]}, {""id"": 97, ""states"": [""ON""]}, {""id"": 157, ""states"": [""OFF""]}, {""id"": 302, ""states"": [""OFF""]}]",2,"[""[WALK] <lightswitch> (97)"", ""[SWITCHOFF] <lightswitch> (97)""]"
state_change_task,Turn off all lightswitches,Turn off all candles,example_task81,0.5849753618240356,Turn on all tablelamps,0.5638211965560913,0.021154165267944336,1,1,6,3,kitchen,"[{""id"": 124, ""states"": [""ON""]}, {""id"": 216, ""states"": [""ON""]}, {""id"": 314, ""states"": [""ON""]}]","[""[WALK] <candle> (124)"", ""[SWITCHOFF] <candle> (124)"", ""[WALK] <candle> (216)"", ""[SWITCHOFF] <candle> (216)"", ""[WALK] <candle> (314)"", ""[SWITCHOFF] <candle> (314)""]",False,True,True,False,test_task77,2,livingroom,"[{""id"": 48, ""states"": [""OFF""]}, {""id"": 97, ""states"": [""OFF""]}, {""id"": 157, ""states"": [""ON""]}, {""id"": 302, ""states"": [""ON""]}]",4,"[""[WALK] <lightswitch> (157)"", ""[SWITCHOFF] <lightswitch> (157)"", ""[WALK] <lightswitch> (302)"", ""[SWITCHOFF] <lightswitch> (302)""]"
state_change_task,Turn off all lightswitches,Turn off all candles,example_task81,0.5849753618240356,Turn on all tablelamps,0.5638211965560913,0.021154165267944336,1,1,6,3,kitchen,"[{""id"": 124, ""states"": [""ON""]}, {""id"": 216, ""states"": [""ON""]}, {""id"": 314, ""states"": [""ON""]}]","[""[WALK] <candle> (124)"", ""[SWITCHOFF] <candle> (124)"", ""[WALK] <candle> (216)"", ""[SWITCHOFF] <candle> (216)"", ""[WALK] <candle> (314)"", ""[SWITCHOFF] <candle> (314)""]",False,True,True,False,test_task78,2,bedroom,"[{""id"": 48, ""states"": [""OFF""]}, {""id"": 97, ""states"": [""OFF""]}, {""id"": 157, ""states"": [""ON""]}, {""id"": 302, ""states"": [""OFF""]}]",2,"[""[WALK] <lightswitch> (157)"", ""[SWITCHOFF] <lightswitch> (157)""]"
state_change_task,Turn off all lightswitches,Turn off all candles,example_task81,0.5849753618240356,Turn on all tablelamps,0.5638211965560913,0.021154165267944336,1,1,6,3,kitchen,"[{""id"": 124, ""states"": [""ON""]}, {""id"": 216, ""states"": [""ON""]}, {""id"": 314, ""states"": [""ON""]}]","[""[WALK] <candle> (124)"", ""[SWITCHOFF] <candle> (124)"", ""[WALK] <candle> (216)"", ""[SWITCHOFF] <candle> (216)"", ""[WALK] <candle> (314)"", ""[SWITCHOFF] <candle> (314)""]",False,True,True,False,test_task79,2,bathroom,"[{""id"": 48, ""states"": [""OFF""]}, {""id"": 97, ""states"": [""OFF""]}, {""id"": 157, ""states"": [""OFF""]}, {""id"": 302, ""states"": [""ON""]}]",2,"[""[WALK] <lightswitch> (302)"", ""[SWITCHOFF] <lightswitch> (302)""]"
state_change_task,Turn off all lightswitches,Turn off all candles,example_task81,0.5849753618240356,Turn on all tablelamps,0.5638211965560913,0.021154165267944336,1,1,6,3,kitchen,"[{""id"": 124, ""states"": [""ON""]}, {""id"": 216, ""states"": [""ON""]}, {""id"": 314, ""states"": [""ON""]}]","[""[WALK] <candle> (124)"", ""[SWITCHOFF] <candle> (124)"", ""[WALK] <candle> (216)"", ""[SWITCHOFF] <candle> (216)"", ""[WALK] <candle> (314)"", ""[SWITCHOFF] <candle> (314)""]",False,True,True,False,test_task80,2,bedroom,"[{""id"": 48, ""states"": [""OFF""]}, {""id"": 97, ""states"": [""OFF""]}, {""id"": 157, ""states"": [""OFF""]}, {""id"": 302, ""states"": [""OFF""]}]",0,[]
state_change_task,Turn off all computers,Turn on all computers,example_task12,0.8592640161514282,Turn off all cellphones,0.581680417060852,0.27758359909057617,1,1,4,1,livingroom,"[{""id"": 174, ""states"": [""OFF""]}, {""id"": 433, ""states"": [""OFF""]}]","[""[WALK] <computer> (174)"", ""[SWITCHON] <computer> (174)"", ""[WALK] <computer> (433)"", ""[SWITCHON] <computer> (433)""]",True,False,True,False,test_task81,2,kitchen,"[{""id"": 94, ""states"": [""ON""]}, {""id"": 295, ""states"": [""ON""]}]",4,"[""[WALK] <computer> (94)"", ""[SWITCHOFF] <computer> (94)"", ""[WALK] <computer> (295)"", ""[SWITCHOFF] <computer> (295)""]"
state_change_task,Turn off all computers,Turn on all computers,example_task12,0.8592640161514282,Turn off all cellphones,0.581680417060852,0.27758359909057617,1,1,4,1,livingroom,"[{""id"": 174, ""states"": [""OFF""]}, {""id"": 433, ""states"": [""OFF""]}]","[""[WALK] <computer> (174)"", ""[SWITCHON] <computer> (174)"", ""[WALK] <computer> (433)"", ""[SWITCHON] <computer> (433)""]",True,False,True,False,test_task82,2,kitchen,"[{""id"": 94, ""states"": [""ON""]}, {""id"": 295, ""states"": [""OFF""]}]",2,"[""[WALK] <computer> (94)"", ""[SWITCHOFF] <computer> (94)""]"
state_change_task,Turn off all computers,Turn on all computers,example_task12,0.8592640161514282,Turn off all cellphones,0.581680417060852,0.27758359909057617,1,1,4,1,livingroom,"[{""id"": 174, ""states"": [""OFF""]}, {""id"": 433, ""states"": [""OFF""]}]","[""[WALK] <computer> (174)"", ""[SWITCHON] <computer> (174)"", ""[WALK] <computer> (433)"", ""[SWITCHON] <computer> (433)""]",True,False,True,False,test_task83,2,bedroom,"[{""id"": 94, ""states"": [""OFF""]}, {""id"": 295, ""states"": [""ON""]}]",2,"[""[WALK] <computer> (295)"", ""[SWITCHOFF] <computer> (295)""]"
state_change_task,Turn off all computers,Turn on all computers,example_task12,0.8592640161514282,Turn off all cellphones,0.581680417060852,0.27758359909057617,1,1,4,1,livingroom,"[{""id"": 174, ""states"": [""OFF""]}, {""id"": 433, ""states"": [""OFF""]}]","[""[WALK] <computer> (174)"", ""[SWITCHON] <computer> (174)"", ""[WALK] <computer> (433)"", ""[SWITCHON] <computer> (433)""]",True,False,True,False,test_task84,2,bathroom,"[{""id"": 94, ""states"": [""OFF""]}, {""id"": 295, ""states"": [""OFF""]}]",0,[]
state_change_task,Turn off all tablelamps,Turn on all tablelamps,example_task76,0.9095948934555054,Turn off all candles,0.4964370131492615,0.4131578803062439,1,1,6,3,kitchen,"[{""id"": 256, ""states"": [""OFF""]}, {""id"": 376, ""states"": [""OFF""]}, {""id"": 377, ""states"": [""OFF""]}]","[""[WALK] <tablelamp> (256)"", ""[SWITCHON] <tablelamp> (256)"", ""[WALK] <tablelamp> (376)"", ""[SWITCHON] <tablelamp> (376)"", ""[WALK] <tablelamp> (377)"", ""[SWITCHON] <tablelamp> (377)""]",True,False,True,False,test_task85,2,kitchen,"[{""id"": 124, ""states"": [""ON""]}, {""id"": 125, ""states"": [""ON""]}]",4,"[""[WALK] <tablelamp> (124)"", ""[SWITCHOFF] <tablelamp> (124)"", ""[WALK] <tablelamp> (125)"", ""[SWITCHOFF] <tablelamp> (125)""]"
state_change_task,Turn off all tablelamps,Turn on all tablelamps,example_task76,0.9095948934555054,Turn off all candles,0.4964370131492615,0.4131578803062439,1,1,6,3,kitchen,"[{""id"": 256, ""states"": [""OFF""]}, {""id"": 376, ""states"": [""OFF""]}, {""id"": 377, ""states"": [""OFF""]}]","[""[WALK] <tablelamp> (256)"", ""[SWITCHON] <tablelamp> (256)"", ""[WALK] <tablelamp> (376)"", ""[SWITCHON] <tablelamp> (376)"", ""[WALK] <tablelamp> (377)"", ""[SWITCHON] <tablelamp> (377)""]",True,False,True,False,test_task86,2,bathroom,"[{""id"": 124, ""states"": [""ON""]}, {""id"": 125, ""states"": [""OFF""]}]",2,"[""[WALK] <tablelamp> (124)"", ""[SWITCHOFF] <tablelamp> (124)""]"
state_change_task,Turn off all tablelamps,Turn on all tablelamps,example_task76,0.9095948934555054,Turn off all candles,0.4964370131492615,0.4131578803062439,1,1,6,3,kitchen,"[{""id"": 256, ""states"": [""OFF""]}, {""id"": 376, ""states"": [""OFF""]}, {""id"": 377, ""states"": [""OFF""]}]","[""[WALK] <tablelamp> (256)"", ""[SWITCHON] <tablelamp> (256)"", ""[WALK] <tablelamp> (376)"", ""[SWITCHON] <tablelamp> (376)"", ""[WALK] <tablelamp> (377)"", ""[SWITCHON] <tablelamp> (377)""]",True,False,True,False,test_task87,2,kitchen,"[{""id"": 124, ""states"": [""OFF""]}, {""id"": 125, ""states"": [""ON""]}]",2,"[""[WALK] <tablelamp> (125)"", ""[SWITCHOFF] <tablelamp> (125)""]"
state_change_task,Turn off all tablelamps,Turn on all tablelamps,example_task76,0.9095948934555054,Turn off all candles,0.4964370131492615,0.4131578803062439,1,1,6,3,kitchen,"[{""id"": 256, ""states"": [""OFF""]}, {""id"": 376, ""states"": [""OFF""]}, {""id"": 377, ""states"": [""OFF""]}]","[""[WALK] <tablelamp> (256)"", ""[SWITCHON] <tablelamp> (256)"", ""[WALK] <tablelamp> (376)"", ""[SWITCHON] <tablelamp> (376)"", ""[WALK] <tablelamp> (377)"", ""[SWITCHON] <tablelamp> (377)""]",True,False,True,False,test_task88,2,bathroom,"[{""id"": 124, ""states"": [""OFF""]}, {""id"": 125, ""states"": [""OFF""]}]",0,[]
state_change_task,Turn on all lightswitches,Turn on all tablelamps,example_task76,0.6107883453369141,Turn on all computers,0.5445488691329956,0.06623947620391846,1,1,6,3,kitchen,"[{""id"": 256, ""states"": [""OFF""]}, {""id"": 376, ""states"": [""OFF""]}, {""id"": 377, ""states"": [""OFF""]}]","[""[WALK] <tablelamp> (256)"", ""[SWITCHON] <tablelamp> (256)"", ""[WALK] <tablelamp> (376)"", ""[SWITCHON] <tablelamp> (376)"", ""[WALK] <tablelamp> (377)"", ""[SWITCHON] <tablelamp> (377)""]",False,True,True,False,test_task89,3,livingroom,"[{""id"": 58, ""states"": [""ON""]}, {""id"": 239, ""states"": [""ON""]}, {""id"": 278, ""states"": [""ON""]}, {""id"": 344, ""states"": [""ON""]}, {""id"": 402, ""states"": [""ON""]}]",0,[]
state_change_task,Turn on all lightswitches,Turn on all tablelamps,example_task76,0.6107883453369141,Turn on all computers,0.5445488691329956,0.06623947620391846,1,1,6,3,kitchen,"[{""id"": 256, ""states"": [""OFF""]}, {""id"": 376, ""states"": [""OFF""]}, {""id"": 377, ""states"": [""OFF""]}]","[""[WALK] <tablelamp> (256)"", ""[SWITCHON] <tablelamp> (256)"", ""[WALK] <tablelamp> (376)"", ""[SWITCHON] <tablelamp> (376)"", ""[WALK] <tablelamp> (377)"", ""[SWITCHON] <tablelamp> (377)""]",False,True,True,False,test_task90,3,bedroom,"[{""id"": 58, ""states"": [""ON""]}, {""id"": 239, ""states"": [""ON""]}, {""id"": 278, ""states"": [""ON""]}, {""id"": 344, ""states"": [""ON""]}, {""id"": 402, ""states"": [""OFF""]}]",2,"[""[WALK] <lightswitch> (402)"", ""[SWITCHON] <lightswitch> (402)""]"
state_change_task,Turn on all lightswitches,Turn on all tablelamps,example_task76,0.6107883453369141,Turn on all computers,0.5445488691329956,0.06623947620391846,1,1,6,3,kitchen,"[{""id"": 256, ""states"": [""OFF""]}, {""id"": 376, ""states"": [""OFF""]}, {""id"": 377, ""states"": [""OFF""]}]","[""[WALK] <tablelamp> (256)"", ""[SWITCHON] <tablelamp> (256)"", ""[WALK] <tablelamp> (376)"", ""[SWITCHON] <tablelamp> (376)"", ""[WALK] <tablelamp> (377)"", ""[SWITCHON] <tablelamp> (377)""]",False,True,True,False,test_task91,3,livingroom,"[{""id"": 58, ""states"": [""ON""]}, {""id"": 239, ""states"": [""ON""]}, {""id"": 278, ""states"": [""ON""]}, {""id"": 344, ""states"": [""OFF""]}, {""id"": 402, ""states"": [""ON""]}]",2,"[""[WALK] <lightswitch> (344)"", ""[SWITCHON] <lightswitch> (344)""]"
state_change_task,Turn on all lightswitches,Turn on all tablelamps,example_task76,0.6107883453369141,Turn on all computers,0.5445488691329956,0.06623947620391846,1,1,6,3,kitchen,"[{""id"": 256, ""states"": [""OFF""]}, {""id"": 376, ""states"": [""OFF""]}, {""id"": 377, ""states"": [""OFF""]}]","[""[WALK] <tablelamp> (256)"", ""[SWITCHON] <tablelamp> (256)"", ""[WALK] <tablelamp> (376)"", ""[SWITCHON] <tablelamp> (376)"", ""[WALK] <tablelamp> (377)"", ""[SWITCHON] <tablelamp> (377)""]",False,True,True,False,test_task92,3,kitchen,"[{""id"": 58, ""states"": [""ON""]}, {""id"": 239, ""states"": [""ON""]}, {""id"": 278, ""states"": [""ON""]}, {""id"": 344, ""states"": [""OFF""]}, {""id"": 402, ""states"": [""OFF""]}]",4,"[""[WALK] <lightswitch> (344)"", ""[SWITCHON] <lightswitch> (344)"", ""[WALK] <lightswitch> (402)"", ""[SWITCHON] <lightswitch> (402)""]"
state_change_task,Turn on all lightswitches,Turn on all tablelamps,example_task76,0.6107883453369141,Turn on all computers,0.5445488691329956,0.06623947620391846,1,1,6,3,kitchen,"[{""id"": 256, ""states"": [""OFF""]}, {""id"": 376, ""states"": [""OFF""]}, {""id"": 377, ""states"": [""OFF""]}]","[""[WALK] <tablelamp> (256)"", ""[SWITCHON] <tablelamp> (256)"", ""[WALK] <tablelamp> (376)"", ""[SWITCHON] <tablelamp> (376)"", ""[WALK] <tablelamp> (377)"", ""[SWITCHON] <tablelamp> (377)""]",False,True,True,False,test_task93,3,kitchen,"[{""id"": 58, ""states"": [""ON""]}, {""id"": 239, ""states"": [""ON""]}, {""id"": 278, ""states"": [""OFF""]}, {""id"": 344, ""states"": [""ON""]}, {""id"": 402, ""states"": [""ON""]}]",2,"[""[WALK] <lightswitch> (278)"", ""[SWITCHON] <lightswitch> (278)""]"
state_change_task,Turn on all lightswitches,Turn on all tablelamps,example_task76,0.6107883453369141,Turn on all computers,0.5445488691329956,0.06623947620391846,1,1,6,3,kitchen,"[{""id"": 256, ""states"": [""OFF""]}, {""id"": 376, ""states"": [""OFF""]}, {""id"": 377, ""states"": [""OFF""]}]","[""[WALK] <tablelamp> (256)"", ""[SWITCHON] <tablelamp> (256)"", ""[WALK] <tablelamp> (376)"", ""[SWITCHON] <tablelamp> (376)"", ""[WALK] <tablelamp> (377)"", ""[SWITCHON] <tablelamp> (377)""]",False,True,True,False,test_task94,3,kitchen,"[{""id"": 58, ""states"": [""ON""]}, {""id"": 239, ""states"": [""ON""]}, {""id"": 278, ""states"": [""OFF""]}, {""id"": 344, ""states"": [""ON""]}, {""id"": 402, ""states"": [""OFF""]}]",4,"[""[WALK] <lightswitch> (278)"", ""[SWITCHON] <lightswitch> (278)"", ""[WALK] <lightswitch> (402)"", ""[SWITCHON] <lightswitch> (402)""]"
state_change_task,Turn on all lightswitches,Turn on all tablelamps,example_task76,0.6107883453369141,Turn on all computers,0.5445488691329956,0.06623947620391846,1,1,6,3,kitchen,"[{""id"": 256, ""states"": [""OFF""]}, {""id"": 376, ""states"": [""OFF""]}, {""id"": 377, ""states"": [""OFF""]}]","[""[WALK] <tablelamp> (256)"", ""[SWITCHON] <tablelamp> (256)"", ""[WALK] <tablelamp> (376)"", ""[SWITCHON] <tablelamp> (376)"", ""[WALK] <tablelamp> (377)"", ""[SWITCHON] <tablelamp> (377)""]",False,True,True,False,test_task95,3,bathroom,"[{""id"": 58, ""states"": [""ON""]}, {""id"": 239, ""states"": [""ON""]}, {""id"": 278, ""states"": [""OFF""]}, {""id"": 344, ""states"": [""OFF""]}, {""id"": 402, ""states"": [""ON""]}]",4,"[""[WALK] <lightswitch> (278)"", ""[SWITCHON] <lightswitch> (278)"", ""[WALK] <lightswitch> (344)"", ""[SWITCHON] <lightswitch> (344)""]"
state_change_task,Turn on all lightswitches,Turn on all tablelamps,example_task76,0.6107883453369141,Turn on all computers,0.5445488691329956,0.06623947620391846,1,1,6,3,kitchen,"[{""id"": 256, ""states"": [""OFF""]}, {""id"": 376, ""states"": [""OFF""]}, {""id"": 377, ""states"": [""OFF""]}]","[""[WALK] <tablelamp> (256)"", ""[SWITCHON] <tablelamp> (256)"", ""[WALK] <tablelamp> (376)"", ""[SWITCHON] <tablelamp> (376)"", ""[WALK] <tablelamp> (377)"", ""[SWITCHON] <tablelamp> (377)""]",False,True,True,False,test_task96,3,livingroom,"[{""id"": 58, ""states"": [""ON""]}, {""id"": 239, ""states"": [""ON""]}, {""id"": 278, ""states"": [""OFF""]}, {""id"": 344, ""states"": [""OFF""]}, {""id"": 402, ""states"": [""OFF""]}]",6,"[""[WALK] <lightswitch> (278)"", ""[SWITCHON] <lightswitch> (278)"", ""[WALK] <lightswitch> (344)"", ""[SWITCHON] <lightswitch> (344)"", ""[WALK] <lightswitch> (402)"", ""[SWITCHON] <lightswitch> (402)""]"
state_change_task,Turn on all lightswitches,Turn on all tablelamps,example_task76,0.6107883453369141,Turn on all computers,0.5445488691329956,0.06623947620391846,1,1,6,3,kitchen,"[{""id"": 256, ""states"": [""OFF""]}, {""id"": 376, ""states"": [""OFF""]}, {""id"": 377, ""states"": [""OFF""]}]","[""[WALK] <tablelamp> (256)"", ""[SWITCHON] <tablelamp> (256)"", ""[WALK] <tablelamp> (376)"", ""[SWITCHON] <tablelamp> (376)"", ""[WALK] <tablelamp> (377)"", ""[SWITCHON] <tablelamp> (377)""]",False,True,True,False,test_task97,3,kitchen,"[{""id"": 58, ""states"": [""ON""]}, {""id"": 239, ""states"": [""OFF""]}, {""id"": 278, ""states"": [""ON""]}, {""id"": 344, ""states"": [""ON""]}, {""id"": 402, ""states"": [""ON""]}]",2,"[""[WALK] <lightswitch> (239)"", ""[SWITCHON] <lightswitch> (239)""]"
state_change_task,Turn on all lightswitches,Turn on all tablelamps,example_task76,0.6107883453369141,Turn on all computers,0.5445488691329956,0.06623947620391846,1,1,6,3,kitchen,"[{""id"": 256, ""states"": [""OFF""]}, {""id"": 376, ""states"": [""OFF""]}, {""id"": 377, ""states"": [""OFF""]}]","[""[WALK] <tablelamp> (256)"", ""[SWITCHON] <tablelamp> (256)"", ""[WALK] <tablelamp> (376)"", ""[SWITCHON] <tablelamp> (376)"", ""[WALK] <tablelamp> (377)"", ""[SWITCHON] <tablelamp> (377)""]",False,True,True,False,test_task98,3,livingroom,"[{""id"": 58, ""states"": [""ON""]}, {""id"": 239, ""states"": [""OFF""]}, {""id"": 278, ""states"": [""ON""]}, {""id"": 344, ""states"": [""ON""]}, {""id"": 402, ""states"": [""OFF""]}]",4,"[""[WALK] <lightswitch> (239)"", ""[SWITCHON] <lightswitch> (239)"", ""[WALK] <lightswitch> (402)"", ""[SWITCHON] <lightswitch> (402)""]"
state_change_task,Turn on all lightswitches,Turn on all tablelamps,example_task76,0.6107883453369141,Turn on all computers,0.5445488691329956,0.06623947620391846,1,1,6,3,kitchen,"[{""id"": 256, ""states"": [""OFF""]}, {""id"": 376, ""states"": [""OFF""]}, {""id"": 377, ""states"": [""OFF""]}]","[""[WALK] <tablelamp> (256)"", ""[SWITCHON] <tablelamp> (256)"", ""[WALK] <tablelamp> (376)"", ""[SWITCHON] <tablelamp> (376)"", ""[WALK] <tablelamp> (377)"", ""[SWITCHON] <tablelamp> (377)""]",False,True,True,False,test_task99,3,livingroom,"[{""id"": 58, ""states"": [""ON""]}, {""id"": 239, ""states"": [""OFF""]}, {""id"": 278, ""states"": [""ON""]}, {""id"": 344, ""states"": [""OFF""]}, {""id"": 402, ""states"": [""ON""]}]",4,"[""[WALK] <lightswitch> (239)"", ""[SWITCHON] <lightswitch> (239)"", ""[WALK] <lightswitch> (344)"", ""[SWITCHON] <lightswitch> (344)""]"
state_change_task,Turn on all lightswitches,Turn on all tablelamps,example_task76,0.6107883453369141,Turn on all computers,0.5445488691329956,0.06623947620391846,1,1,6,3,kitchen,"[{""id"": 256, ""states"": [""OFF""]}, {""id"": 376, ""states"": [""OFF""]}, {""id"": 377, ""states"": [""OFF""]}]","[""[WALK] <tablelamp> (256)"", ""[SWITCHON] <tablelamp> (256)"", ""[WALK] <tablelamp> (376)"", ""[SWITCHON] <tablelamp> (376)"", ""[WALK] <tablelamp> (377)"", ""[SWITCHON] <tablelamp> (377)""]",False,True,True,False,test_task100,3,kitchen,"[{""id"": 58, ""states"": [""ON""]}, {""id"": 239, ""states"": [""OFF""]}, {""id"": 278, ""states"": [""ON""]}, {""id"": 344, ""states"": [""OFF""]}, {""id"": 402, ""states"": [""OFF""]}]",6,"[""[WALK] <lightswitch> (239)"", ""[SWITCHON] <lightswitch> (239)"", ""[WALK] <lightswitch> (344)"", ""[SWITCHON] <lightswitch> (344)"", ""[WALK] <lightswitch> (402)"", ""[SWITCHON] <lightswitch> (402)""]"
state_change_task,Turn on all lightswitches,Turn on all tablelamps,example_task76,0.6107883453369141,Turn on all computers,0.5445488691329956,0.06623947620391846,1,1,6,3,kitchen,"[{""id"": 256, ""states"": [""OFF""]}, {""id"": 376, ""states"": [""OFF""]}, {""id"": 377, ""states"": [""OFF""]}]","[""[WALK] <tablelamp> (256)"", ""[SWITCHON] <tablelamp> (256)"", ""[WALK] <tablelamp> (376)"", ""[SWITCHON] <tablelamp> (376)"", ""[WALK] <tablelamp> (377)"", ""[SWITCHON] <tablelamp> (377)""]",False,True,True,False,test_task101,3,kitchen,"[{""id"": 58, ""states"": [""ON""]}, {""id"": 239, ""states"": [""OFF""]}, {""id"": 278, ""states"": [""OFF""]}, {""id"": 344, ""states"": [""ON""]}, {""id"": 402, ""states"": [""ON""]}]",4,"[""[WALK] <lightswitch> (239)"", ""[SWITCHON] <lightswitch> (239)"", ""[WALK] <lightswitch> (278)"", ""[SWITCHON] <lightswitch> (278)""]"
state_change_task,Turn on all lightswitches,Turn on all tablelamps,example_task76,0.6107883453369141,Turn on all computers,0.5445488691329956,0.06623947620391846,1,1,6,3,kitchen,"[{""id"": 256, ""states"": [""OFF""]}, {""id"": 376, ""states"": [""OFF""]}, {""id"": 377, ""states"": [""OFF""]}]","[""[WALK] <tablelamp> (256)"", ""[SWITCHON] <tablelamp> (256)"", ""[WALK] <tablelamp> (376)"", ""[SWITCHON] <tablelamp> (376)"", ""[WALK] <tablelamp> (377)"", ""[SWITCHON] <tablelamp> (377)""]",False,True,True,False,test_task102,3,bathroom,"[{""id"": 58, ""states"": [""ON""]}, {""id"": 239, ""states"": [""OFF""]}, {""id"": 278, ""states"": [""OFF""]}, {""id"": 344, ""states"": [""ON""]}, {""id"": 402, ""states"": [""OFF""]}]",6,"[""[WALK] <lightswitch> (239)"", ""[SWITCHON] <lightswitch> (239)"", ""[WALK] <lightswitch> (278)"", ""[SWITCHON] <lightswitch> (278)"", ""[WALK] <lightswitch> (402)"", ""[SWITCHON] <lightswitch> (402)""]"
state_change_task,Turn on all lightswitches,Turn on all tablelamps,example_task76,0.6107883453369141,Turn on all computers,0.5445488691329956,0.06623947620391846,1,1,6,3,kitchen,"[{""id"": 256, ""states"": [""OFF""]}, {""id"": 376, ""states"": [""OFF""]}, {""id"": 377, ""states"": [""OFF""]}]","[""[WALK] <tablelamp> (256)"", ""[SWITCHON] <tablelamp> (256)"", ""[WALK] <tablelamp> (376)"", ""[SWITCHON] <tablelamp> (376)"", ""[WALK] <tablelamp> (377)"", ""[SWITCHON] <tablelamp> (377)""]",False,True,True,False,test_task103,3,kitchen,"[{""id"": 58, ""states"": [""ON""]}, {""id"": 239, ""states"": [""OFF""]}, {""id"": 278, ""states"": [""OFF""]}, {""id"": 344, ""states"": [""OFF""]}, {""id"": 402, ""states"": [""ON""]}]",6,"[""[WALK] <lightswitch> (239)"", ""[SWITCHON] <lightswitch> (239)"", ""[WALK] <lightswitch> (278)"", ""[SWITCHON] <lightswitch> (278)"", ""[WALK] <lightswitch> (344)"", ""[SWITCHON] <lightswitch> (344)""]"
state_change_task,Turn on all lightswitches,Turn on all tablelamps,example_task76,0.6107883453369141,Turn on all computers,0.5445488691329956,0.06623947620391846,1,1,6,3,kitchen,"[{""id"": 256, ""states"": [""OFF""]}, {""id"": 376, ""states"": [""OFF""]}, {""id"": 377, ""states"": [""OFF""]}]","[""[WALK] <tablelamp> (256)"", ""[SWITCHON] <tablelamp> (256)"", ""[WALK] <tablelamp> (376)"", ""[SWITCHON] <tablelamp> (376)"", ""[WALK] <tablelamp> (377)"", ""[SWITCHON] <tablelamp> (377)""]",False,True,True,False,test_task104,3,bathroom,"[{""id"": 58, ""states"": [""ON""]}, {""id"": 239, ""states"": [""OFF""]}, {""id"": 278, ""states"": [""OFF""]}, {""id"": 344, ""states"": [""OFF""]}, {""id"": 402, ""states"": [""OFF""]}]",8,"[""[WALK] <lightswitch> (239)"", ""[SWITCHON] <lightswitch> (239)"", ""[WALK] <lightswitch> (278)"", ""[SWITCHON] <lightswitch> (278)"", ""[WALK] <lightswitch> (344)"", ""[SWITCHON] <lightswitch> (344)"", ""[WALK] <lightswitch> (402)"", ""[SWITCHON] <lightswitch> (402)""]"
state_change_task,Turn on all lightswitches,Turn on all tablelamps,example_task76,0.6107883453369141,Turn on all computers,0.5445488691329956,0.06623947620391846,1,1,6,3,kitchen,"[{""id"": 256, ""states"": [""OFF""]}, {""id"": 376, ""states"": [""OFF""]}, {""id"": 377, ""states"": [""OFF""]}]","[""[WALK] <tablelamp> (256)"", ""[SWITCHON] <tablelamp> (256)"", ""[WALK] <tablelamp> (376)"", ""[SWITCHON] <tablelamp> (376)"", ""[WALK] <tablelamp> (377)"", ""[SWITCHON] <tablelamp> (377)""]",False,True,True,False,test_task105,3,bedroom,"[{""id"": 58, ""states"": [""OFF""]}, {""id"": 239, ""states"": [""ON""]}, {""id"": 278, ""states"": [""ON""]}, {""id"": 344, ""states"": [""ON""]}, {""id"": 402, ""states"": [""ON""]}]",2,"[""[WALK] <lightswitch> (58)"", ""[SWITCHON] <lightswitch> (58)""]"
state_change_task,Turn on all lightswitches,Turn on all tablelamps,example_task76,0.6107883453369141,Turn on all computers,0.5445488691329956,0.06623947620391846,1,1,6,3,kitchen,"[{""id"": 256, ""states"": [""OFF""]}, {""id"": 376, ""states"": [""OFF""]}, {""id"": 377, ""states"": [""OFF""]}]","[""[WALK] <tablelamp> (256)"", ""[SWITCHON] <tablelamp> (256)"", ""[WALK] <tablelamp> (376)"", ""[SWITCHON] <tablelamp> (376)"", ""[WALK] <tablelamp> (377)"", ""[SWITCHON] <tablelamp> (377)""]",False,True,True,False,test_task106,3,kitchen,"[{""id"": 58, ""states"": [""OFF""]}, {""id"": 239, ""states"": [""ON""]}, {""id"": 278, ""states"": [""ON""]}, {""id"": 344, ""states"": [""ON""]}, {""id"": 402, ""states"": [""OFF""]}]",4,"[""[WALK] <lightswitch> (58)"", ""[SWITCHON] <lightswitch> (58)"", ""[WALK] <lightswitch> (402)"", ""[SWITCHON] <lightswitch> (402)""]"
state_change_task,Turn on all lightswitches,Turn on all tablelamps,example_task76,0.6107883453369141,Turn on all computers,0.5445488691329956,0.06623947620391846,1,1,6,3,kitchen,"[{""id"": 256, ""states"": [""OFF""]}, {""id"": 376, ""states"": [""OFF""]}, {""id"": 377, ""states"": [""OFF""]}]","[""[WALK] <tablelamp> (256)"", ""[SWITCHON] <tablelamp> (256)"", ""[WALK] <tablelamp> (376)"", ""[SWITCHON] <tablelamp> (376)"", ""[WALK] <tablelamp> (377)"", ""[SWITCHON] <tablelamp> (377)""]",False,True,True,False,test_task107,3,bedroom,"[{""id"": 58, ""states"": [""OFF""]}, {""id"": 239, ""states"": [""ON""]}, {""id"": 278, ""states"": [""ON""]}, {""id"": 344, ""states"": [""OFF""]}, {""id"": 402, ""states"": [""ON""]}]",4,"[""[WALK] <lightswitch> (58)"", ""[SWITCHON] <lightswitch> (58)"", ""[WALK] <lightswitch> (344)"", ""[SWITCHON] <lightswitch> (344)""]"
state_change_task,Turn on all lightswitches,Turn on all tablelamps,example_task76,0.6107883453369141,Turn on all computers,0.5445488691329956,0.06623947620391846,1,1,6,3,kitchen,"[{""id"": 256, ""states"": [""OFF""]}, {""id"": 376, ""states"": [""OFF""]}, {""id"": 377, ""states"": [""OFF""]}]","[""[WALK] <tablelamp> (256)"", ""[SWITCHON] <tablelamp> (256)"", ""[WALK] <tablelamp> (376)"", ""[SWITCHON] <tablelamp> (376)"", ""[WALK] <tablelamp> (377)"", ""[SWITCHON] <tablelamp> (377)""]",False,True,True,False,test_task108,3,bedroom,"[{""id"": 58, ""states"": [""OFF""]}, {""id"": 239, ""states"": [""ON""]}, {""id"": 278, ""states"": [""ON""]}, {""id"": 344, ""states"": [""OFF""]}, {""id"": 402, ""states"": [""OFF""]}]",6,"[""[WALK] <lightswitch> (58)"", ""[SWITCHON] <lightswitch> (58)"", ""[WALK] <lightswitch> (344)"", ""[SWITCHON] <lightswitch> (344)"", ""[WALK] <lightswitch> (402)"", ""[SWITCHON] <lightswitch> (402)""]"
state_change_task,Turn on all lightswitches,Turn on all tablelamps,example_task76,0.6107883453369141,Turn on all computers,0.5445488691329956,0.06623947620391846,1,1,6,3,kitchen,"[{""id"": 256, ""states"": [""OFF""]}, {""id"": 376, ""states"": [""OFF""]}, {""id"": 377, ""states"": [""OFF""]}]","[""[WALK] <tablelamp> (256)"", ""[SWITCHON] <tablelamp> (256)"", ""[WALK] <tablelamp> (376)"", ""[SWITCHON] <tablelamp> (376)"", ""[WALK] <tablelamp> (377)"", ""[SWITCHON] <tablelamp> (377)""]",False,True,True,False,test_task109,3,kitchen,"[{""id"": 58, ""states"": [""OFF""]}, {""id"": 239, ""states"": [""ON""]}, {""id"": 278, ""states"": [""OFF""]}, {""id"": 344, ""states"": [""ON""]}, {""id"": 402, ""states"": [""ON""]}]",4,"[""[WALK] <lightswitch> (58)"", ""[SWITCHON] <lightswitch> (58)"", ""[WALK] <lightswitch> (278)"", ""[SWITCHON] <lightswitch> (278)""]"
state_change_task,Turn on all lightswitches,Turn on all tablelamps,example_task76,0.6107883453369141,Turn on all computers,0.5445488691329956,0.06623947620391846,1,1,6,3,kitchen,"[{""id"": 256, ""states"": [""OFF""]}, {""id"": 376, ""states"": [""OFF""]}, {""id"": 377, ""states"": [""OFF""]}]","[""[WALK] <tablelamp> (256)"", ""[SWITCHON] <tablelamp> (256)"", ""[WALK] <tablelamp> (376)"", ""[SWITCHON] <tablelamp> (376)"", ""[WALK] <tablelamp> (377)"", ""[SWITCHON] <tablelamp> (377)""]",False,True,True,False,test_task110,3,bedroom,"[{""id"": 58, ""states"": [""OFF""]}, {""id"": 239, ""states"": [""ON""]}, {""id"": 278, ""states"": [""OFF""]}, {""id"": 344, ""states"": [""ON""]}, {""id"": 402, ""states"": [""OFF""]}]",6,"[""[WALK] <lightswitch> (58)"", ""[SWITCHON] <lightswitch> (58)"", ""[WALK] <lightswitch> (278)"", ""[SWITCHON] <lightswitch> (278)"", ""[WALK] <lightswitch> (402)"", ""[SWITCHON] <lightswitch> (402)""]"
state_change_task,Turn on all lightswitches,Turn on all tablelamps,example_task76,0.6107883453369141,Turn on all computers,0.5445488691329956,0.06623947620391846,1,1,6,3,kitchen,"[{""id"": 256, ""states"": [""OFF""]}, {""id"": 376, ""states"": [""OFF""]}, {""id"": 377, ""states"": [""OFF""]}]","[""[WALK] <tablelamp> (256)"", ""[SWITCHON] <tablelamp> (256)"", ""[WALK] <tablelamp> (376)"", ""[SWITCHON] <tablelamp> (376)"", ""[WALK] <tablelamp> (377)"", ""[SWITCHON] <tablelamp> (377)""]",False,True,True,False,test_task111,3,bedroom,"[{""id"": 58, ""states"": [""OFF""]}, {""id"": 239, ""states"": [""ON""]}, {""id"": 278, ""states"": [""OFF""]}, {""id"": 344, ""states"": [""OFF""]}, {""id"": 402, ""states"": [""ON""]}]",6,"[""[WALK] <lightswitch> (58)"", ""[SWITCHON] <lightswitch> (58)"", ""[WALK] <lightswitch> (278)"", ""[SWITCHON] <lightswitch> (278)"", ""[WALK] <lightswitch> (344)"", ""[SWITCHON] <lightswitch> (344)""]"
state_change_task,Turn on all lightswitches,Turn on all tablelamps,example_task76,0.6107883453369141,Turn on all computers,0.5445488691329956,0.06623947620391846,1,1,6,3,kitchen,"[{""id"": 256, ""states"": [""OFF""]}, {""id"": 376, ""states"": [""OFF""]}, {""id"": 377, ""states"": [""OFF""]}]","[""[WALK] <tablelamp> (256)"", ""[SWITCHON] <tablelamp> (256)"", ""[WALK] <tablelamp> (376)"", ""[SWITCHON] <tablelamp> (376)"", ""[WALK] <tablelamp> (377)"", ""[SWITCHON] <tablelamp> (377)""]",False,True,True,False,test_task112,3,bedroom,"[{""id"": 58, ""states"": [""OFF""]}, {""id"": 239, ""states"": [""ON""]}, {""id"": 278, ""states"": [""OFF""]}, {""id"": 344, ""states"": [""OFF""]}, {""id"": 402, ""states"": [""OFF""]}]",8,"[""[WALK] <lightswitch> (58)"", ""[SWITCHON] <lightswitch> (58)"", ""[WALK] <lightswitch> (278)"", ""[SWITCHON] <lightswitch> (278)"", ""[WALK] <lightswitch> (344)"", ""[SWITCHON] <lightswitch> (344)"", ""[WALK] <lightswitch> (402)"", ""[SWITCHON] <lightswitch> (402)""]"
state_change_task,Turn on all lightswitches,Turn on all tablelamps,example_task76,0.6107883453369141,Turn on all computers,0.5445488691329956,0.06623947620391846,1,1,6,3,kitchen,"[{""id"": 256, ""states"": [""OFF""]}, {""id"": 376, ""states"": [""OFF""]}, {""id"": 377, ""states"": [""OFF""]}]","[""[WALK] <tablelamp> (256)"", ""[SWITCHON] <tablelamp> (256)"", ""[WALK] <tablelamp> (376)"", ""[SWITCHON] <tablelamp> (376)"", ""[WALK] <tablelamp> (377)"", ""[SWITCHON] <tablelamp> (377)""]",False,True,True,False,test_task113,3,livingroom,"[{""id"": 58, ""states"": [""OFF""]}, {""id"": 239, ""states"": [""OFF""]}, {""id"": 278, ""states"": [""ON""]}, {""id"": 344, ""states"": [""ON""]}, {""id"": 402, ""states"": [""ON""]}]",4,"[""[WALK] <lightswitch> (58)"", ""[SWITCHON] <lightswitch> (58)"", ""[WALK] <lightswitch> (239)"", ""[SWITCHON] <lightswitch> (239)""]"
state_change_task,Turn on all lightswitches,Turn on all tablelamps,example_task76,0.6107883453369141,Turn on all computers,0.5445488691329956,0.06623947620391846,1,1,6,3,kitchen,"[{""id"": 256, ""states"": [""OFF""]}, {""id"": 376, ""states"": [""OFF""]}, {""id"": 377, ""states"": [""OFF""]}]","[""[WALK] <tablelamp> (256)"", ""[SWITCHON] <tablelamp> (256)"", ""[WALK] <tablelamp> (376)"", ""[SWITCHON] <tablelamp> (376)"", ""[WALK] <tablelamp> (377)"", ""[SWITCHON] <tablelamp> (377)""]",False,True,True,False,test_task114,3,kitchen,"[{""id"": 58, ""states"": [""OFF""]}, {""id"": 239, ""states"": [""OFF""]}, {""id"": 278, ""states"": [""ON""]}, {""id"": 344, ""states"": [""ON""]}, {""id"": 402, ""states"": [""OFF""]}]",6,"[""[WALK] <lightswitch> (58)"", ""[SWITCHON] <lightswitch> (58)"", ""[WALK] <lightswitch> (239)"", ""[SWITCHON] <lightswitch> (239)"", ""[WALK] <lightswitch> (402)"", ""[SWITCHON] <lightswitch> (402)""]"
state_change_task,Turn on all lightswitches,Turn on all tablelamps,example_task76,0.6107883453369141,Turn on all computers,0.5445488691329956,0.06623947620391846,1,1,6,3,kitchen,"[{""id"": 256, ""states"": [""OFF""]}, {""id"": 376, ""states"": [""OFF""]}, {""id"": 377, ""states"": [""OFF""]}]","[""[WALK] <tablelamp> (256)"", ""[SWITCHON] <tablelamp> (256)"", ""[WALK] <tablelamp> (376)"", ""[SWITCHON] <tablelamp> (376)"", ""[WALK] <tablelamp> (377)"", ""[SWITCHON] <tablelamp> (377)""]",False,True,True,False,test_task115,3,livingroom,"[{""id"": 58, ""states"": [""OFF""]}, {""id"": 239, ""states"": [""OFF""]}, {""id"": 278, ""states"": [""ON""]}, {""id"": 344, ""states"": [""OFF""]}, {""id"": 402, ""states"": [""ON""]}]",6,"[""[WALK] <lightswitch> (58)"", ""[SWITCHON] <lightswitch> (58)"", ""[WALK] <lightswitch> (239)"", ""[SWITCHON] <lightswitch> (239)"", ""[WALK] <lightswitch> (344)"", ""[SWITCHON] <lightswitch> (344)""]"
state_change_task,Turn on all lightswitches,Turn on all tablelamps,example_task76,0.6107883453369141,Turn on all computers,0.5445488691329956,0.06623947620391846,1,1,6,3,kitchen,"[{""id"": 256, ""states"": [""OFF""]}, {""id"": 376, ""states"": [""OFF""]}, {""id"": 377, ""states"": [""OFF""]}]","[""[WALK] <tablelamp> (256)"", ""[SWITCHON] <tablelamp> (256)"", ""[WALK] <tablelamp> (376)"", ""[SWITCHON] <tablelamp> (376)"", ""[WALK] <tablelamp> (377)"", ""[SWITCHON] <tablelamp> (377)""]",False,True,True,False,test_task116,3,bedroom,"[{""id"": 58, ""states"": [""OFF""]}, {""id"": 239, ""states"": [""OFF""]}, {""id"": 278, ""states"": [""ON""]}, {""id"": 344, ""states"": [""OFF""]}, {""id"": 402, ""states"": [""OFF""]}]",8,"[""[WALK] <lightswitch> (58)"", ""[SWITCHON] <lightswitch> (58)"", ""[WALK] <lightswitch> (239)"", ""[SWITCHON] <lightswitch> (239)"", ""[WALK] <lightswitch> (344)"", ""[SWITCHON] <lightswitch> (344)"", ""[WALK] <lightswitch> (402)"", ""[SWITCHON] <lightswitch> (402)""]"
state_change_task,Turn on all lightswitches,Turn on all tablelamps,example_task76,0.6107883453369141,Turn on all computers,0.5445488691329956,0.06623947620391846,1,1,6,3,kitchen,"[{""id"": 256, ""states"": [""OFF""]}, {""id"": 376, ""states"": [""OFF""]}, {""id"": 377, ""states"": [""OFF""]}]","[""[WALK] <tablelamp> (256)"", ""[SWITCHON] <tablelamp> (256)"", ""[WALK] <tablelamp> (376)"", ""[SWITCHON] <tablelamp> (376)"", ""[WALK] <tablelamp> (377)"", ""[SWITCHON] <tablelamp> (377)""]",False,True,True,False,test_task117,3,livingroom,"[{""id"": 58, ""states"": [""OFF""]}, {""id"": 239, ""states"": [""OFF""]}, {""id"": 278, ""states"": [""OFF""]}, {""id"": 344, ""states"": [""ON""]}, {""id"": 402, ""states"": [""ON""]}]",6,"[""[WALK] <lightswitch> (58)"", ""[SWITCHON] <lightswitch> (58)"", ""[WALK] <lightswitch> (239)"", ""[SWITCHON] <lightswitch> (239)"", ""[WALK] <lightswitch> (278)"", ""[SWITCHON] <lightswitch> (278)""]"
state_change_task,Turn on all lightswitches,Turn on all tablelamps,example_task76,0.6107883453369141,Turn on all computers,0.5445488691329956,0.06623947620391846,1,1,6,3,kitchen,"[{""id"": 256, ""states"": [""OFF""]}, {""id"": 376, ""states"": [""OFF""]}, {""id"": 377, ""states"": [""OFF""]}]","[""[WALK] <tablelamp> (256)"", ""[SWITCHON] <tablelamp> (256)"", ""[WALK] <tablelamp> (376)"", ""[SWITCHON] <tablelamp> (376)"", ""[WALK] <tablelamp> (377)"", ""[SWITCHON] <tablelamp> (377)""]",False,True,True,False,test_task118,3,bedroom,"[{""id"": 58, ""states"": [""OFF""]}, {""id"": 239, ""states"": [""OFF""]}, {""id"": 278, ""states"": [""OFF""]}, {""id"": 344, ""states"": [""ON""]}, {""id"": 402, ""states"": [""OFF""]}]",8,"[""[WALK] <lightswitch> (58)"", ""[SWITCHON] <lightswitch> (58)"", ""[WALK] <lightswitch> (239)"", ""[SWITCHON] <lightswitch> (239)"", ""[WALK] <lightswitch> (278)"", ""[SWITCHON] <lightswitch> (278)"", ""[WALK] <lightswitch> (402)"", ""[SWITCHON] <lightswitch> (402)""]"
state_change_task,Turn on all lightswitches,Turn on all tablelamps,example_task76,0.6107883453369141,Turn on all computers,0.5445488691329956,0.06623947620391846,1,1,6,3,kitchen,"[{""id"": 256, ""states"": [""OFF""]}, {""id"": 376, ""states"": [""OFF""]}, {""id"": 377, ""states"": [""OFF""]}]","[""[WALK] <tablelamp> (256)"", ""[SWITCHON] <tablelamp> (256)"", ""[WALK] <tablelamp> (376)"", ""[SWITCHON] <tablelamp> (376)"", ""[WALK] <tablelamp> (377)"", ""[SWITCHON] <tablelamp> (377)""]",False,True,True,False,test_task119,3,bathroom,"[{""id"": 58, ""states"": [""OFF""]}, {""id"": 239, ""states"": [""OFF""]}, {""id"": 278, ""states"": [""OFF""]}, {""id"": 344, ""states"": [""OFF""]}, {""id"": 402, ""states"": [""ON""]}]",8,"[""[WALK] <lightswitch> (58)"", ""[SWITCHON] <lightswitch> (58)"", ""[WALK] <lightswitch> (239)"", ""[SWITCHON] <lightswitch> (239)"", ""[WALK] <lightswitch> (278)"", ""[SWITCHON] <lightswitch> (278)"", ""[WALK] <lightswitch> (344)"", ""[SWITCHON] <lightswitch> (344)""]"
state_change_task,Turn on all lightswitches,Turn on all tablelamps,example_task76,0.6107883453369141,Turn on all computers,0.5445488691329956,0.06623947620391846,1,1,6,3,kitchen,"[{""id"": 256, ""states"": [""OFF""]}, {""id"": 376, ""states"": [""OFF""]}, {""id"": 377, ""states"": [""OFF""]}]","[""[WALK] <tablelamp> (256)"", ""[SWITCHON] <tablelamp> (256)"", ""[WALK] <tablelamp> (376)"", ""[SWITCHON] <tablelamp> (376)"", ""[WALK] <tablelamp> (377)"", ""[SWITCHON] <tablelamp> (377)""]",False,True,True,False,test_task120,3,bedroom,"[{""id"": 58, ""states"": [""OFF""]}, {""id"": 239, ""states"": [""OFF""]}, {""id"": 278, ""states"": [""OFF""]}, {""id"": 344, ""states"": [""OFF""]}, {""id"": 402, ""states"": [""OFF""]}]",10,"[""[WALK] <lightswitch> (58)"", ""[SWITCHON] <lightswitch> (58)"", ""[WALK] <lightswitch> (239)"", ""[SWITCHON] <lightswitch> (239)"", ""[WALK] <lightswitch> (278)"", ""[SWITCHON] <lightswitch> (278)"", ""[WALK] <lightswitch> (344)"", ""[SWITCHON] <lightswitch> (344)"", ""[WALK] <lightswitch> (402)"", ""[SWITCHON] <lightswitch> (402)""]"
state_change_task,Turn off all lightswitches,Turn off all candles,example_task81,0.5849753618240356,Turn on all tablelamps,0.5638211965560913,0.021154165267944336,1,1,6,3,kitchen,"[{""id"": 124, ""states"": [""ON""]}, {""id"": 216, ""states"": [""ON""]}, {""id"": 314, ""states"": [""ON""]}]","[""[WALK] <candle> (124)"", ""[SWITCHOFF] <candle> (124)"", ""[WALK] <candle> (216)"", ""[SWITCHOFF] <candle> (216)"", ""[WALK] <candle> (314)"", ""[SWITCHOFF] <candle> (314)""]",False,True,True,False,test_task121,3,kitchen,"[{""id"": 58, ""states"": [""ON""]}, {""id"": 239, ""states"": [""ON""]}, {""id"": 278, ""states"": [""ON""]}, {""id"": 344, ""states"": [""ON""]}, {""id"": 402, ""states"": [""ON""]}]",10,"[""[WALK] <lightswitch> (58)"", ""[SWITCHOFF] <lightswitch> (58)"", ""[WALK] <lightswitch> (239)"", ""[SWITCHOFF] <lightswitch> (239)"", ""[WALK] <lightswitch> (278)"", ""[SWITCHOFF] <lightswitch> (278)"", ""[WALK] <lightswitch> (344)"", ""[SWITCHOFF] <lightswitch> (344)"", ""[WALK] <lightswitch> (402)"", ""[SWITCHOFF] <lightswitch> (402)""]"
state_change_task,Turn off all lightswitches,Turn off all candles,example_task81,0.5849753618240356,Turn on all tablelamps,0.5638211965560913,0.021154165267944336,1,1,6,3,kitchen,"[{""id"": 124, ""states"": [""ON""]}, {""id"": 216, ""states"": [""ON""]}, {""id"": 314, ""states"": [""ON""]}]","[""[WALK] <candle> (124)"", ""[SWITCHOFF] <candle> (124)"", ""[WALK] <candle> (216)"", ""[SWITCHOFF] <candle> (216)"", ""[WALK] <candle> (314)"", ""[SWITCHOFF] <candle> (314)""]",False,True,True,False,test_task122,3,bathroom,"[{""id"": 58, ""states"": [""ON""]}, {""id"": 239, ""states"": [""ON""]}, {""id"": 278, ""states"": [""ON""]}, {""id"": 344, ""states"": [""ON""]}, {""id"": 402, ""states"": [""OFF""]}]",8,"[""[WALK] <lightswitch> (58)"", ""[SWITCHOFF] <lightswitch> (58)"", ""[WALK] <lightswitch> (239)"", ""[SWITCHOFF] <lightswitch> (239)"", ""[WALK] <lightswitch> (278)"", ""[SWITCHOFF] <lightswitch> (278)"", ""[WALK] <lightswitch> (344)"", ""[SWITCHOFF] <lightswitch> (344)""]"
state_change_task,Turn off all lightswitches,Turn off all candles,example_task81,0.5849753618240356,Turn on all tablelamps,0.5638211965560913,0.021154165267944336,1,1,6,3,kitchen,"[{""id"": 124, ""states"": [""ON""]}, {""id"": 216, ""states"": [""ON""]}, {""id"": 314, ""states"": [""ON""]}]","[""[WALK] <candle> (124)"", ""[SWITCHOFF] <candle> (124)"", ""[WALK] <candle> (216)"", ""[SWITCHOFF] <candle> (216)"", ""[WALK] <candle> (314)"", ""[SWITCHOFF] <candle> (314)""]",False,True,True,False,test_task123,3,kitchen,"[{""id"": 58, ""states"": [""ON""]}, {""id"": 239, ""states"": [""ON""]}, {""id"": 278, ""states"": [""ON""]}, {""id"": 344, ""states"": [""OFF""]}, {""id"": 402, ""states"": [""ON""]}]",8,"[""[WALK] <lightswitch> (58)"", ""[SWITCHOFF] <lightswitch> (58)"", ""[WALK] <lightswitch> (239)"", ""[SWITCHOFF] <lightswitch> (239)"", ""[WALK] <lightswitch> (278)"", ""[SWITCHOFF] <lightswitch> (278)"", ""[WALK] <lightswitch> (402)"", ""[SWITCHOFF] <lightswitch> (402)""]"
state_change_task,Turn off all lightswitches,Turn off all candles,example_task81,0.5849753618240356,Turn on all tablelamps,0.5638211965560913,0.021154165267944336,1,1,6,3,kitchen,"[{""id"": 124, ""states"": [""ON""]}, {""id"": 216, ""states"": [""ON""]}, {""id"": 314, ""states"": [""ON""]}]","[""[WALK] <candle> (124)"", ""[SWITCHOFF] <candle> (124)"", ""[WALK] <candle> (216)"", ""[SWITCHOFF] <candle> (216)"", ""[WALK] <candle> (314)"", ""[SWITCHOFF] <candle> (314)""]",False,True,True,False,test_task124,3,bathroom,"[{""id"": 58, ""states"": [""ON""]}, {""id"": 239, ""states"": [""ON""]}, {""id"": 278, ""states"": [""ON""]}, {""id"": 344, ""states"": [""OFF""]}, {""id"": 402, ""states"": [""OFF""]}]",6,"[""[WALK] <lightswitch> (58)"", ""[SWITCHOFF] <lightswitch> (58)"", ""[WALK] <lightswitch> (239)"", ""[SWITCHOFF] <lightswitch> (239)"", ""[WALK] <lightswitch> (278)"", ""[SWITCHOFF] <lightswitch> (278)""]"
state_change_task,Turn off all lightswitches,Turn off all candles,example_task81,0.5849753618240356,Turn on all tablelamps,0.5638211965560913,0.021154165267944336,1,1,6,3,kitchen,"[{""id"": 124, ""states"": [""ON""]}, {""id"": 216, ""states"": [""ON""]}, {""id"": 314, ""states"": [""ON""]}]","[""[WALK] <candle> (124)"", ""[SWITCHOFF] <candle> (124)"", ""[WALK] <candle> (216)"", ""[SWITCHOFF] <candle> (216)"", ""[WALK] <candle> (314)"", ""[SWITCHOFF] <candle> (314)""]",False,True,True,False,test_task125,3,bathroom,"[{""id"": 58, ""states"": [""ON""]}, {""id"": 239, ""states"": [""ON""]}, {""id"": 278, ""states"": [""OFF""]}, {""id"": 344, ""states"": [""ON""]}, {""id"": 402, ""states"": [""ON""]}]",8,"[""[WALK] <lightswitch> (58)"", ""[SWITCHOFF] <lightswitch> (58)"", ""[WALK] <lightswitch> (239)"", ""[SWITCHOFF] <lightswitch> (239)"", ""[WALK] <lightswitch> (344)"", ""[SWITCHOFF] <lightswitch> (344)"", ""[WALK] <lightswitch> (402)"", ""[SWITCHOFF] <lightswitch> (402)""]"
state_change_task,Turn off all lightswitches,Turn off all candles,example_task81,0.5849753618240356,Turn on all tablelamps,0.5638211965560913,0.021154165267944336,1,1,6,3,kitchen,"[{""id"": 124, ""states"": [""ON""]}, {""id"": 216, ""states"": [""ON""]}, {""id"": 314, ""states"": [""ON""]}]","[""[WALK] <candle> (124)"", ""[SWITCHOFF] <candle> (124)"", ""[WALK] <candle> (216)"", ""[SWITCHOFF] <candle> (216)"", ""[WALK] <candle> (314)"", ""[SWITCHOFF] <candle> (314)""]",False,True,True,False,test_task126,3,livingroom,"[{""id"": 58, ""states"": [""ON""]}, {""id"": 239, ""states"": [""ON""]}, {""id"": 278, ""states"": [""OFF""]}, {""id"": 344, ""states"": [""ON""]}, {""id"": 402, ""states"": [""OFF""]}]",6,"[""[WALK] <lightswitch> (58)"", ""[SWITCHOFF] <lightswitch> (58)"", ""[WALK] <lightswitch> (239)"", ""[SWITCHOFF] <lightswitch> (239)"", ""[WALK] <lightswitch> (344)"", ""[SWITCHOFF] <lightswitch> (344)""]"
state_change_task,Turn off all lightswitches,Turn off all candles,example_task81,0.5849753618240356,Turn on all tablelamps,0.5638211965560913,0.021154165267944336,1,1,6,3,kitchen,"[{""id"": 124, ""states"": [""ON""]}, {""id"": 216, ""states"": [""ON""]}, {""id"": 314, ""states"": [""ON""]}]","[""[WALK] <candle> (124)"", ""[SWITCHOFF] <candle> (124)"", ""[WALK] <candle> (216)"", ""[SWITCHOFF] <candle> (216)"", ""[WALK] <candle> (314)"", ""[SWITCHOFF] <candle> (314)""]",False,True,True,False,test_task127,3,bathroom,"[{""id"": 58, ""states"": [""ON""]}, {""id"": 239, ""states"": [""ON""]}, {""id"": 278, ""states"": [""OFF""]}, {""id"": 344, ""states"": [""OFF""]}, {""id"": 402, ""states"": [""ON""]}]",6,"[""[WALK] <lightswitch> (58)"", ""[SWITCHOFF] <lightswitch> (58)"", ""[WALK] <lightswitch> (239)"", ""[SWITCHOFF] <lightswitch> (239)"", ""[WALK] <lightswitch> (402)"", ""[SWITCHOFF] <lightswitch> (402)""]"
state_change_task,Turn off all lightswitches,Turn off all candles,example_task81,0.5849753618240356,Turn on all tablelamps,0.5638211965560913,0.021154165267944336,1,1,6,3,kitchen,"[{""id"": 124, ""states"": [""ON""]}, {""id"": 216, ""states"": [""ON""]}, {""id"": 314, ""states"": [""ON""]}]","[""[WALK] <candle> (124)"", ""[SWITCHOFF] <candle> (124)"", ""[WALK] <candle> (216)"", ""[SWITCHOFF] <candle> (216)"", ""[WALK] <candle> (314)"", ""[SWITCHOFF] <candle> (314)""]",False,True,True,False,test_task128,3,bathroom,"[{""id"": 58, ""states"": [""ON""]}, {""id"": 239, ""states"": [""ON""]}, {""id"": 278, ""states"": [""OFF""]}, {""id"": 344, ""states"": [""OFF""]}, {""id"": 402, ""states"": [""OFF""]}]",4,"[""[WALK] <lightswitch> (58)"", ""[SWITCHOFF] <lightswitch> (58)"", ""[WALK] <lightswitch> (239)"", ""[SWITCHOFF] <lightswitch> (239)""]"
state_change_task,Turn off all lightswitches,Turn off all candles,example_task81,0.5849753618240356,Turn on all tablelamps,0.5638211965560913,0.021154165267944336,1,1,6,3,kitchen,"[{""id"": 124, ""states"": [""ON""]}, {""id"": 216, ""states"": [""ON""]}, {""id"": 314, ""states"": [""ON""]}]","[""[WALK] <candle> (124)"", ""[SWITCHOFF] <candle> (124)"", ""[WALK] <candle> (216)"", ""[SWITCHOFF] <candle> (216)"", ""[WALK] <candle> (314)"", ""[SWITCHOFF] <candle> (314)""]",False,True,True,False,test_task129,3,livingroom,"[{""id"": 58, ""states"": [""ON""]}, {""id"": 239, ""states"": [""OFF""]}, {""id"": 278, ""states"": [""ON""]}, {""id"": 344, ""states"": [""ON""]}, {""id"": 402, ""states"": [""ON""]}]",8,"[""[WALK] <lightswitch> (58)"", ""[SWITCHOFF] <lightswitch> (58)"", ""[WALK] <lightswitch> (278)"", ""[SWITCHOFF] <lightswitch> (278)"", ""[WALK] <lightswitch> (344)"", ""[SWITCHOFF] <lightswitch> (344)"", ""[WALK] <lightswitch> (402)"", ""[SWITCHOFF] <lightswitch> (402)""]"
state_change_task,Turn off all lightswitches,Turn off all candles,example_task81,0.5849753618240356,Turn on all tablelamps,0.5638211965560913,0.021154165267944336,1,1,6,3,kitchen,"[{""id"": 124, ""states"": [""ON""]}, {""id"": 216, ""states"": [""ON""]}, {""id"": 314, ""states"": [""ON""]}]","[""[WALK] <candle> (124)"", ""[SWITCHOFF] <candle> (124)"", ""[WALK] <candle> (216)"", ""[SWITCHOFF] <candle> (216)"", ""[WALK] <candle> (314)"", ""[SWITCHOFF] <candle> (314)""]",False,True,True,False,test_task130,3,bathroom,"[{""id"": 58, ""states"": [""ON""]}, {""id"": 239, ""states"": [""OFF""]}, {""id"": 278, ""states"": [""ON""]}, {""id"": 344, ""states"": [""ON""]}, {""id"": 402, ""states"": [""OFF""]}]",6,"[""[WALK] <lightswitch> (58)"", ""[SWITCHOFF] <lightswitch> (58)"", ""[WALK] <lightswitch> (278)"", ""[SWITCHOFF] <lightswitch> (278)"", ""[WALK] <lightswitch> (344)"", ""[SWITCHOFF] <lightswitch> (344)""]"
state_change_task,Turn off all lightswitches,Turn off all candles,example_task81,0.5849753618240356,Turn on all tablelamps,0.5638211965560913,0.021154165267944336,1,1,6,3,kitchen,"[{""id"": 124, ""states"": [""ON""]}, {""id"": 216, ""states"": [""ON""]}, {""id"": 314, ""states"": [""ON""]}]","[""[WALK] <candle> (124)"", ""[SWITCHOFF] <candle> (124)"", ""[WALK] <candle> (216)"", ""[SWITCHOFF] <candle> (216)"", ""[WALK] <candle> (314)"", ""[SWITCHOFF] <candle> (314)""]",False,True,True,False,test_task131,3,bathroom,"[{""id"": 58, ""states"": [""ON""]}, {""id"": 239, ""states"": [""OFF""]}, {""id"": 278, ""states"": [""ON""]}, {""id"": 344, ""states"": [""OFF""]}, {""id"": 402, ""states"": [""ON""]}]",6,"[""[WALK] <lightswitch> (58)"", ""[SWITCHOFF] <lightswitch> (58)"", ""[WALK] <lightswitch> (278)"", ""[SWITCHOFF] <lightswitch> (278)"", ""[WALK] <lightswitch> (402)"", ""[SWITCHOFF] <lightswitch> (402)""]"
state_change_task,Turn off all lightswitches,Turn off all candles,example_task81,0.5849753618240356,Turn on all tablelamps,0.5638211965560913,0.021154165267944336,1,1,6,3,kitchen,"[{""id"": 124, ""states"": [""ON""]}, {""id"": 216, ""states"": [""ON""]}, {""id"": 314, ""states"": [""ON""]}]","[""[WALK] <candle> (124)"", ""[SWITCHOFF] <candle> (124)"", ""[WALK] <candle> (216)"", ""[SWITCHOFF] <candle> (216)"", ""[WALK] <candle> (314)"", ""[SWITCHOFF] <candle> (314)""]",False,True,True,False,test_task132,3,bathroom,"[{""id"": 58, ""states"": [""ON""]}, {""id"": 239, ""states"": [""OFF""]}, {""id"": 278, ""states"": [""ON""]}, {""id"": 344, ""states"": [""OFF""]}, {""id"": 402, ""states"": [""OFF""]}]",4,"[""[WALK] <lightswitch> (58)"", ""[SWITCHOFF] <lightswitch> (58)"", ""[WALK] <lightswitch> (278)"", ""[SWITCHOFF] <lightswitch> (278)""]"
state_change_task,Turn off all lightswitches,Turn off all candles,example_task81,0.5849753618240356,Turn on all tablelamps,0.5638211965560913,0.021154165267944336,1,1,6,3,kitchen,"[{""id"": 124, ""states"": [""ON""]}, {""id"": 216, ""states"": [""ON""]}, {""id"": 314, ""states"": [""ON""]}]","[""[WALK] <candle> (124)"", ""[SWITCHOFF] <candle> (124)"", ""[WALK] <candle> (216)"", ""[SWITCHOFF] <candle> (216)"", ""[WALK] <candle> (314)"", ""[SWITCHOFF] <candle> (314)""]",False,True,True,False,test_task133,3,bathroom,"[{""id"": 58, ""states"": [""ON""]}, {""id"": 239, ""states"": [""OFF""]}, {""id"": 278, ""states"": [""OFF""]}, {""id"": 344, ""states"": [""ON""]}, {""id"": 402, ""states"": [""ON""]}]",6,"[""[WALK] <lightswitch> (58)"", ""[SWITCHOFF] <lightswitch> (58)"", ""[WALK] <lightswitch> (344)"", ""[SWITCHOFF] <lightswitch> (344)"", ""[WALK] <lightswitch> (402)"", ""[SWITCHOFF] <lightswitch> (402)""]"
state_change_task,Turn off all lightswitches,Turn off all candles,example_task81,0.5849753618240356,Turn on all tablelamps,0.5638211965560913,0.021154165267944336,1,1,6,3,kitchen,"[{""id"": 124, ""states"": [""ON""]}, {""id"": 216, ""states"": [""ON""]}, {""id"": 314, ""states"": [""ON""]}]","[""[WALK] <candle> (124)"", ""[SWITCHOFF] <candle> (124)"", ""[WALK] <candle> (216)"", ""[SWITCHOFF] <candle> (216)"", ""[WALK] <candle> (314)"", ""[SWITCHOFF] <candle> (314)""]",False,True,True,False,test_task134,3,bedroom,"[{""id"": 58, ""states"": [""ON""]}, {""id"": 239, ""states"": [""OFF""]}, {""id"": 278, ""states"": [""OFF""]}, {""id"": 344, ""states"": [""ON""]}, {""id"": 402, ""states"": [""OFF""]}]",4,"[""[WALK] <lightswitch> (58)"", ""[SWITCHOFF] <lightswitch> (58)"", ""[WALK] <lightswitch> (344)"", ""[SWITCHOFF] <lightswitch> (344)""]"
state_change_task,Turn off all lightswitches,Turn off all candles,example_task81,0.5849753618240356,Turn on all tablelamps,0.5638211965560913,0.021154165267944336,1,1,6,3,kitchen,"[{""id"": 124, ""states"": [""ON""]}, {""id"": 216, ""states"": [""ON""]}, {""id"": 314, ""states"": [""ON""]}]","[""[WALK] <candle> (124)"", ""[SWITCHOFF] <candle> (124)"", ""[WALK] <candle> (216)"", ""[SWITCHOFF] <candle> (216)"", ""[WALK] <candle> (314)"", ""[SWITCHOFF] <candle> (314)""]",False,True,True,False,test_task135,3,bedroom,"[{""id"": 58, ""states"": [""ON""]}, {""id"": 239, ""states"": [""OFF""]}, {""id"": 278, ""states"": [""OFF""]}, {""id"": 344, ""states"": [""OFF""]}, {""id"": 402, ""states"": [""ON""]}]",4,"[""[WALK] <lightswitch> (58)"", ""[SWITCHOFF] <lightswitch> (58)"", ""[WALK] <lightswitch> (402)"", ""[SWITCHOFF] <lightswitch> (402)""]"
state_change_task,Turn off all lightswitches,Turn off all candles,example_task81,0.5849753618240356,Turn on all tablelamps,0.5638211965560913,0.021154165267944336,1,1,6,3,kitchen,"[{""id"": 124, ""states"": [""ON""]}, {""id"": 216, ""states"": [""ON""]}, {""id"": 314, ""states"": [""ON""]}]","[""[WALK] <candle> (124)"", ""[SWITCHOFF] <candle> (124)"", ""[WALK] <candle> (216)"", ""[SWITCHOFF] <candle> (216)"", ""[WALK] <candle> (314)"", ""[SWITCHOFF] <candle> (314)""]",False,True,True,False,test_task136,3,livingroom,"[{""id"": 58, ""states"": [""ON""]}, {""id"": 239, ""states"": [""OFF""]}, {""id"": 278, ""states"": [""OFF""]}, {""id"": 344, ""states"": [""OFF""]}, {""id"": 402, ""states"": [""OFF""]}]",2,"[""[WALK] <lightswitch> (58)"", ""[SWITCHOFF] <lightswitch> (58)""]"
state_change_task,Turn off all lightswitches,Turn off all candles,example_task81,0.5849753618240356,Turn on all tablelamps,0.5638211965560913,0.021154165267944336,1,1,6,3,kitchen,"[{""id"": 124, ""states"": [""ON""]}, {""id"": 216, ""states"": [""ON""]}, {""id"": 314, ""states"": [""ON""]}]","[""[WALK] <candle> (124)"", ""[SWITCHOFF] <candle> (124)"", ""[WALK] <candle> (216)"", ""[SWITCHOFF] <candle> (216)"", ""[WALK] <candle> (314)"", ""[SWITCHOFF] <candle> (314)""]",False,True,True,False,test_task137,3,bedroom,"[{""id"": 58, ""states"": [""OFF""]}, {""id"": 239, ""states"": [""ON""]}, {""id"": 278, ""states"": [""ON""]}, {""id"": 344, ""states"": [""ON""]}, {""id"": 402, ""states"": [""ON""]}]",8,"[""[WALK] <lightswitch> (239)"", ""[SWITCHOFF] <lightswitch> (239)"", ""[WALK] <lightswitch> (278)"", ""[SWITCHOFF] <lightswitch> (278)"", ""[WALK] <lightswitch> (344)"", ""[SWITCHOFF] <lightswitch> (344)"", ""[WALK] <lightswitch> (402)"", ""[SWITCHOFF] <lightswitch> (402)""]"
state_change_task,Turn off all lightswitches,Turn off all candles,example_task81,0.5849753618240356,Turn on all tablelamps,0.5638211965560913,0.021154165267944336,1,1,6,3,kitchen,"[{""id"": 124, ""states"": [""ON""]}, {""id"": 216, ""states"": [""ON""]}, {""id"": 314, ""states"": [""ON""]}]","[""[WALK] <candle> (124)"", ""[SWITCHOFF] <candle> (124)"", ""[WALK] <candle> (216)"", ""[SWITCHOFF] <candle> (216)"", ""[WALK] <candle> (314)"", ""[SWITCHOFF] <candle> (314)""]",False,True,True,False,test_task138,3,livingroom,"[{""id"": 58, ""states"": [""OFF""]}, {""id"": 239, ""states"": [""ON""]}, {""id"": 278, ""states"": [""ON""]}, {""id"": 344, ""states"": [""ON""]}, {""id"": 402, ""states"": [""OFF""]}]",6,"[""[WALK] <lightswitch> (239)"", ""[SWITCHOFF] <lightswitch> (239)"", ""[WALK] <lightswitch> (278)"", ""[SWITCHOFF] <lightswitch> (278)"", ""[WALK] <lightswitch> (344)"", ""[SWITCHOFF] <lightswitch> (344)""]"
state_change_task,Turn off all lightswitches,Turn off all candles,example_task81,0.5849753618240356,Turn on all tablelamps,0.5638211965560913,0.021154165267944336,1,1,6,3,kitchen,"[{""id"": 124, ""states"": [""ON""]}, {""id"": 216, ""states"": [""ON""]}, {""id"": 314, ""states"": [""ON""]}]","[""[WALK] <candle> (124)"", ""[SWITCHOFF] <candle> (124)"", ""[WALK] <candle> (216)"", ""[SWITCHOFF] <candle> (216)"", ""[WALK] <candle> (314)"", ""[SWITCHOFF] <candle> (314)""]",False,True,True,False,test_task139,3,kitchen,"[{""id"": 58, ""states"": [""OFF""]}, {""id"": 239, ""states"": [""ON""]}, {""id"": 278, ""states"": [""ON""]}, {""id"": 344, ""states"": [""OFF""]}, {""id"": 402, ""states"": [""ON""]}]",6,"[""[WALK] <lightswitch> (239)"", ""[SWITCHOFF] <lightswitch> (239)"", ""[WALK] <lightswitch> (278)"", ""[SWITCHOFF] <lightswitch> (278)"", ""[WALK] <lightswitch> (402)"", ""[SWITCHOFF] <lightswitch> (402)""]"
state_change_task,Turn off all lightswitches,Turn off all candles,example_task81,0.5849753618240356,Turn on all tablelamps,0.5638211965560913,0.021154165267944336,1,1,6,3,kitchen,"[{""id"": 124, ""states"": [""ON""]}, {""id"": 216, ""states"": [""ON""]}, {""id"": 314, ""states"": [""ON""]}]","[""[WALK] <candle> (124)"", ""[SWITCHOFF] <candle> (124)"", ""[WALK] <candle> (216)"", ""[SWITCHOFF] <candle> (216)"", ""[WALK] <candle> (314)"", ""[SWITCHOFF] <candle> (314)""]",False,True,True,False,test_task140,3,bedroom,"[{""id"": 58, ""states"": [""OFF""]}, {""id"": 239, ""states"": [""ON""]}, {""id"": 278, ""states"": [""ON""]}, {""id"": 344, ""states"": [""OFF""]}, {""id"": 402, ""states"": [""OFF""]}]",4,"[""[WALK] <lightswitch> (239)"", ""[SWITCHOFF] <lightswitch> (239)"", ""[WALK] <lightswitch> (278)"", ""[SWITCHOFF] <lightswitch> (278)""]"
state_change_task,Turn off all lightswitches,Turn off all candles,example_task81,0.5849753618240356,Turn on all tablelamps,0.5638211965560913,0.021154165267944336,1,1,6,3,kitchen,"[{""id"": 124, ""states"": [""ON""]}, {""id"": 216, ""states"": [""ON""]}, {""id"": 314, ""states"": [""ON""]}]","[""[WALK] <candle> (124)"", ""[SWITCHOFF] <candle> (124)"", ""[WALK] <candle> (216)"", ""[SWITCHOFF] <candle> (216)"", ""[WALK] <candle> (314)"", ""[SWITCHOFF] <candle> (314)""]",False,True,True,False,test_task141,3,livingroom,"[{""id"": 58, ""states"": [""OFF""]}, {""id"": 239, ""states"": [""ON""]}, {""id"": 278, ""states"": [""OFF""]}, {""id"": 344, ""states"": [""ON""]}, {""id"": 402, ""states"": [""ON""]}]",6,"[""[WALK] <lightswitch> (239)"", ""[SWITCHOFF] <lightswitch> (239)"", ""[WALK] <lightswitch> (344)"", ""[SWITCHOFF] <lightswitch> (344)"", ""[WALK] <lightswitch> (402)"", ""[SWITCHOFF] <lightswitch> (402)""]"
state_change_task,Turn off all lightswitches,Turn off all candles,example_task81,0.5849753618240356,Turn on all tablelamps,0.5638211965560913,0.021154165267944336,1,1,6,3,kitchen,"[{""id"": 124, ""states"": [""ON""]}, {""id"": 216, ""states"": [""ON""]}, {""id"": 314, ""states"": [""ON""]}]","[""[WALK] <candle> (124)"", ""[SWITCHOFF] <candle> (124)"", ""[WALK] <candle> (216)"", ""[SWITCHOFF] <candle> (216)"", ""[WALK] <candle> (314)"", ""[SWITCHOFF] <candle> (314)""]",False,True,True,False,test_task142,3,bedroom,"[{""id"": 58, ""states"": [""OFF""]}, {""id"": 239, ""states"": [""ON""]}, {""id"": 278, ""states"": [""OFF""]}, {""id"": 344, ""states"": [""ON""]}, {""id"": 402, ""states"": [""OFF""]}]",4,"[""[WALK] <lightswitch> (239)"", ""[SWITCHOFF] <lightswitch> (239)"", ""[WALK] <lightswitch> (344)"", ""[SWITCHOFF] <lightswitch> (344)""]"
state_change_task,Turn off all lightswitches,Turn off all candles,example_task81,0.5849753618240356,Turn on all tablelamps,0.5638211965560913,0.021154165267944336,1,1,6,3,kitchen,"[{""id"": 124, ""states"": [""ON""]}, {""id"": 216, ""states"": [""ON""]}, {""id"": 314, ""states"": [""ON""]}]","[""[WALK] <candle> (124)"", ""[SWITCHOFF] <candle> (124)"", ""[WALK] <candle> (216)"", ""[SWITCHOFF] <candle> (216)"", ""[WALK] <candle> (314)"", ""[SWITCHOFF] <candle> (314)""]",False,True,True,False,test_task143,3,bathroom,"[{""id"": 58, ""states"": [""OFF""]}, {""id"": 239, ""states"": [""ON""]}, {""id"": 278, ""states"": [""OFF""]}, {""id"": 344, ""states"": [""OFF""]}, {""id"": 402, ""states"": [""ON""]}]",4,"[""[WALK] <lightswitch> (239)"", ""[SWITCHOFF] <lightswitch> (239)"", ""[WALK] <lightswitch> (402)"", ""[SWITCHOFF] <lightswitch> (402)""]"
state_change_task,Turn off all lightswitches,Turn off all candles,example_task81,0.5849753618240356,Turn on all tablelamps,0.5638211965560913,0.021154165267944336,1,1,6,3,kitchen,"[{""id"": 124, ""states"": [""ON""]}, {""id"": 216, ""states"": [""ON""]}, {""id"": 314, ""states"": [""ON""]}]","[""[WALK] <candle> (124)"", ""[SWITCHOFF] <candle> (124)"", ""[WALK] <candle> (216)"", ""[SWITCHOFF] <candle> (216)"", ""[WALK] <candle> (314)"", ""[SWITCHOFF] <candle> (314)""]",False,True,True,False,test_task144,3,kitchen,"[{""id"": 58, ""states"": [""OFF""]}, {""id"": 239, ""states"": [""ON""]}, {""id"": 278, ""states"": [""OFF""]}, {""id"": 344, ""states"": [""OFF""]}, {""id"": 402, ""states"": [""OFF""]}]",2,"[""[WALK] <lightswitch> (239)"", ""[SWITCHOFF] <lightswitch> (239)""]"
state_change_task,Turn off all lightswitches,Turn off all candles,example_task81,0.5849753618240356,Turn on all tablelamps,0.5638211965560913,0.021154165267944336,1,1,6,3,kitchen,"[{""id"": 124, ""states"": [""ON""]}, {""id"": 216, ""states"": [""ON""]}, {""id"": 314, ""states"": [""ON""]}]","[""[WALK] <candle> (124)"", ""[SWITCHOFF] <candle> (124)"", ""[WALK] <candle> (216)"", ""[SWITCHOFF] <candle> (216)"", ""[WALK] <candle> (314)"", ""[SWITCHOFF] <candle> (314)""]",False,True,True,False,test_task145,3,livingroom,"[{""id"": 58, ""states"": [""OFF""]}, {""id"": 239, ""states"": [""OFF""]}, {""id"": 278, ""states"": [""ON""]}, {""id"": 344, ""states"": [""ON""]}, {""id"": 402, ""states"": [""ON""]}]",6,"[""[WALK] <lightswitch> (278)"", ""[SWITCHOFF] <lightswitch> (278)"", ""[WALK] <lightswitch> (344)"", ""[SWITCHOFF] <lightswitch> (344)"", ""[WALK] <lightswitch> (402)"", ""[SWITCHOFF] <lightswitch> (402)""]"
state_change_task,Turn off all lightswitches,Turn off all candles,example_task81,0.5849753618240356,Turn on all tablelamps,0.5638211965560913,0.021154165267944336,1,1,6,3,kitchen,"[{""id"": 124, ""states"": [""ON""]}, {""id"": 216, ""states"": [""ON""]}, {""id"": 314, ""states"": [""ON""]}]","[""[WALK] <candle> (124)"", ""[SWITCHOFF] <candle> (124)"", ""[WALK] <candle> (216)"", ""[SWITCHOFF] <candle> (216)"", ""[WALK] <candle> (314)"", ""[SWITCHOFF] <candle> (314)""]",False,True,True,False,test_task146,3,bathroom,"[{""id"": 58, ""states"": [""OFF""]}, {""id"": 239, ""states"": [""OFF""]}, {""id"": 278, ""states"": [""ON""]}, {""id"": 344, ""states"": [""ON""]}, {""id"": 402, ""states"": [""OFF""]}]",4,"[""[WALK] <lightswitch> (278)"", ""[SWITCHOFF] <lightswitch> (278)"", ""[WALK] <lightswitch> (344)"", ""[SWITCHOFF] <lightswitch> (344)""]"
state_change_task,Turn off all lightswitches,Turn off all candles,example_task81,0.5849753618240356,Turn on all tablelamps,0.5638211965560913,0.021154165267944336,1,1,6,3,kitchen,"[{""id"": 124, ""states"": [""ON""]}, {""id"": 216, ""states"": [""ON""]}, {""id"": 314, ""states"": [""ON""]}]","[""[WALK] <candle> (124)"", ""[SWITCHOFF] <candle> (124)"", ""[WALK] <candle> (216)"", ""[SWITCHOFF] <candle> (216)"", ""[WALK] <candle> (314)"", ""[SWITCHOFF] <candle> (314)""]",False,True,True,False,test_task147,3,kitchen,"[{""id"": 58, ""states"": [""OFF""]}, {""id"": 239, ""states"": [""OFF""]}, {""id"": 278, ""states"": [""ON""]}, {""id"": 344, ""states"": [""OFF""]}, {""id"": 402, ""states"": [""ON""]}]",4,"[""[WALK] <lightswitch> (278)"", ""[SWITCHOFF] <lightswitch> (278)"", ""[WALK] <lightswitch> (402)"", ""[SWITCHOFF] <lightswitch> (402)""]"
state_change_task,Turn off all lightswitches,Turn off all candles,example_task81,0.5849753618240356,Turn on all tablelamps,0.5638211965560913,0.021154165267944336,1,1,6,3,kitchen,"[{""id"": 124, ""states"": [""ON""]}, {""id"": 216, ""states"": [""ON""]}, {""id"": 314, ""states"": [""ON""]}]","[""[WALK] <candle> (124)"", ""[SWITCHOFF] <candle> (124)"", ""[WALK] <candle> (216)"", ""[SWITCHOFF] <candle> (216)"", ""[WALK] <candle> (314)"", ""[SWITCHOFF] <candle> (314)""]",False,True,True,False,test_task148,3,bedroom,"[{""id"": 58, ""states"": [""OFF""]}, {""id"": 239, ""states"": [""OFF""]}, {""id"": 278, ""states"": [""ON""]}, {""id"": 344, ""states"": [""OFF""]}, {""id"": 402, ""states"": [""OFF""]}]",2,"[""[WALK] <lightswitch> (278)"", ""[SWITCHOFF] <lightswitch> (278)""]"
state_change_task,Turn off all lightswitches,Turn off all candles,example_task81,0.5849753618240356,Turn on all tablelamps,0.5638211965560913,0.021154165267944336,1,1,6,3,kitchen,"[{""id"": 124, ""states"": [""ON""]}, {""id"": 216, ""states"": [""ON""]}, {""id"": 314, ""states"": [""ON""]}]","[""[WALK] <candle> (124)"", ""[SWITCHOFF] <candle> (124)"", ""[WALK] <candle> (216)"", ""[SWITCHOFF] <candle> (216)"", ""[WALK] <candle> (314)"", ""[SWITCHOFF] <candle> (314)""]",False,True,True,False,test_task149,3,bedroom,"[{""id"": 58, ""states"": [""OFF""]}, {""id"": 239, ""states"": [""OFF""]}, {""id"": 278, ""states"": [""OFF""]}, {""id"": 344, ""states"": [""ON""]}, {""id"": 402, ""states"": [""ON""]}]",4,"[""[WALK] <lightswitch> (344)"", ""[SWITCHOFF] <lightswitch> (344)"", ""[WALK] <lightswitch> (402)"", ""[SWITCHOFF] <lightswitch> (402)""]"
state_change_task,Turn off all lightswitches,Turn off all candles,example_task81,0.5849753618240356,Turn on all tablelamps,0.5638211965560913,0.021154165267944336,1,1,6,3,kitchen,"[{""id"": 124, ""states"": [""ON""]}, {""id"": 216, ""states"": [""ON""]}, {""id"": 314, ""states"": [""ON""]}]","[""[WALK] <candle> (124)"", ""[SWITCHOFF] <candle> (124)"", ""[WALK] <candle> (216)"", ""[SWITCHOFF] <candle> (216)"", ""[WALK] <candle> (314)"", ""[SWITCHOFF] <candle> (314)""]",False,True,True,False,test_task150,3,kitchen,"[{""id"": 58, ""states"": [""OFF""]}, {""id"": 239, ""states"": [""OFF""]}, {""id"": 278, ""states"": [""OFF""]}, {""id"": 344, ""states"": [""ON""]}, {""id"": 402, ""states"": [""OFF""]}]",2,"[""[WALK] <lightswitch> (344)"", ""[SWITCHOFF] <lightswitch> (344)""]"
state_change_task,Turn off all lightswitches,Turn off all candles,example_task81,0.5849753618240356,Turn on all tablelamps,0.5638211965560913,0.021154165267944336,1,1,6,3,kitchen,"[{""id"": 124, ""states"": [""ON""]}, {""id"": 216, ""states"": [""ON""]}, {""id"": 314, ""states"": [""ON""]}]","[""[WALK] <candle> (124)"", ""[SWITCHOFF] <candle> (124)"", ""[WALK] <candle> (216)"", ""[SWITCHOFF] <candle> (216)"", ""[WALK] <candle> (314)"", ""[SWITCHOFF] <candle> (314)""]",False,True,True,False,test_task151,3,livingroom,"[{""id"": 58, ""states"": [""OFF""]}, {""id"": 239, ""states"": [""OFF""]}, {""id"": 278, ""states"": [""OFF""]}, {""id"": 344, ""states"": [""OFF""]}, {""id"": 402, ""states"": [""ON""]}]",2,"[""[WALK] <lightswitch> (402)"", ""[SWITCHOFF] <lightswitch> (402)""]"
state_change_task,Turn off all lightswitches,Turn off all candles,example_task81,0.5849753618240356,Turn on all tablelamps,0.5638211965560913,0.021154165267944336,1,1,6,3,kitchen,"[{""id"": 124, ""states"": [""ON""]}, {""id"": 216, ""states"": [""ON""]}, {""id"": 314, ""states"": [""ON""]}]","[""[WALK] <candle> (124)"", ""[SWITCHOFF] <candle> (124)"", ""[WALK] <candle> (216)"", ""[SWITCHOFF] <candle> (216)"", ""[WALK] <candle> (314)"", ""[SWITCHOFF] <candle> (314)""]",False,True,True,False,test_task152,3,livingroom,"[{""id"": 58, ""states"": [""OFF""]}, {""id"": 239, ""states"": [""OFF""]}, {""id"": 278, ""states"": [""OFF""]}, {""id"": 344, ""states"": [""OFF""]}, {""id"": 402, ""states"": [""OFF""]}]",0,[]
state_change_task,Turn off all tablelamps,Turn on all tablelamps,example_task76,0.9095948934555054,Turn off all candles,0.4964370131492615,0.4131578803062439,1,1,6,3,kitchen,"[{""id"": 256, ""states"": [""OFF""]}, {""id"": 376, ""states"": [""OFF""]}, {""id"": 377, ""states"": [""OFF""]}]","[""[WALK] <tablelamp> (256)"", ""[SWITCHON] <tablelamp> (256)"", ""[WALK] <tablelamp> (376)"", ""[SWITCHON] <tablelamp> (376)"", ""[WALK] <tablelamp> (377)"", ""[SWITCHON] <tablelamp> (377)""]",True,False,True,False,test_task153,3,bathroom,"[{""id"": 256, ""states"": [""ON""]}, {""id"": 376, ""states"": [""ON""]}, {""id"": 377, ""states"": [""ON""]}]",6,"[""[WALK] <tablelamp> (256)"", ""[SWITCHOFF] <tablelamp> (256)"", ""[WALK] <tablelamp> (376)"", ""[SWITCHOFF] <tablelamp> (376)"", ""[WALK] <tablelamp> (377)"", ""[SWITCHOFF] <tablelamp> (377)""]"
state_change_task,Turn off all tablelamps,Turn on all tablelamps,example_task76,0.9095948934555054,Turn off all candles,0.4964370131492615,0.4131578803062439,1,1,6,3,kitchen,"[{""id"": 256, ""states"": [""OFF""]}, {""id"": 376, ""states"": [""OFF""]}, {""id"": 377, ""states"": [""OFF""]}]","[""[WALK] <tablelamp> (256)"", ""[SWITCHON] <tablelamp> (256)"", ""[WALK] <tablelamp> (376)"", ""[SWITCHON] <tablelamp> (376)"", ""[WALK] <tablelamp> (377)"", ""[SWITCHON] <tablelamp> (377)""]",True,False,True,False,test_task154,3,livingroom,"[{""id"": 256, ""states"": [""ON""]}, {""id"": 376, ""states"": [""ON""]}, {""id"": 377, ""states"": [""OFF""]}]",4,"[""[WALK] <tablelamp> (256)"", ""[SWITCHOFF] <tablelamp> (256)"", ""[WALK] <tablelamp> (376)"", ""[SWITCHOFF] <tablelamp> (376)""]"
state_change_task,Turn off all tablelamps,Turn on all tablelamps,example_task76,0.9095948934555054,Turn off all candles,0.4964370131492615,0.4131578803062439,1,1,6,3,kitchen,"[{""id"": 256, ""states"": [""OFF""]}, {""id"": 376, ""states"": [""OFF""]}, {""id"": 377, ""states"": [""OFF""]}]","[""[WALK] <tablelamp> (256)"", ""[SWITCHON] <tablelamp> (256)"", ""[WALK] <tablelamp> (376)"", ""[SWITCHON] <tablelamp> (376)"", ""[WALK] <tablelamp> (377)"", ""[SWITCHON] <tablelamp> (377)""]",True,False,True,False,test_task155,3,kitchen,"[{""id"": 256, ""states"": [""ON""]}, {""id"": 376, ""states"": [""OFF""]}, {""id"": 377, ""states"": [""ON""]}]",4,"[""[WALK] <tablelamp> (256)"", ""[SWITCHOFF] <tablelamp> (256)"", ""[WALK] <tablelamp> (377)"", ""[SWITCHOFF] <tablelamp> (377)""]"
state_change_task,Turn off all tablelamps,Turn on all tablelamps,example_task76,0.9095948934555054,Turn off all candles,0.4964370131492615,0.4131578803062439,1,1,6,3,kitchen,"[{""id"": 256, ""states"": [""OFF""]}, {""id"": 376, ""states"": [""OFF""]}, {""id"": 377, ""states"": [""OFF""]}]","[""[WALK] <tablelamp> (256)"", ""[SWITCHON] <tablelamp> (256)"", ""[WALK] <tablelamp> (376)"", ""[SWITCHON] <tablelamp> (376)"", ""[WALK] <tablelamp> (377)"", ""[SWITCHON] <tablelamp> (377)""]",True,False,True,False,test_task156,3,bedroom,"[{""id"": 256, ""states"": [""ON""]}, {""id"": 376, ""states"": [""OFF""]}, {""id"": 377, ""states"": [""OFF""]}]",2,"[""[WALK] <tablelamp> (256)"", ""[SWITCHOFF] <tablelamp> (256)""]"
state_change_task,Turn off all tablelamps,Turn on all tablelamps,example_task76,0.9095948934555054,Turn off all candles,0.4964370131492615,0.4131578803062439,1,1,6,3,kitchen,"[{""id"": 256, ""states"": [""OFF""]}, {""id"": 376, ""states"": [""OFF""]}, {""id"": 377, ""states"": [""OFF""]}]","[""[WALK] <tablelamp> (256)"", ""[SWITCHON] <tablelamp> (256)"", ""[WALK] <tablelamp> (376)"", ""[SWITCHON] <tablelamp> (376)"", ""[WALK] <tablelamp> (377)"", ""[SWITCHON] <tablelamp> (377)""]",True,False,True,False,test_task157,3,bathroom,"[{""id"": 256, ""states"": [""OFF""]}, {""id"": 376, ""states"": [""ON""]}, {""id"": 377, ""states"": [""ON""]}]",4,"[""[WALK] <tablelamp> (376)"", ""[SWITCHOFF] <tablelamp> (376)"", ""[WALK] <tablelamp> (377)"", ""[SWITCHOFF] <tablelamp> (377)""]"
state_change_task,Turn off all tablelamps,Turn on all tablelamps,example_task76,0.9095948934555054,Turn off all candles,0.4964370131492615,0.4131578803062439,1,1,6,3,kitchen,"[{""id"": 256, ""states"": [""OFF""]}, {""id"": 376, ""states"": [""OFF""]}, {""id"": 377, ""states"": [""OFF""]}]","[""[WALK] <tablelamp> (256)"", ""[SWITCHON] <tablelamp> (256)"", ""[WALK] <tablelamp> (376)"", ""[SWITCHON] <tablelamp> (376)"", ""[WALK] <tablelamp> (377)"", ""[SWITCHON] <tablelamp> (377)""]",True,False,True,False,test_task158,3,bedroom,"[{""id"": 256, ""states"": [""OFF""]}, {""id"": 376, ""states"": [""ON""]}, {""id"": 377, ""states"": [""OFF""]}]",2,"[""[WALK] <tablelamp> (376)"", ""[SWITCHOFF] <tablelamp> (376)""]"
state_change_task,Turn off all tablelamps,Turn on all tablelamps,example_task76,0.9095948934555054,Turn off all candles,0.4964370131492615,0.4131578803062439,1,1,6,3,kitchen,"[{""id"": 256, ""states"": [""OFF""]}, {""id"": 376, ""states"": [""OFF""]}, {""id"": 377, ""states"": [""OFF""]}]","[""[WALK] <tablelamp> (256)"", ""[SWITCHON] <tablelamp> (256)"", ""[WALK] <tablelamp> (376)"", ""[SWITCHON] <tablelamp> (376)"", ""[WALK] <tablelamp> (377)"", ""[SWITCHON] <tablelamp> (377)""]",True,False,True,False,test_task159,3,livingroom,"[{""id"": 256, ""states"": [""OFF""]}, {""id"": 376, ""states"": [""OFF""]}, {""id"": 377, ""states"": [""ON""]}]",2,"[""[WALK] <tablelamp> (377)"", ""[SWITCHOFF] <tablelamp> (377)""]"
state_change_task,Turn off all tablelamps,Turn on all tablelamps,example_task76,0.9095948934555054,Turn off all candles,0.4964370131492615,0.4131578803062439,1,1,6,3,kitchen,"[{""id"": 256, ""states"": [""OFF""]}, {""id"": 376, ""states"": [""OFF""]}, {""id"": 377, ""states"": [""OFF""]}]","[""[WALK] <tablelamp> (256)"", ""[SWITCHON] <tablelamp> (256)"", ""[WALK] <tablelamp> (376)"", ""[SWITCHON] <tablelamp> (376)"", ""[WALK] <tablelamp> (377)"", ""[SWITCHON] <tablelamp> (377)""]",True,False,True,False,test_task160,3,kitchen,"[{""id"": 256, ""states"": [""OFF""]}, {""id"": 376, ""states"": [""OFF""]}, {""id"": 377, ""states"": [""OFF""]}]",0,[]
state_change_task,Turn on all lightswitches,Turn on all tablelamps,example_task76,0.6107883453369141,Turn on all computers,0.5445488691329956,0.06623947620391846,1,1,6,3,kitchen,"[{""id"": 256, ""states"": [""OFF""]}, {""id"": 376, ""states"": [""OFF""]}, {""id"": 377, ""states"": [""OFF""]}]","[""[WALK] <tablelamp> (256)"", ""[SWITCHON] <tablelamp> (256)"", ""[WALK] <tablelamp> (376)"", ""[SWITCHON] <tablelamp> (376)"", ""[WALK] <tablelamp> (377)"", ""[SWITCHON] <tablelamp> (377)""]",False,True,True,False,test_task161,4,bedroom,"[{""id"": 169, ""states"": [""ON""]}, {""id"": 209, ""states"": [""ON""]}, {""id"": 218, ""states"": [""ON""]}, {""id"": 300, ""states"": [""ON""]}]",0,[]
state_change_task,Turn on all lightswitches,Turn on all tablelamps,example_task76,0.6107883453369141,Turn on all computers,0.5445488691329956,0.06623947620391846,1,1,6,3,kitchen,"[{""id"": 256, ""states"": [""OFF""]}, {""id"": 376, ""states"": [""OFF""]}, {""id"": 377, ""states"": [""OFF""]}]","[""[WALK] <tablelamp> (256)"", ""[SWITCHON] <tablelamp> (256)"", ""[WALK] <tablelamp> (376)"", ""[SWITCHON] <tablelamp> (376)"", ""[WALK] <tablelamp> (377)"", ""[SWITCHON] <tablelamp> (377)""]",False,True,True,False,test_task162,4,bathroom,"[{""id"": 169, ""states"": [""ON""]}, {""id"": 209, ""states"": [""ON""]}, {""id"": 218, ""states"": [""ON""]}, {""id"": 300, ""states"": [""OFF""]}]",2,"[""[WALK] <lightswitch> (300)"", ""[SWITCHON] <lightswitch> (300)""]"
state_change_task,Turn on all lightswitches,Turn on all tablelamps,example_task76,0.6107883453369141,Turn on all computers,0.5445488691329956,0.06623947620391846,1,1,6,3,kitchen,"[{""id"": 256, ""states"": [""OFF""]}, {""id"": 376, ""states"": [""OFF""]}, {""id"": 377, ""states"": [""OFF""]}]","[""[WALK] <tablelamp> (256)"", ""[SWITCHON] <tablelamp> (256)"", ""[WALK] <tablelamp> (376)"", ""[SWITCHON] <tablelamp> (376)"", ""[WALK] <tablelamp> (377)"", ""[SWITCHON] <tablelamp> (377)""]",False,True,True,False,test_task163,4,livingroom,"[{""id"": 169, ""states"": [""ON""]}, {""id"": 209, ""states"": [""ON""]}, {""id"": 218, ""states"": [""OFF""]}, {""id"": 300, ""states"": [""ON""]}]",2,"[""[WALK] <lightswitch> (218)"", ""[SWITCHON] <lightswitch> (218)""]"
state_change_task,Turn on all lightswitches,Turn on all tablelamps,example_task76,0.6107883453369141,Turn on all computers,0.5445488691329956,0.06623947620391846,1,1,6,3,kitchen,"[{""id"": 256, ""states"": [""OFF""]}, {""id"": 376, ""states"": [""OFF""]}, {""id"": 377, ""states"": [""OFF""]}]","[""[WALK] <tablelamp> (256)"", ""[SWITCHON] <tablelamp> (256)"", ""[WALK] <tablelamp> (376)"", ""[SWITCHON] <tablelamp> (376)"", ""[WALK] <tablelamp> (377)"", ""[SWITCHON] <tablelamp> (377)""]",False,True,True,False,test_task164,4,bedroom,"[{""id"": 169, ""states"": [""ON""]}, {""id"": 209, ""states"": [""ON""]}, {""id"": 218, ""states"": [""OFF""]}, {""id"": 300, ""states"": [""OFF""]}]",4,"[""[WALK] <lightswitch> (218)"", ""[SWITCHON] <lightswitch> (218)"", ""[WALK] <lightswitch> (300)"", ""[SWITCHON] <lightswitch> (300)""]"
state_change_task,Turn on all lightswitches,Turn on all tablelamps,example_task76,0.6107883453369141,Turn on all computers,0.5445488691329956,0.06623947620391846,1,1,6,3,kitchen,"[{""id"": 256, ""states"": [""OFF""]}, {""id"": 376, ""states"": [""OFF""]}, {""id"": 377, ""states"": [""OFF""]}]","[""[WALK] <tablelamp> (256)"", ""[SWITCHON] <tablelamp> (256)"", ""[WALK] <tablelamp> (376)"", ""[SWITCHON] <tablelamp> (376)"", ""[WALK] <tablelamp> (377)"", ""[SWITCHON] <tablelamp> (377)""]",False,True,True,False,test_task165,4,kitchen,"[{""id"": 169, ""states"": [""ON""]}, {""id"": 209, ""states"": [""OFF""]}, {""id"": 218, ""states"": [""ON""]}, {""id"": 300, ""states"": [""ON""]}]",2,"[""[WALK] <lightswitch> (209)"", ""[SWITCHON] <lightswitch> (209)""]"
state_change_task,Turn on all lightswitches,Turn on all tablelamps,example_task76,0.6107883453369141,Turn on all computers,0.5445488691329956,0.06623947620391846,1,1,6,3,kitchen,"[{""id"": 256, ""states"": [""OFF""]}, {""id"": 376, ""states"": [""OFF""]}, {""id"": 377, ""states"": [""OFF""]}]","[""[WALK] <tablelamp> (256)"", ""[SWITCHON] <tablelamp> (256)"", ""[WALK] <tablelamp> (376)"", ""[SWITCHON] <tablelamp> (376)"", ""[WALK] <tablelamp> (377)"", ""[SWITCHON] <tablelamp> (377)""]",False,True,True,False,test_task166,4,kitchen,"[{""id"": 169, ""states"": [""ON""]}, {""id"": 209, ""states"": [""OFF""]}, {""id"": 218, ""states"": [""ON""]}, {""id"": 300, ""states"": [""OFF""]}]",4,"[""[WALK] <lightswitch> (209)"", ""[SWITCHON] <lightswitch> (209)"", ""[WALK] <lightswitch> (300)"", ""[SWITCHON] <lightswitch> (300)""]"
state_change_task,Turn on all lightswitches,Turn on all tablelamps,example_task76,0.6107883453369141,Turn on all computers,0.5445488691329956,0.06623947620391846,1,1,6,3,kitchen,"[{""id"": 256, ""states"": [""OFF""]}, {""id"": 376, ""states"": [""OFF""]}, {""id"": 377, ""states"": [""OFF""]}]","[""[WALK] <tablelamp> (256)"", ""[SWITCHON] <tablelamp> (256)"", ""[WALK] <tablelamp> (376)"", ""[SWITCHON] <tablelamp> (376)"", ""[WALK] <tablelamp> (377)"", ""[SWITCHON] <tablelamp> (377)""]",False,True,True,False,test_task167,4,bathroom,"[{""id"": 169, ""states"": [""ON""]}, {""id"": 209, ""states"": [""OFF""]}, {""id"": 218, ""states"": [""OFF""]}, {""id"": 300, ""states"": [""ON""]}]",4,"[""[WALK] <lightswitch> (209)"", ""[SWITCHON] <lightswitch> (209)"", ""[WALK] <lightswitch> (218)"", ""[SWITCHON] <lightswitch> (218)""]"
state_change_task,Turn on all lightswitches,Turn on all tablelamps,example_task76,0.6107883453369141,Turn on all computers,0.5445488691329956,0.06623947620391846,1,1,6,3,kitchen,"[{""id"": 256, ""states"": [""OFF""]}, {""id"": 376, ""states"": [""OFF""]}, {""id"": 377, ""states"": [""OFF""]}]","[""[WALK] <tablelamp> (256)"", ""[SWITCHON] <tablelamp> (256)"", ""[WALK] <tablelamp> (376)"", ""[SWITCHON] <tablelamp> (376)"", ""[WALK] <tablelamp> (377)"", ""[SWITCHON] <tablelamp> (377)""]",False,True,True,False,test_task168,4,bedroom,"[{""id"": 169, ""states"": [""ON""]}, {""id"": 209, ""states"": [""OFF""]}, {""id"": 218, ""states"": [""OFF""]}, {""id"": 300, ""states"": [""OFF""]}]",6,"[""[WALK] <lightswitch> (209)"", ""[SWITCHON] <lightswitch> (209)"", ""[WALK] <lightswitch> (218)"", ""[SWITCHON] <lightswitch> (218)"", ""[WALK] <lightswitch> (300)"", ""[SWITCHON] <lightswitch> (300)""]"
state_change_task,Turn on all lightswitches,Turn on all tablelamps,example_task76,0.6107883453369141,Turn on all computers,0.5445488691329956,0.06623947620391846,1,1,6,3,kitchen,"[{""id"": 256, ""states"": [""OFF""]}, {""id"": 376, ""states"": [""OFF""]}, {""id"": 377, ""states"": [""OFF""]}]","[""[WALK] <tablelamp> (256)"", ""[SWITCHON] <tablelamp> (256)"", ""[WALK] <tablelamp> (376)"", ""[SWITCHON] <tablelamp> (376)"", ""[WALK] <tablelamp> (377)"", ""[SWITCHON] <tablelamp> (377)""]",False,True,True,False,test_task169,4,livingroom,"[{""id"": 169, ""states"": [""OFF""]}, {""id"": 209, ""states"": [""ON""]}, {""id"": 218, ""states"": [""ON""]}, {""id"": 300, ""states"": [""ON""]}]",2,"[""[WALK] <lightswitch> (169)"", ""[SWITCHON] <lightswitch> (169)""]"
state_change_task,Turn on all lightswitches,Turn on all tablelamps,example_task76,0.6107883453369141,Turn on all computers,0.5445488691329956,0.06623947620391846,1,1,6,3,kitchen,"[{""id"": 256, ""states"": [""OFF""]}, {""id"": 376, ""states"": [""OFF""]}, {""id"": 377, ""states"": [""OFF""]}]","[""[WALK] <tablelamp> (256)"", ""[SWITCHON] <tablelamp> (256)"", ""[WALK] <tablelamp> (376)"", ""[SWITCHON] <tablelamp> (376)"", ""[WALK] <tablelamp> (377)"", ""[SWITCHON] <tablelamp> (377)""]",False,True,True,False,test_task170,4,bathroom,"[{""id"": 169, ""states"": [""OFF""]}, {""id"": 209, ""states"": [""ON""]}, {""id"": 218, ""states"": [""ON""]}, {""id"": 300, ""states"": [""OFF""]}]",4,"[""[WALK] <lightswitch> (169)"", ""[SWITCHON] <lightswitch> (169)"", ""[WALK] <lightswitch> (300)"", ""[SWITCHON] <lightswitch> (300)""]"
state_change_task,Turn on all lightswitches,Turn on all tablelamps,example_task76,0.6107883453369141,Turn on all computers,0.5445488691329956,0.06623947620391846,1,1,6,3,kitchen,"[{""id"": 256, ""states"": [""OFF""]}, {""id"": 376, ""states"": [""OFF""]}, {""id"": 377, ""states"": [""OFF""]}]","[""[WALK] <tablelamp> (256)"", ""[SWITCHON] <tablelamp> (256)"", ""[WALK] <tablelamp> (376)"", ""[SWITCHON] <tablelamp> (376)"", ""[WALK] <tablelamp> (377)"", ""[SWITCHON] <tablelamp> (377)""]",False,True,True,False,test_task171,4,bedroom,"[{""id"": 169, ""states"": [""OFF""]}, {""id"": 209, ""states"": [""ON""]}, {""id"": 218, ""states"": [""OFF""]}, {""id"": 300, ""states"": [""ON""]}]",4,"[""[WALK] <lightswitch> (169)"", ""[SWITCHON] <lightswitch> (169)"", ""[WALK] <lightswitch> (218)"", ""[SWITCHON] <lightswitch> (218)""]"
state_change_task,Turn on all lightswitches,Turn on all tablelamps,example_task76,0.6107883453369141,Turn on all computers,0.5445488691329956,0.06623947620391846,1,1,6,3,kitchen,"[{""id"": 256, ""states"": [""OFF""]}, {""id"": 376, ""states"": [""OFF""]}, {""id"": 377, ""states"": [""OFF""]}]","[""[WALK] <tablelamp> (256)"", ""[SWITCHON] <tablelamp> (256)"", ""[WALK] <tablelamp> (376)"", ""[SWITCHON] <tablelamp> (376)"", ""[WALK] <tablelamp> (377)"", ""[SWITCHON] <tablelamp> (377)""]",False,True,True,False,test_task172,4,bathroom,"[{""id"": 169, ""states"": [""OFF""]}, {""id"": 209, ""states"": [""ON""]}, {""id"": 218, ""states"": [""OFF""]}, {""id"": 300, ""states"": [""OFF""]}]",6,"[""[WALK] <lightswitch> (169)"", ""[SWITCHON] <lightswitch> (169)"", ""[WALK] <lightswitch> (218)"", ""[SWITCHON] <lightswitch> (218)"", ""[WALK] <lightswitch> (300)"", ""[SWITCHON] <lightswitch> (300)""]"
state_change_task,Turn on all lightswitches,Turn on all tablelamps,example_task76,0.6107883453369141,Turn on all computers,0.5445488691329956,0.06623947620391846,1,1,6,3,kitchen,"[{""id"": 256, ""states"": [""OFF""]}, {""id"": 376, ""states"": [""OFF""]}, {""id"": 377, ""states"": [""OFF""]}]","[""[WALK] <tablelamp> (256)"", ""[SWITCHON] <tablelamp> (256)"", ""[WALK] <tablelamp> (376)"", ""[SWITCHON] <tablelamp> (376)"", ""[WALK] <tablelamp> (377)"", ""[SWITCHON] <tablelamp> (377)""]",False,True,True,False,test_task173,4,kitchen,"[{""id"": 169, ""states"": [""OFF""]}, {""id"": 209, ""states"": [""OFF""]}, {""id"": 218, ""states"": [""ON""]}, {""id"": 300, ""states"": [""ON""]}]",4,"[""[WALK] <lightswitch> (169)"", ""[SWITCHON] <lightswitch> (169)"", ""[WALK] <lightswitch> (209)"", ""[SWITCHON] <lightswitch> (209)""]"
state_change_task,Turn on all lightswitches,Turn on all tablelamps,example_task76,0.6107883453369141,Turn on all computers,0.5445488691329956,0.06623947620391846,1,1,6,3,kitchen,"[{""id"": 256, ""states"": [""OFF""]}, {""id"": 376, ""states"": [""OFF""]}, {""id"": 377, ""states"": [""OFF""]}]","[""[WALK] <tablelamp> (256)"", ""[SWITCHON] <tablelamp> (256)"", ""[WALK] <tablelamp> (376)"", ""[SWITCHON] <tablelamp> (376)"", ""[WALK] <tablelamp> (377)"", ""[SWITCHON] <tablelamp> (377)""]",False,True,True,False,test_task174,4,livingroom,"[{""id"": 169, ""states"": [""OFF""]}, {""id"": 209, ""states"": [""OFF""]}, {""id"": 218, ""states"": [""ON""]}, {""id"": 300, ""states"": [""OFF""]}]",6,"[""[WALK] <lightswitch> (169)"", ""[SWITCHON] <lightswitch> (169)"", ""[WALK] <lightswitch> (209)"", ""[SWITCHON] <lightswitch> (209)"", ""[WALK] <lightswitch> (300)"", ""[SWITCHON] <lightswitch> (300)""]"
state_change_task,Turn on all lightswitches,Turn on all tablelamps,example_task76,0.6107883453369141,Turn on all computers,0.5445488691329956,0.06623947620391846,1,1,6,3,kitchen,"[{""id"": 256, ""states"": [""OFF""]}, {""id"": 376, ""states"": [""OFF""]}, {""id"": 377, ""states"": [""OFF""]}]","[""[WALK] <tablelamp> (256)"", ""[SWITCHON] <tablelamp> (256)"", ""[WALK] <tablelamp> (376)"", ""[SWITCHON] <tablelamp> (376)"", ""[WALK] <tablelamp> (377)"", ""[SWITCHON] <tablelamp> (377)""]",False,True,True,False,test_task175,4,bathroom,"[{""id"": 169, ""states"": [""OFF""]}, {""id"": 209, ""states"": [""OFF""]}, {""id"": 218, ""states"": [""OFF""]}, {""id"": 300, ""states"": [""ON""]}]",6,"[""[WALK] <lightswitch> (169)"", ""[SWITCHON] <lightswitch> (169)"", ""[WALK] <lightswitch> (209)"", ""[SWITCHON] <lightswitch> (209)"", ""[WALK] <lightswitch> (218)"", ""[SWITCHON] <lightswitch> (218)""]"
state_change_task,Turn on all lightswitches,Turn on all tablelamps,example_task76,0.6107883453369141,Turn on all computers,0.5445488691329956,0.06623947620391846,1,1,6,3,kitchen,"[{""id"": 256, ""states"": [""OFF""]}, {""id"": 376, ""states"": [""OFF""]}, {""id"": 377, ""states"": [""OFF""]}]","[""[WALK] <tablelamp> (256)"", ""[SWITCHON] <tablelamp> (256)"", ""[WALK] <tablelamp> (376)"", ""[SWITCHON] <tablelamp> (376)"", ""[WALK] <tablelamp> (377)"", ""[SWITCHON] <tablelamp> (377)""]",False,True,True,False,test_task176,4,kitchen,"[{""id"": 169, ""states"": [""OFF""]}, {""id"": 209, ""states"": [""OFF""]}, {""id"": 218, ""states"": [""OFF""]}, {""id"": 300, ""states"": [""OFF""]}]",8,"[""[WALK] <lightswitch> (169)"", ""[SWITCHON] <lightswitch> (169)"", ""[WALK] <lightswitch> (209)"", ""[SWITCHON] <lightswitch> (209)"", ""[WALK] <lightswitch> (218)"", ""[SWITCHON] <lightswitch> (218)"", ""[WALK] <lightswitch> (300)"", ""[SWITCHON] <lightswitch> (300)""]"
state_change_task,Turn off all lightswitches,Turn off all candles,example_task81,0.5849753618240356,Turn on all tablelamps,0.5638211965560913,0.021154165267944336,1,1,6,3,kitchen,"[{""id"": 124, ""states"": [""ON""]}, {""id"": 216, ""states"": [""ON""]}, {""id"": 314, ""states"": [""ON""]}]","[""[WALK] <candle> (124)"", ""[SWITCHOFF] <candle> (124)"", ""[WALK] <candle> (216)"", ""[SWITCHOFF] <candle> (216)"", ""[WALK] <candle> (314)"", ""[SWITCHOFF] <candle> (314)""]",False,True,True,False,test_task177,4,livingroom,"[{""id"": 169, ""states"": [""ON""]}, {""id"": 209, ""states"": [""ON""]}, {""id"": 218, ""states"": [""ON""]}, {""id"": 300, ""states"": [""ON""]}]",8,"[""[WALK] <lightswitch> (169)"", ""[SWITCHOFF] <lightswitch> (169)"", ""[WALK] <lightswitch> (209)"", ""[SWITCHOFF] <lightswitch> (209)"", ""[WALK] <lightswitch> (218)"", ""[SWITCHOFF] <lightswitch> (218)"", ""[WALK] <lightswitch> (300)"", ""[SWITCHOFF] <lightswitch> (300)""]"
state_change_task,Turn off all lightswitches,Turn off all candles,example_task81,0.5849753618240356,Turn on all tablelamps,0.5638211965560913,0.021154165267944336,1,1,6,3,kitchen,"[{""id"": 124, ""states"": [""ON""]}, {""id"": 216, ""states"": [""ON""]}, {""id"": 314, ""states"": [""ON""]}]","[""[WALK] <candle> (124)"", ""[SWITCHOFF] <candle> (124)"", ""[WALK] <candle> (216)"", ""[SWITCHOFF] <candle> (216)"", ""[WALK] <candle> (314)"", ""[SWITCHOFF] <candle> (314)""]",False,True,True,False,test_task178,4,kitchen,"[{""id"": 169, ""states"": [""ON""]}, {""id"": 209, ""states"": [""ON""]}, {""id"": 218, ""states"": [""ON""]}, {""id"": 300, ""states"": [""OFF""]}]",6,"[""[WALK] <lightswitch> (169)"", ""[SWITCHOFF] <lightswitch> (169)"", ""[WALK] <lightswitch> (209)"", ""[SWITCHOFF] <lightswitch> (209)"", ""[WALK] <lightswitch> (218)"", ""[SWITCHOFF] <lightswitch> (218)""]"
state_change_task,Turn off all lightswitches,Turn off all candles,example_task81,0.5849753618240356,Turn on all tablelamps,0.5638211965560913,0.021154165267944336,1,1,6,3,kitchen,"[{""id"": 124, ""states"": [""ON""]}, {""id"": 216, ""states"": [""ON""]}, {""id"": 314, ""states"": [""ON""]}]","[""[WALK] <candle> (124)"", ""[SWITCHOFF] <candle> (124)"", ""[WALK] <candle> (216)"", ""[SWITCHOFF] <candle> (216)"", ""[WALK] <candle> (314)"", ""[SWITCHOFF] <candle> (314)""]",False,True,True,False,test_task179,4,livingroom,"[{""id"": 169, ""states"": [""ON""]}, {""id"": 209, ""states"": [""ON""]}, {""id"": 218, ""states"": [""OFF""]}, {""id"": 300, ""states"": [""ON""]}]",6,"[""[WALK] <lightswitch> (169)"", ""[SWITCHOFF] <lightswitch> (169)"", ""[WALK] <lightswitch> (209)"", ""[SWITCHOFF] <lightswitch> (209)"", ""[WALK] <lightswitch> (300)"", ""[SWITCHOFF] <lightswitch> (300)""]"
state_change_task,Turn off all lightswitches,Turn off all candles,example_task81,0.5849753618240356,Turn on all tablelamps,0.5638211965560913,0.021154165267944336,1,1,6,3,kitchen,"[{""id"": 124, ""states"": [""ON""]}, {""id"": 216, ""states"": [""ON""]}, {""id"": 314, ""states"": [""ON""]}]","[""[WALK] <candle> (124)"", ""[SWITCHOFF] <candle> (124)"", ""[WALK] <candle> (216)"", ""[SWITCHOFF] <candle> (216)"", ""[WALK] <candle> (314)"", ""[SWITCHOFF] <candle> (314)""]",False,True,True,False,test_task180,4,kitchen,"[{""id"": 169, ""states"": [""ON""]}, {""id"": 209, ""states"": [""ON""]}, {""id"": 218, ""states"": [""OFF""]}, {""id"": 300, ""states"": [""OFF""]}]",4,"[""[WALK] <lightswitch> (169)"", ""[SWITCHOFF] <lightswitch> (169)"", ""[WALK] <lightswitch> (209)"", ""[SWITCHOFF] <lightswitch> (209)""]"
state_change_task,Turn off all lightswitches,Turn off all candles,example_task81,0.5849753618240356,Turn on all tablelamps,0.5638211965560913,0.021154165267944336,1,1,6,3,kitchen,"[{""id"": 124, ""states"": [""ON""]}, {""id"": 216, ""states"": [""ON""]}, {""id"": 314, ""states"": [""ON""]}]","[""[WALK] <candle> (124)"", ""[SWITCHOFF] <candle> (124)"", ""[WALK] <candle> (216)"", ""[SWITCHOFF] <candle> (216)"", ""[WALK] <candle> (314)"", ""[SWITCHOFF] <candle> (314)""]",False,True,True,False,test_task181,4,bathroom,"[{""id"": 169, ""states"": [""ON""]}, {""id"": 209, ""states"": [""OFF""]}, {""id"": 218, ""states"": [""ON""]}, {""id"": 300, ""states"": [""ON""]}]",6,"[""[WALK] <lightswitch> (169)"", ""[SWITCHOFF] <lightswitch> (169)"", ""[WALK] <lightswitch> (218)"", ""[SWITCHOFF] <lightswitch> (218)"", ""[WALK] <lightswitch> (300)"", ""[SWITCHOFF] <lightswitch> (300)""]"
state_change_task,Turn off all lightswitches,Turn off all candles,example_task81,0.5849753618240356,Turn on all tablelamps,0.5638211965560913,0.021154165267944336,1,1,6,3,kitchen,"[{""id"": 124, ""states"": [""ON""]}, {""id"": 216, ""states"": [""ON""]}, {""id"": 314, ""states"": [""ON""]}]","[""[WALK] <candle> (124)"", ""[SWITCHOFF] <candle> (124)"", ""[WALK] <candle> (216)"", ""[SWITCHOFF] <candle> (216)"", ""[WALK] <candle> (314)"", ""[SWITCHOFF] <candle> (314)""]",False,True,True,False,test_task182,4,livingroom,"[{""id"": 169, ""states"": [""ON""]}, {""id"": 209, ""states"": [""OFF""]}, {""id"": 218, ""states"": [""ON""]}, {""id"": 300, ""states"": [""OFF""]}]",4,"[""[WALK] <lightswitch> (169)"", ""[SWITCHOFF] <lightswitch> (169)"", ""[WALK] <lightswitch> (218)"", ""[SWITCHOFF] <lightswitch> (218)""]"
state_change_task,Turn off all lightswitches,Turn off all candles,example_task81,0.5849753618240356,Turn on all tablelamps,0.5638211965560913,0.021154165267944336,1,1,6,3,kitchen,"[{""id"": 124, ""states"": [""ON""]}, {""id"": 216, ""states"": [""ON""]}, {""id"": 314, ""states"": [""ON""]}]","[""[WALK] <candle> (124)"", ""[SWITCHOFF] <candle> (124)"", ""[WALK] <candle> (216)"", ""[SWITCHOFF] <candle> (216)"", ""[WALK] <candle> (314)"", ""[SWITCHOFF] <candle> (314)""]",False,True,True,False,test_task183,4,kitchen,"[{""id"": 169, ""states"": [""ON""]}, {""id"": 209, ""states"": [""OFF""]}, {""id"": 218, ""states"": [""OFF""]}, {""id"": 300, ""states"": [""ON""]}]",4,"[""[WALK] <lightswitch> (169)"", ""[SWITCHOFF] <lightswitch> (169)"", ""[WALK] <lightswitch> (300)"", ""[SWITCHOFF] <lightswitch> (300)""]"
state_change_task,Turn off all lightswitches,Turn off all candles,example_task81,0.5849753618240356,Turn on all tablelamps,0.5638211965560913,0.021154165267944336,1,1,6,3,kitchen,"[{""id"": 124, ""states"": [""ON""]}, {""id"": 216, ""states"": [""ON""]}, {""id"": 314, ""states"": [""ON""]}]","[""[WALK] <candle> (124)"", ""[SWITCHOFF] <candle> (124)"", ""[WALK] <candle> (216)"", ""[SWITCHOFF] <candle> (216)"", ""[WALK] <candle> (314)"", ""[SWITCHOFF] <candle> (314)""]",False,True,True,False,test_task184,4,livingroom,"[{""id"": 169, ""states"": [""ON""]}, {""id"": 209, ""states"": [""OFF""]}, {""id"": 218, ""states"": [""OFF""]}, {""id"": 300, ""states"": [""OFF""]}]",2,"[""[WALK] <lightswitch> (169)"", ""[SWITCHOFF] <lightswitch> (169)""]"
state_change_task,Turn off all lightswitches,Turn off all candles,example_task81,0.5849753618240356,Turn on all tablelamps,0.5638211965560913,0.021154165267944336,1,1,6,3,kitchen,"[{""id"": 124, ""states"": [""ON""]}, {""id"": 216, ""states"": [""ON""]}, {""id"": 314, ""states"": [""ON""]}]","[""[WALK] <candle> (124)"", ""[SWITCHOFF] <candle> (124)"", ""[WALK] <candle> (216)"", ""[SWITCHOFF] <candle> (216)"", ""[WALK] <candle> (314)"", ""[SWITCHOFF] <candle> (314)""]",False,True,True,False,test_task185,4,bathroom,"[{""id"": 169, ""states"": [""OFF""]}, {""id"": 209, ""states"": [""ON""]}, {""id"": 218, ""states"": [""ON""]}, {""id"": 300, ""states"": [""ON""]}]",6,"[""[WALK] <lightswitch> (209)"", ""[SWITCHOFF] <lightswitch> (209)"", ""[WALK] <lightswitch> (218)"", ""[SWITCHOFF] <lightswitch> (218)"", ""[WALK] <lightswitch> (300)"", ""[SWITCHOFF] <lightswitch> (300)""]"
state_change_task,Turn off all lightswitches,Turn off all candles,example_task81,0.5849753618240356,Turn on all tablelamps,0.5638211965560913,0.021154165267944336,1,1,6,3,kitchen,"[{""id"": 124, ""states"": [""ON""]}, {""id"": 216, ""states"": [""ON""]}, {""id"": 314, ""states"": [""ON""]}]","[""[WALK] <candle> (124)"", ""[SWITCHOFF] <candle> (124)"", ""[WALK] <candle> (216)"", ""[SWITCHOFF] <candle> (216)"", ""[WALK] <candle> (314)"", ""[SWITCHOFF] <candle> (314)""]",False,True,True,False,test_task186,4,bathroom,"[{""id"": 169, ""states"": [""OFF""]}, {""id"": 209, ""states"": [""ON""]}, {""id"": 218, ""states"": [""ON""]}, {""id"": 300, ""states"": [""OFF""]}]",4,"[""[WALK] <lightswitch> (209)"", ""[SWITCHOFF] <lightswitch> (209)"", ""[WALK] <lightswitch> (218)"", ""[SWITCHOFF] <lightswitch> (218)""]"
state_change_task,Turn off all lightswitches,Turn off all candles,example_task81,0.5849753618240356,Turn on all tablelamps,0.5638211965560913,0.021154165267944336,1,1,6,3,kitchen,"[{""id"": 124, ""states"": [""ON""]}, {""id"": 216, ""states"": [""ON""]}, {""id"": 314, ""states"": [""ON""]}]","[""[WALK] <candle> (124)"", ""[SWITCHOFF] <candle> (124)"", ""[WALK] <candle> (216)"", ""[SWITCHOFF] <candle> (216)"", ""[WALK] <candle> (314)"", ""[SWITCHOFF] <candle> (314)""]",False,True,True,False,test_task187,4,kitchen,"[{""id"": 169, ""states"": [""OFF""]}, {""id"": 209, ""states"": [""ON""]}, {""id"": 218, ""states"": [""OFF""]}, {""id"": 300, ""states"": [""ON""]}]",4,"[""[WALK] <lightswitch> (209)"", ""[SWITCHOFF] <lightswitch> (209)"", ""[WALK] <lightswitch> (300)"", ""[SWITCHOFF] <lightswitch> (300)""]"
state_change_task,Turn off all lightswitches,Turn off all candles,example_task81,0.5849753618240356,Turn on all tablelamps,0.5638211965560913,0.021154165267944336,1,1,6,3,kitchen,"[{""id"": 124, ""states"": [""ON""]}, {""id"": 216, ""states"": [""ON""]}, {""id"": 314, ""states"": [""ON""]}]","[""[WALK] <candle> (124)"", ""[SWITCHOFF] <candle> (124)"", ""[WALK] <candle> (216)"", ""[SWITCHOFF] <candle> (216)"", ""[WALK] <candle> (314)"", ""[SWITCHOFF] <candle> (314)""]",False,True,True,False,test_task188,4,bedroom,"[{""id"": 169, ""states"": [""OFF""]}, {""id"": 209, ""states"": [""ON""]}, {""id"": 218, ""states"": [""OFF""]}, {""id"": 300, ""states"": [""OFF""]}]",2,"[""[WALK] <lightswitch> (209)"", ""[SWITCHOFF] <lightswitch> (209)""]"
state_change_task,Turn off all lightswitches,Turn off all candles,example_task81,0.5849753618240356,Turn on all tablelamps,0.5638211965560913,0.021154165267944336,1,1,6,3,kitchen,"[{""id"": 124, ""states"": [""ON""]}, {""id"": 216, ""states"": [""ON""]}, {""id"": 314, ""states"": [""ON""]}]","[""[WALK] <candle> (124)"", ""[SWITCHOFF] <candle> (124)"", ""[WALK] <candle> (216)"", ""[SWITCHOFF] <candle> (216)"", ""[WALK] <candle> (314)"", ""[SWITCHOFF] <candle> (314)""]",False,True,True,False,test_task189,4,bedroom,"[{""id"": 169, ""states"": [""OFF""]}, {""id"": 209, ""states"": [""OFF""]}, {""id"": 218, ""states"": [""ON""]}, {""id"": 300, ""states"": [""ON""]}]",4,"[""[WALK] <lightswitch> (218)"", ""[SWITCHOFF] <lightswitch> (218)"", ""[WALK] <lightswitch> (300)"", ""[SWITCHOFF] <lightswitch> (300)""]"
state_change_task,Turn off all lightswitches,Turn off all candles,example_task81,0.5849753618240356,Turn on all tablelamps,0.5638211965560913,0.021154165267944336,1,1,6,3,kitchen,"[{""id"": 124, ""states"": [""ON""]}, {""id"": 216, ""states"": [""ON""]}, {""id"": 314, ""states"": [""ON""]}]","[""[WALK] <candle> (124)"", ""[SWITCHOFF] <candle> (124)"", ""[WALK] <candle> (216)"", ""[SWITCHOFF] <candle> (216)"", ""[WALK] <candle> (314)"", ""[SWITCHOFF] <candle> (314)""]",False,True,True,False,test_task190,4,livingroom,"[{""id"": 169, ""states"": [""OFF""]}, {""id"": 209, ""states"": [""OFF""]}, {""id"": 218, ""states"": [""ON""]}, {""id"": 300, ""states"": [""OFF""]}]",2,"[""[WALK] <lightswitch> (218)"", ""[SWITCHOFF] <lightswitch> (218)""]"
state_change_task,Turn off all lightswitches,Turn off all candles,example_task81,0.5849753618240356,Turn on all tablelamps,0.5638211965560913,0.021154165267944336,1,1,6,3,kitchen,"[{""id"": 124, ""states"": [""ON""]}, {""id"": 216, ""states"": [""ON""]}, {""id"": 314, ""states"": [""ON""]}]","[""[WALK] <candle> (124)"", ""[SWITCHOFF] <candle> (124)"", ""[WALK] <candle> (216)"", ""[SWITCHOFF] <candle> (216)"", ""[WALK] <candle> (314)"", ""[SWITCHOFF] <candle> (314)""]",False,True,True,False,test_task191,4,bathroom,"[{""id"": 169, ""states"": [""OFF""]}, {""id"": 209, ""states"": [""OFF""]}, {""id"": 218, ""states"": [""OFF""]}, {""id"": 300, ""states"": [""ON""]}]",2,"[""[WALK] <lightswitch> (300)"", ""[SWITCHOFF] <lightswitch> (300)""]"
state_change_task,Turn off all lightswitches,Turn off all candles,example_task81,0.5849753618240356,Turn on all tablelamps,0.5638211965560913,0.021154165267944336,1,1,6,3,kitchen,"[{""id"": 124, ""states"": [""ON""]}, {""id"": 216, ""states"": [""ON""]}, {""id"": 314, ""states"": [""ON""]}]","[""[WALK] <candle> (124)"", ""[SWITCHOFF] <candle> (124)"", ""[WALK] <candle> (216)"", ""[SWITCHOFF] <candle> (216)"", ""[WALK] <candle> (314)"", ""[SWITCHOFF] <candle> (314)""]",False,True,True,False,test_task192,4,livingroom,"[{""id"": 169, ""states"": [""OFF""]}, {""id"": 209, ""states"": [""OFF""]}, {""id"": 218, ""states"": [""OFF""]}, {""id"": 300, ""states"": [""OFF""]}]",0,[]
state_change_task,Turn on all lightswitches,Turn on all tablelamps,example_task76,0.6107883453369141,Turn on all computers,0.5445488691329956,0.06623947620391846,1,1,6,3,kitchen,"[{""id"": 256, ""states"": [""OFF""]}, {""id"": 376, ""states"": [""OFF""]}, {""id"": 377, ""states"": [""OFF""]}]","[""[WALK] <tablelamp> (256)"", ""[SWITCHON] <tablelamp> (256)"", ""[WALK] <tablelamp> (376)"", ""[SWITCHON] <tablelamp> (376)"", ""[WALK] <tablelamp> (377)"", ""[SWITCHON] <tablelamp> (377)""]",False,True,True,False,test_task193,5,livingroom,"[{""id"": 103, ""states"": [""ON""]}, {""id"": 201, ""states"": [""ON""]}, {""id"": 249, ""states"": [""ON""]}, {""id"": 366, ""states"": [""ON""]}]",0,[]
state_change_task,Turn on all lightswitches,Turn on all tablelamps,example_task76,0.6107883453369141,Turn on all computers,0.5445488691329956,0.06623947620391846,1,1,6,3,kitchen,"[{""id"": 256, ""states"": [""OFF""]}, {""id"": 376, ""states"": [""OFF""]}, {""id"": 377, ""states"": [""OFF""]}]","[""[WALK] <tablelamp> (256)"", ""[SWITCHON] <tablelamp> (256)"", ""[WALK] <tablelamp> (376)"", ""[SWITCHON] <tablelamp> (376)"", ""[WALK] <tablelamp> (377)"", ""[SWITCHON] <tablelamp> (377)""]",False,True,True,False,test_task194,5,bathroom,"[{""id"": 103, ""states"": [""ON""]}, {""id"": 201, ""states"": [""ON""]}, {""id"": 249, ""states"": [""ON""]}, {""id"": 366, ""states"": [""OFF""]}]",2,"[""[WALK] <lightswitch> (366)"", ""[SWITCHON] <lightswitch> (366)""]"
state_change_task,Turn on all lightswitches,Turn on all tablelamps,example_task76,0.6107883453369141,Turn on all computers,0.5445488691329956,0.06623947620391846,1,1,6,3,kitchen,"[{""id"": 256, ""states"": [""OFF""]}, {""id"": 376, ""states"": [""OFF""]}, {""id"": 377, ""states"": [""OFF""]}]","[""[WALK] <tablelamp> (256)"", ""[SWITCHON] <tablelamp> (256)"", ""[WALK] <tablelamp> (376)"", ""[SWITCHON] <tablelamp> (376)"", ""[WALK] <tablelamp> (377)"", ""[SWITCHON] <tablelamp> (377)""]",False,True,True,False,test_task195,5,kitchen,"[{""id"": 103, ""states"": [""ON""]}, {""id"": 201, ""states"": [""ON""]}, {""id"": 249, ""states"": [""OFF""]}, {""id"": 366, ""states"": [""ON""]}]",2,"[""[WALK] <lightswitch> (249)"", ""[SWITCHON] <lightswitch> (249)""]"
state_change_task,Turn on all lightswitches,Turn on all tablelamps,example_task76,0.6107883453369141,Turn on all computers,0.5445488691329956,0.06623947620391846,1,1,6,3,kitchen,"[{""id"": 256, ""states"": [""OFF""]}, {""id"": 376, ""states"": [""OFF""]}, {""id"": 377, ""states"": [""OFF""]}]","[""[WALK] <tablelamp> (256)"", ""[SWITCHON] <tablelamp> (256)"", ""[WALK] <tablelamp> (376)"", ""[SWITCHON] <tablelamp> (376)"", ""[WALK] <tablelamp> (377)"", ""[SWITCHON] <tablelamp> (377)""]",False,True,True,False,test_task196,5,livingroom,"[{""id"": 103, ""states"": [""ON""]}, {""id"": 201, ""states"": [""ON""]}, {""id"": 249, ""states"": [""OFF""]}, {""id"": 366, ""states"": [""OFF""]}]",4,"[""[WALK] <lightswitch> (249)"", ""[SWITCHON] <lightswitch> (249)"", ""[WALK] <lightswitch> (366)"", ""[SWITCHON] <lightswitch> (366)""]"
state_change_task,Turn on all lightswitches,Turn on all tablelamps,example_task76,0.6107883453369141,Turn on all computers,0.5445488691329956,0.06623947620391846,1,1,6,3,kitchen,"[{""id"": 256, ""states"": [""OFF""]}, {""id"": 376, ""states"": [""OFF""]}, {""id"": 377, ""states"": [""OFF""]}]","[""[WALK] <tablelamp> (256)"", ""[SWITCHON] <tablelamp> (256)"", ""[WALK] <tablelamp> (376)"", ""[SWITCHON] <tablelamp> (376)"", ""[WALK] <tablelamp> (377)"", ""[SWITCHON] <tablelamp> (377)""]",False,True,True,False,test_task197,5,livingroom,"[{""id"": 103, ""states"": [""ON""]}, {""id"": 201, ""states"": [""OFF""]}, {""id"": 249, ""states"": [""ON""]}, {""id"": 366, ""states"": [""ON""]}]",2,"[""[WALK] <lightswitch> (201)"", ""[SWITCHON] <lightswitch> (201)""]"
state_change_task,Turn on all lightswitches,Turn on all tablelamps,example_task76,0.6107883453369141,Turn on all computers,0.5445488691329956,0.06623947620391846,1,1,6,3,kitchen,"[{""id"": 256, ""states"": [""OFF""]}, {""id"": 376, ""states"": [""OFF""]}, {""id"": 377, ""states"": [""OFF""]}]","[""[WALK] <tablelamp> (256)"", ""[SWITCHON] <tablelamp> (256)"", ""[WALK] <tablelamp> (376)"", ""[SWITCHON] <tablelamp> (376)"", ""[WALK] <tablelamp> (377)"", ""[SWITCHON] <tablelamp> (377)""]",False,True,True,False,test_task198,5,livingroom,"[{""id"": 103, ""states"": [""ON""]}, {""id"": 201, ""states"": [""OFF""]}, {""id"": 249, ""states"": [""ON""]}, {""id"": 366, ""states"": [""OFF""]}]",4,"[""[WALK] <lightswitch> (201)"", ""[SWITCHON] <lightswitch> (201)"", ""[WALK] <lightswitch> (366)"", ""[SWITCHON] <lightswitch> (366)""]"
state_change_task,Turn on all lightswitches,Turn on all tablelamps,example_task76,0.6107883453369141,Turn on all computers,0.5445488691329956,0.06623947620391846,1,1,6,3,kitchen,"[{""id"": 256, ""states"": [""OFF""]}, {""id"": 376, ""states"": [""OFF""]}, {""id"": 377, ""states"": [""OFF""]}]","[""[WALK] <tablelamp> (256)"", ""[SWITCHON] <tablelamp> (256)"", ""[WALK] <tablelamp> (376)"", ""[SWITCHON] <tablelamp> (376)"", ""[WALK] <tablelamp> (377)"", ""[SWITCHON] <tablelamp> (377)""]",False,True,True,False,test_task199,5,bedroom,"[{""id"": 103, ""states"": [""ON""]}, {""id"": 201, ""states"": [""OFF""]}, {""id"": 249, ""states"": [""OFF""]}, {""id"": 366, ""states"": [""ON""]}]",4,"[""[WALK] <lightswitch> (201)"", ""[SWITCHON] <lightswitch> (201)"", ""[WALK] <lightswitch> (249)"", ""[SWITCHON] <lightswitch> (249)""]"
state_change_task,Turn on all lightswitches,Turn on all tablelamps,example_task76,0.6107883453369141,Turn on all computers,0.5445488691329956,0.06623947620391846,1,1,6,3,kitchen,"[{""id"": 256, ""states"": [""OFF""]}, {""id"": 376, ""states"": [""OFF""]}, {""id"": 377, ""states"": [""OFF""]}]","[""[WALK] <tablelamp> (256)"", ""[SWITCHON] <tablelamp> (256)"", ""[WALK] <tablelamp> (376)"", ""[SWITCHON] <tablelamp> (376)"", ""[WALK] <tablelamp> (377)"", ""[SWITCHON] <tablelamp> (377)""]",False,True,True,False,test_task200,5,bathroom,"[{""id"": 103, ""states"": [""ON""]}, {""id"": 201, ""states"": [""OFF""]}, {""id"": 249, ""states"": [""OFF""]}, {""id"": 366, ""states"": [""OFF""]}]",6,"[""[WALK] <lightswitch> (201)"", ""[SWITCHON] <lightswitch> (201)"", ""[WALK] <lightswitch> (249)"", ""[SWITCHON] <lightswitch> (249)"", ""[WALK] <lightswitch> (366)"", ""[SWITCHON] <lightswitch> (366)""]"
state_change_task,Turn on all lightswitches,Turn on all tablelamps,example_task76,0.6107883453369141,Turn on all computers,0.5445488691329956,0.06623947620391846,1,1,6,3,kitchen,"[{""id"": 256, ""states"": [""OFF""]}, {""id"": 376, ""states"": [""OFF""]}, {""id"": 377, ""states"": [""OFF""]}]","[""[WALK] <tablelamp> (256)"", ""[SWITCHON] <tablelamp> (256)"", ""[WALK] <tablelamp> (376)"", ""[SWITCHON] <tablelamp> (376)"", ""[WALK] <tablelamp> (377)"", ""[SWITCHON] <tablelamp> (377)""]",False,True,True,False,test_task201,5,bedroom,"[{""id"": 103, ""states"": [""OFF""]}, {""id"": 201, ""states"": [""ON""]}, {""id"": 249, ""states"": [""ON""]}, {""id"": 366, ""states"": [""ON""]}]",2,"[""[WALK] <lightswitch> (103)"", ""[SWITCHON] <lightswitch> (103)""]"
state_change_task,Turn on all lightswitches,Turn on all tablelamps,example_task76,0.6107883453369141,Turn on all computers,0.5445488691329956,0.06623947620391846,1,1,6,3,kitchen,"[{""id"": 256, ""states"": [""OFF""]}, {""id"": 376, ""states"": [""OFF""]}, {""id"": 377, ""states"": [""OFF""]}]","[""[WALK] <tablelamp> (256)"", ""[SWITCHON] <tablelamp> (256)"", ""[WALK] <tablelamp> (376)"", ""[SWITCHON] <tablelamp> (376)"", ""[WALK] <tablelamp> (377)"", ""[SWITCHON] <tablelamp> (377)""]",False,True,True,False,test_task202,5,bathroom,"[{""id"": 103, ""states"": [""OFF""]}, {""id"": 201, ""states"": [""ON""]}, {""id"": 249, ""states"": [""ON""]}, {""id"": 366, ""states"": [""OFF""]}]",4,"[""[WALK] <lightswitch> (103)"", ""[SWITCHON] <lightswitch> (103)"", ""[WALK] <lightswitch> (366)"", ""[SWITCHON] <lightswitch> (366)""]"
state_change_task,Turn on all lightswitches,Turn on all tablelamps,example_task76,0.6107883453369141,Turn on all computers,0.5445488691329956,0.06623947620391846,1,1,6,3,kitchen,"[{""id"": 256, ""states"": [""OFF""]}, {""id"": 376, ""states"": [""OFF""]}, {""id"": 377, ""states"": [""OFF""]}]","[""[WALK] <tablelamp> (256)"", ""[SWITCHON] <tablelamp> (256)"", ""[WALK] <tablelamp> (376)"", ""[SWITCHON] <tablelamp> (376)"", ""[WALK] <tablelamp> (377)"", ""[SWITCHON] <tablelamp> (377)""]",False,True,True,False,test_task203,5,kitchen,"[{""id"": 103, ""states"": [""OFF""]}, {""id"": 201, ""states"": [""ON""]}, {""id"": 249, ""states"": [""OFF""]}, {""id"": 366, ""states"": [""ON""]}]",4,"[""[WALK] <lightswitch> (103)"", ""[SWITCHON] <lightswitch> (103)"", ""[WALK] <lightswitch> (249)"", ""[SWITCHON] <lightswitch> (249)""]"
state_change_task,Turn on all lightswitches,Turn on all tablelamps,example_task76,0.6107883453369141,Turn on all computers,0.5445488691329956,0.06623947620391846,1,1,6,3,kitchen,"[{""id"": 256, ""states"": [""OFF""]}, {""id"": 376, ""states"": [""OFF""]}, {""id"": 377, ""states"": [""OFF""]}]","[""[WALK] <tablelamp> (256)"", ""[SWITCHON] <tablelamp> (256)"", ""[WALK] <tablelamp> (376)"", ""[SWITCHON] <tablelamp> (376)"", ""[WALK] <tablelamp> (377)"", ""[SWITCHON] <tablelamp> (377)""]",False,True,True,False,test_task204,5,bedroom,"[{""id"": 103, ""states"": [""OFF""]}, {""id"": 201, ""states"": [""ON""]}, {""id"": 249, ""states"": [""OFF""]}, {""id"": 366, ""states"": [""OFF""]}]",6,"[""[WALK] <lightswitch> (103)"", ""[SWITCHON] <lightswitch> (103)"", ""[WALK] <lightswitch> (249)"", ""[SWITCHON] <lightswitch> (249)"", ""[WALK] <lightswitch> (366)"", ""[SWITCHON] <lightswitch> (366)""]"
state_change_task,Turn on all lightswitches,Turn on all tablelamps,example_task76,0.6107883453369141,Turn on all computers,0.5445488691329956,0.06623947620391846,1,1,6,3,kitchen,"[{""id"": 256, ""states"": [""OFF""]}, {""id"": 376, ""states"": [""OFF""]}, {""id"": 377, ""states"": [""OFF""]}]","[""[WALK] <tablelamp> (256)"", ""[SWITCHON] <tablelamp> (256)"", ""[WALK] <tablelamp> (376)"", ""[SWITCHON] <tablelamp> (376)"", ""[WALK] <tablelamp> (377)"", ""[SWITCHON] <tablelamp> (377)""]",False,True,True,False,test_task205,5,livingroom,"[{""id"": 103, ""states"": [""OFF""]}, {""id"": 201, ""states"": [""OFF""]}, {""id"": 249, ""states"": [""ON""]}, {""id"": 366, ""states"": [""ON""]}]",4,"[""[WALK] <lightswitch> (103)"", ""[SWITCHON] <lightswitch> (103)"", ""[WALK] <lightswitch> (201)"", ""[SWITCHON] <lightswitch> (201)""]"
state_change_task,Turn on all lightswitches,Turn on all tablelamps,example_task76,0.6107883453369141,Turn on all computers,0.5445488691329956,0.06623947620391846,1,1,6,3,kitchen,"[{""id"": 256, ""states"": [""OFF""]}, {""id"": 376, ""states"": [""OFF""]}, {""id"": 377, ""states"": [""OFF""]}]","[""[WALK] <tablelamp> (256)"", ""[SWITCHON] <tablelamp> (256)"", ""[WALK] <tablelamp> (376)"", ""[SWITCHON] <tablelamp> (376)"", ""[WALK] <tablelamp> (377)"", ""[SWITCHON] <tablelamp> (377)""]",False,True,True,False,test_task206,5,kitchen,"[{""id"": 103, ""states"": [""OFF""]}, {""id"": 201, ""states"": [""OFF""]}, {""id"": 249, ""states"": [""ON""]}, {""id"": 366, ""states"": [""OFF""]}]",6,"[""[WALK] <lightswitch> (103)"", ""[SWITCHON] <lightswitch> (103)"", ""[WALK] <lightswitch> (201)"", ""[SWITCHON] <lightswitch> (201)"", ""[WALK] <lightswitch> (366)"", ""[SWITCHON] <lightswitch> (366)""]"
state_change_task,Turn on all lightswitches,Turn on all tablelamps,example_task76,0.6107883453369141,Turn on all computers,0.5445488691329956,0.06623947620391846,1,1,6,3,kitchen,"[{""id"": 256, ""states"": [""OFF""]}, {""id"": 376, ""states"": [""OFF""]}, {""id"": 377, ""states"": [""OFF""]}]","[""[WALK] <tablelamp> (256)"", ""[SWITCHON] <tablelamp> (256)"", ""[WALK] <tablelamp> (376)"", ""[SWITCHON] <tablelamp> (376)"", ""[WALK] <tablelamp> (377)"", ""[SWITCHON] <tablelamp> (377)""]",False,True,True,False,test_task207,5,kitchen,"[{""id"": 103, ""states"": [""OFF""]}, {""id"": 201, ""states"": [""OFF""]}, {""id"": 249, ""states"": [""OFF""]}, {""id"": 366, ""states"": [""ON""]}]",6,"[""[WALK] <lightswitch> (103)"", ""[SWITCHON] <lightswitch> (103)"", ""[WALK] <lightswitch> (201)"", ""[SWITCHON] <lightswitch> (201)"", ""[WALK] <lightswitch> (249)"", ""[SWITCHON] <lightswitch> (249)""]"
state_change_task,Turn on all lightswitches,Turn on all tablelamps,example_task76,0.6107883453369141,Turn on all computers,0.5445488691329956,0.06623947620391846,1,1,6,3,kitchen,"[{""id"": 256, ""states"": [""OFF""]}, {""id"": 376, ""states"": [""OFF""]}, {""id"": 377, ""states"": [""OFF""]}]","[""[WALK] <tablelamp> (256)"", ""[SWITCHON] <tablelamp> (256)"", ""[WALK] <tablelamp> (376)"", ""[SWITCHON] <tablelamp> (376)"", ""[WALK] <tablelamp> (377)"", ""[SWITCHON] <tablelamp> (377)""]",False,True,True,False,test_task208,5,bedroom,"[{""id"": 103, ""states"": [""OFF""]}, {""id"": 201, ""states"": [""OFF""]}, {""id"": 249, ""states"": [""OFF""]}, {""id"": 366, ""states"": [""OFF""]}]",8,"[""[WALK] <lightswitch> (103)"", ""[SWITCHON] <lightswitch> (103)"", ""[WALK] <lightswitch> (201)"", ""[SWITCHON] <lightswitch> (201)"", ""[WALK] <lightswitch> (249)"", ""[SWITCHON] <lightswitch> (249)"", ""[WALK] <lightswitch> (366)"", ""[SWITCHON] <lightswitch> (366)""]"
state_change_task,Turn on all tvs,Turn on all computers,example_task12,0.6019070744514465,Turn on all faucets,0.48697182536125183,0.1149352490901947,1,1,4,1,livingroom,"[{""id"": 174, ""states"": [""OFF""]}, {""id"": 433, ""states"": [""OFF""]}]","[""[WALK] <computer> (174)"", ""[SWITCHON] <computer> (174)"", ""[WALK] <computer> (433)"", ""[SWITCHON] <computer> (433)""]",False,True,True,False,test_task209,5,bedroom,"[{""id"": 108, ""states"": [""ON""]}, {""id"": 200, ""states"": [""ON""]}]",0,[]
state_change_task,Turn on all tvs,Turn on all computers,example_task12,0.6019070744514465,Turn on all faucets,0.48697182536125183,0.1149352490901947,1,1,4,1,livingroom,"[{""id"": 174, ""states"": [""OFF""]}, {""id"": 433, ""states"": [""OFF""]}]","[""[WALK] <computer> (174)"", ""[SWITCHON] <computer> (174)"", ""[WALK] <computer> (433)"", ""[SWITCHON] <computer> (433)""]",False,True,True,False,test_task210,5,livingroom,"[{""id"": 108, ""states"": [""ON""]}, {""id"": 200, ""states"": [""OFF""]}]",2,"[""[WALK] <tv> (200)"", ""[SWITCHON] <tv> (200)""]"
state_change_task,Turn on all tvs,Turn on all computers,example_task12,0.6019070744514465,Turn on all faucets,0.48697182536125183,0.1149352490901947,1,1,4,1,livingroom,"[{""id"": 174, ""states"": [""OFF""]}, {""id"": 433, ""states"": [""OFF""]}]","[""[WALK] <computer> (174)"", ""[SWITCHON] <computer> (174)"", ""[WALK] <computer> (433)"", ""[SWITCHON] <computer> (433)""]",False,True,True,False,test_task211,5,bathroom,"[{""id"": 108, ""states"": [""OFF""]}, {""id"": 200, ""states"": [""ON""]}]",2,"[""[WALK] <tv> (108)"", ""[SWITCHON] <tv> (108)""]"
state_change_task,Turn on all tvs,Turn on all computers,example_task12,0.6019070744514465,Turn on all faucets,0.48697182536125183,0.1149352490901947,1,1,4,1,livingroom,"[{""id"": 174, ""states"": [""OFF""]}, {""id"": 433, ""states"": [""OFF""]}]","[""[WALK] <computer> (174)"", ""[SWITCHON] <computer> (174)"", ""[WALK] <computer> (433)"", ""[SWITCHON] <computer> (433)""]",False,True,True,False,test_task212,5,bathroom,"[{""id"": 108, ""states"": [""OFF""]}, {""id"": 200, ""states"": [""OFF""]}]",4,"[""[WALK] <tv> (108)"", ""[SWITCHON] <tv> (108)"", ""[WALK] <tv> (200)"", ""[SWITCHON] <tv> (200)""]"
state_change_task,Turn off all tablelamps,Turn on all tablelamps,example_task76,0.9095948934555054,Turn off all candles,0.4964370131492615,0.4131578803062439,1,1,6,3,kitchen,"[{""id"": 256, ""states"": [""OFF""]}, {""id"": 376, ""states"": [""OFF""]}, {""id"": 377, ""states"": [""OFF""]}]","[""[WALK] <tablelamp> (256)"", ""[SWITCHON] <tablelamp> (256)"", ""[WALK] <tablelamp> (376)"", ""[SWITCHON] <tablelamp> (376)"", ""[WALK] <tablelamp> (377)"", ""[SWITCHON] <tablelamp> (377)""]",True,False,True,False,test_task213,5,kitchen,"[{""id"": 78, ""states"": [""ON""]}, {""id"": 229, ""states"": [""ON""]}]",4,"[""[WALK] <tablelamp> (78)"", ""[SWITCHOFF] <tablelamp> (78)"", ""[WALK] <tablelamp> (229)"", ""[SWITCHOFF] <tablelamp> (229)""]"
state_change_task,Turn off all tablelamps,Turn on all tablelamps,example_task76,0.9095948934555054,Turn off all candles,0.4964370131492615,0.4131578803062439,1,1,6,3,kitchen,"[{""id"": 256, ""states"": [""OFF""]}, {""id"": 376, ""states"": [""OFF""]}, {""id"": 377, ""states"": [""OFF""]}]","[""[WALK] <tablelamp> (256)"", ""[SWITCHON] <tablelamp> (256)"", ""[WALK] <tablelamp> (376)"", ""[SWITCHON] <tablelamp> (376)"", ""[WALK] <tablelamp> (377)"", ""[SWITCHON] <tablelamp> (377)""]",True,False,True,False,test_task214,5,kitchen,"[{""id"": 78, ""states"": [""ON""]}, {""id"": 229, ""states"": [""OFF""]}]",2,"[""[WALK] <tablelamp> (78)"", ""[SWITCHOFF] <tablelamp> (78)""]"
state_change_task,Turn off all tablelamps,Turn on all tablelamps,example_task76,0.9095948934555054,Turn off all candles,0.4964370131492615,0.4131578803062439,1,1,6,3,kitchen,"[{""id"": 256, ""states"": [""OFF""]}, {""id"": 376, ""states"": [""OFF""]}, {""id"": 377, ""states"": [""OFF""]}]","[""[WALK] <tablelamp> (256)"", ""[SWITCHON] <tablelamp> (256)"", ""[WALK] <tablelamp> (376)"", ""[SWITCHON] <tablelamp> (376)"", ""[WALK] <tablelamp> (377)"", ""[SWITCHON] <tablelamp> (377)""]",True,False,True,False,test_task215,5,kitchen,"[{""id"": 78, ""states"": [""OFF""]}, {""id"": 229, ""states"": [""ON""]}]",2,"[""[WALK] <tablelamp> (229)"", ""[SWITCHOFF] <tablelamp> (229)""]"
state_change_task,Turn off all tablelamps,Turn on all tablelamps,example_task76,0.9095948934555054,Turn off all candles,0.4964370131492615,0.4131578803062439,1,1,6,3,kitchen,"[{""id"": 256, ""states"": [""OFF""]}, {""id"": 376, ""states"": [""OFF""]}, {""id"": 377, ""states"": [""OFF""]}]","[""[WALK] <tablelamp> (256)"", ""[SWITCHON] <tablelamp> (256)"", ""[WALK] <tablelamp> (376)"", ""[SWITCHON] <tablelamp> (376)"", ""[WALK] <tablelamp> (377)"", ""[SWITCHON] <tablelamp> (377)""]",True,False,True,False,test_task216,5,kitchen,"[{""id"": 78, ""states"": [""OFF""]}, {""id"": 229, ""states"": [""OFF""]}]",0,[]
state_change_task,Turn off all lightswitches,Turn off all candles,example_task81,0.5849753618240356,Turn on all tablelamps,0.5638211965560913,0.021154165267944336,1,1,6,3,kitchen,"[{""id"": 124, ""states"": [""ON""]}, {""id"": 216, ""states"": [""ON""]}, {""id"": 314, ""states"": [""ON""]}]","[""[WALK] <candle> (124)"", ""[SWITCHOFF] <candle> (124)"", ""[WALK] <candle> (216)"", ""[SWITCHOFF] <candle> (216)"", ""[WALK] <candle> (314)"", ""[SWITCHOFF] <candle> (314)""]",False,True,True,False,test_task217,5,bedroom,"[{""id"": 103, ""states"": [""ON""]}, {""id"": 201, ""states"": [""ON""]}, {""id"": 249, ""states"": [""ON""]}, {""id"": 366, ""states"": [""ON""]}]",8,"[""[WALK] <lightswitch> (103)"", ""[SWITCHOFF] <lightswitch> (103)"", ""[WALK] <lightswitch> (201)"", ""[SWITCHOFF] <lightswitch> (201)"", ""[WALK] <lightswitch> (249)"", ""[SWITCHOFF] <lightswitch> (249)"", ""[WALK] <lightswitch> (366)"", ""[SWITCHOFF] <lightswitch> (366)""]"
state_change_task,Turn off all lightswitches,Turn off all candles,example_task81,0.5849753618240356,Turn on all tablelamps,0.5638211965560913,0.021154165267944336,1,1,6,3,kitchen,"[{""id"": 124, ""states"": [""ON""]}, {""id"": 216, ""states"": [""ON""]}, {""id"": 314, ""states"": [""ON""]}]","[""[WALK] <candle> (124)"", ""[SWITCHOFF] <candle> (124)"", ""[WALK] <candle> (216)"", ""[SWITCHOFF] <candle> (216)"", ""[WALK] <candle> (314)"", ""[SWITCHOFF] <candle> (314)""]",False,True,True,False,test_task218,5,kitchen,"[{""id"": 103, ""states"": [""ON""]}, {""id"": 201, ""states"": [""ON""]}, {""id"": 249, ""states"": [""ON""]}, {""id"": 366, ""states"": [""OFF""]}]",6,"[""[WALK] <lightswitch> (103)"", ""[SWITCHOFF] <lightswitch> (103)"", ""[WALK] <lightswitch> (201)"", ""[SWITCHOFF] <lightswitch> (201)"", ""[WALK] <lightswitch> (249)"", ""[SWITCHOFF] <lightswitch> (249)""]"
state_change_task,Turn off all lightswitches,Turn off all candles,example_task81,0.5849753618240356,Turn on all tablelamps,0.5638211965560913,0.021154165267944336,1,1,6,3,kitchen,"[{""id"": 124, ""states"": [""ON""]}, {""id"": 216, ""states"": [""ON""]}, {""id"": 314, ""states"": [""ON""]}]","[""[WALK] <candle> (124)"", ""[SWITCHOFF] <candle> (124)"", ""[WALK] <candle> (216)"", ""[SWITCHOFF] <candle> (216)"", ""[WALK] <candle> (314)"", ""[SWITCHOFF] <candle> (314)""]",False,True,True,False,test_task219,5,kitchen,"[{""id"": 103, ""states"": [""ON""]}, {""id"": 201, ""states"": [""ON""]}, {""id"": 249, ""states"": [""OFF""]}, {""id"": 366, ""states"": [""ON""]}]",6,"[""[WALK] <lightswitch> (103)"", ""[SWITCHOFF] <lightswitch> (103)"", ""[WALK] <lightswitch> (201)"", ""[SWITCHOFF] <lightswitch> (201)"", ""[WALK] <lightswitch> (366)"", ""[SWITCHOFF] <lightswitch> (366)""]"
state_change_task,Turn off all lightswitches,Turn off all candles,example_task81,0.5849753618240356,Turn on all tablelamps,0.5638211965560913,0.021154165267944336,1,1,6,3,kitchen,"[{""id"": 124, ""states"": [""ON""]}, {""id"": 216, ""states"": [""ON""]}, {""id"": 314, ""states"": [""ON""]}]","[""[WALK] <candle> (124)"", ""[SWITCHOFF] <candle> (124)"", ""[WALK] <candle> (216)"", ""[SWITCHOFF] <candle> (216)"", ""[WALK] <candle> (314)"", ""[SWITCHOFF] <candle> (314)""]",False,True,True,False,test_task220,5,bathroom,"[{""id"": 103, ""states"": [""ON""]}, {""id"": 201, ""states"": [""ON""]}, {""id"": 249, ""states"": [""OFF""]}, {""id"": 366, ""states"": [""OFF""]}]",4,"[""[WALK] <lightswitch> (103)"", ""[SWITCHOFF] <lightswitch> (103)"", ""[WALK] <lightswitch> (201)"", ""[SWITCHOFF] <lightswitch> (201)""]"
state_change_task,Turn off all lightswitches,Turn off all candles,example_task81,0.5849753618240356,Turn on all tablelamps,0.5638211965560913,0.021154165267944336,1,1,6,3,kitchen,"[{""id"": 124, ""states"": [""ON""]}, {""id"": 216, ""states"": [""ON""]}, {""id"": 314, ""states"": [""ON""]}]","[""[WALK] <candle> (124)"", ""[SWITCHOFF] <candle> (124)"", ""[WALK] <candle> (216)"", ""[SWITCHOFF] <candle> (216)"", ""[WALK] <candle> (314)"", ""[SWITCHOFF] <candle> (314)""]",False,True,True,False,test_task221,5,bathroom,"[{""id"": 103, ""states"": [""ON""]}, {""id"": 201, ""states"": [""OFF""]}, {""id"": 249, ""states"": [""ON""]}, {""id"": 366, ""states"": [""ON""]}]",6,"[""[WALK] <lightswitch> (103)"", ""[SWITCHOFF] <lightswitch> (103)"", ""[WALK] <lightswitch> (249)"", ""[SWITCHOFF] <lightswitch> (249)"", ""[WALK] <lightswitch> (366)"", ""[SWITCHOFF] <lightswitch> (366)""]"
state_change_task,Turn off all lightswitches,Turn off all candles,example_task81,0.5849753618240356,Turn on all tablelamps,0.5638211965560913,0.021154165267944336,1,1,6,3,kitchen,"[{""id"": 124, ""states"": [""ON""]}, {""id"": 216, ""states"": [""ON""]}, {""id"": 314, ""states"": [""ON""]}]","[""[WALK] <candle> (124)"", ""[SWITCHOFF] <candle> (124)"", ""[WALK] <candle> (216)"", ""[SWITCHOFF] <candle> (216)"", ""[WALK] <candle> (314)"", ""[SWITCHOFF] <candle> (314)""]",False,True,True,False,test_task222,5,livingroom,"[{""id"": 103, ""states"": [""ON""]}, {""id"": 201, ""states"": [""OFF""]}, {""id"": 249, ""states"": [""ON""]}, {""id"": 366, ""states"": [""OFF""]}]",4,"[""[WALK] <lightswitch> (103)"", ""[SWITCHOFF] <lightswitch> (103)"", ""[WALK] <lightswitch> (249)"", ""[SWITCHOFF] <lightswitch> (249)""]"
state_change_task,Turn off all lightswitches,Turn off all candles,example_task81,0.5849753618240356,Turn on all tablelamps,0.5638211965560913,0.021154165267944336,1,1,6,3,kitchen,"[{""id"": 124, ""states"": [""ON""]}, {""id"": 216, ""states"": [""ON""]}, {""id"": 314, ""states"": [""ON""]}]","[""[WALK] <candle> (124)"", ""[SWITCHOFF] <candle> (124)"", ""[WALK] <candle> (216)"", ""[SWITCHOFF] <candle> (216)"", ""[WALK] <candle> (314)"", ""[SWITCHOFF] <candle> (314)""]",False,True,True,False,test_task223,5,kitchen,"[{""id"": 103, ""states"": [""ON""]}, {""id"": 201, ""states"": [""OFF""]}, {""id"": 249, ""states"": [""OFF""]}, {""id"": 366, ""states"": [""ON""]}]",4,"[""[WALK] <lightswitch> (103)"", ""[SWITCHOFF] <lightswitch> (103)"", ""[WALK] <lightswitch> (366)"", ""[SWITCHOFF] <lightswitch> (366)""]"
state_change_task,Turn off all lightswitches,Turn off all candles,example_task81,0.5849753618240356,Turn on all tablelamps,0.5638211965560913,0.021154165267944336,1,1,6,3,kitchen,"[{""id"": 124, ""states"": [""ON""]}, {""id"": 216, ""states"": [""ON""]}, {""id"": 314, ""states"": [""ON""]}]","[""[WALK] <candle> (124)"", ""[SWITCHOFF] <candle> (124)"", ""[WALK] <candle> (216)"", ""[SWITCHOFF] <candle> (216)"", ""[WALK] <candle> (314)"", ""[SWITCHOFF] <candle> (314)""]",False,True,True,False,test_task224,5,livingroom,"[{""id"": 103, ""states"": [""ON""]}, {""id"": 201, ""states"": [""OFF""]}, {""id"": 249, ""states"": [""OFF""]}, {""id"": 366, ""states"": [""OFF""]}]",2,"[""[WALK] <lightswitch> (103)"", ""[SWITCHOFF] <lightswitch> (103)""]"
state_change_task,Turn off all lightswitches,Turn off all candles,example_task81,0.5849753618240356,Turn on all tablelamps,0.5638211965560913,0.021154165267944336,1,1,6,3,kitchen,"[{""id"": 124, ""states"": [""ON""]}, {""id"": 216, ""states"": [""ON""]}, {""id"": 314, ""states"": [""ON""]}]","[""[WALK] <candle> (124)"", ""[SWITCHOFF] <candle> (124)"", ""[WALK] <candle> (216)"", ""[SWITCHOFF] <candle> (216)"", ""[WALK] <candle> (314)"", ""[SWITCHOFF] <candle> (314)""]",False,True,True,False,test_task225,5,livingroom,"[{""id"": 103, ""states"": [""OFF""]}, {""id"": 201, ""states"": [""ON""]}, {""id"": 249, ""states"": [""ON""]}, {""id"": 366, ""states"": [""ON""]}]",6,"[""[WALK] <lightswitch> (201)"", ""[SWITCHOFF] <lightswitch> (201)"", ""[WALK] <lightswitch> (249)"", ""[SWITCHOFF] <lightswitch> (249)"", ""[WALK] <lightswitch> (366)"", ""[SWITCHOFF] <lightswitch> (366)""]"
state_change_task,Turn off all lightswitches,Turn off all candles,example_task81,0.5849753618240356,Turn on all tablelamps,0.5638211965560913,0.021154165267944336,1,1,6,3,kitchen,"[{""id"": 124, ""states"": [""ON""]}, {""id"": 216, ""states"": [""ON""]}, {""id"": 314, ""states"": [""ON""]}]","[""[WALK] <candle> (124)"", ""[SWITCHOFF] <candle> (124)"", ""[WALK] <candle> (216)"", ""[SWITCHOFF] <candle> (216)"", ""[WALK] <candle> (314)"", ""[SWITCHOFF] <candle> (314)""]",False,True,True,False,test_task226,5,bathroom,"[{""id"": 103, ""states"": [""OFF""]}, {""id"": 201, ""states"": [""ON""]}, {""id"": 249, ""states"": [""ON""]}, {""id"": 366, ""states"": [""OFF""]}]",4,"[""[WALK] <lightswitch> (201)"", ""[SWITCHOFF] <lightswitch> (201)"", ""[WALK] <lightswitch> (249)"", ""[SWITCHOFF] <lightswitch> (249)""]"
state_change_task,Turn off all lightswitches,Turn off all candles,example_task81,0.5849753618240356,Turn on all tablelamps,0.5638211965560913,0.021154165267944336,1,1,6,3,kitchen,"[{""id"": 124, ""states"": [""ON""]}, {""id"": 216, ""states"": [""ON""]}, {""id"": 314, ""states"": [""ON""]}]","[""[WALK] <candle> (124)"", ""[SWITCHOFF] <candle> (124)"", ""[WALK] <candle> (216)"", ""[SWITCHOFF] <candle> (216)"", ""[WALK] <candle> (314)"", ""[SWITCHOFF] <candle> (314)""]",False,True,True,False,test_task227,5,livingroom,"[{""id"": 103, ""states"": [""OFF""]}, {""id"": 201, ""states"": [""ON""]}, {""id"": 249, ""states"": [""OFF""]}, {""id"": 366, ""states"": [""ON""]}]",4,"[""[WALK] <lightswitch> (201)"", ""[SWITCHOFF] <lightswitch> (201)"", ""[WALK] <lightswitch> (366)"", ""[SWITCHOFF] <lightswitch> (366)""]"
state_change_task,Turn off all lightswitches,Turn off all candles,example_task81,0.5849753618240356,Turn on all tablelamps,0.5638211965560913,0.021154165267944336,1,1,6,3,kitchen,"[{""id"": 124, ""states"": [""ON""]}, {""id"": 216, ""states"": [""ON""]}, {""id"": 314, ""states"": [""ON""]}]","[""[WALK] <candle> (124)"", ""[SWITCHOFF] <candle> (124)"", ""[WALK] <candle> (216)"", ""[SWITCHOFF] <candle> (216)"", ""[WALK] <candle> (314)"", ""[SWITCHOFF] <candle> (314)""]",False,True,True,False,test_task228,5,bedroom,"[{""id"": 103, ""states"": [""OFF""]}, {""id"": 201, ""states"": [""ON""]}, {""id"": 249, ""states"": [""OFF""]}, {""id"": 366, ""states"": [""OFF""]}]",2,"[""[WALK] <lightswitch> (201)"", ""[SWITCHOFF] <lightswitch> (201)""]"
state_change_task,Turn off all lightswitches,Turn off all candles,example_task81,0.5849753618240356,Turn on all tablelamps,0.5638211965560913,0.021154165267944336,1,1,6,3,kitchen,"[{""id"": 124, ""states"": [""ON""]}, {""id"": 216, ""states"": [""ON""]}, {""id"": 314, ""states"": [""ON""]}]","[""[WALK] <candle> (124)"", ""[SWITCHOFF] <candle> (124)"", ""[WALK] <candle> (216)"", ""[SWITCHOFF] <candle> (216)"", ""[WALK] <candle> (314)"", ""[SWITCHOFF] <candle> (314)""]",False,True,True,False,test_task229,5,bathroom,"[{""id"": 103, ""states"": [""OFF""]}, {""id"": 201, ""states"": [""OFF""]}, {""id"": 249, ""states"": [""ON""]}, {""id"": 366, ""states"": [""ON""]}]",4,"[""[WALK] <lightswitch> (249)"", ""[SWITCHOFF] <lightswitch> (249)"", ""[WALK] <lightswitch> (366)"", ""[SWITCHOFF] <lightswitch> (366)""]"
state_change_task,Turn off all lightswitches,Turn off all candles,example_task81,0.5849753618240356,Turn on all tablelamps,0.5638211965560913,0.021154165267944336,1,1,6,3,kitchen,"[{""id"": 124, ""states"": [""ON""]}, {""id"": 216, ""states"": [""ON""]}, {""id"": 314, ""states"": [""ON""]}]","[""[WALK] <candle> (124)"", ""[SWITCHOFF] <candle> (124)"", ""[WALK] <candle> (216)"", ""[SWITCHOFF] <candle> (216)"", ""[WALK] <candle> (314)"", ""[SWITCHOFF] <candle> (314)""]",False,True,True,False,test_task230,5,kitchen,"[{""id"": 103, ""states"": [""OFF""]}, {""id"": 201, ""states"": [""OFF""]}, {""id"": 249, ""states"": [""ON""]}, {""id"": 366, ""states"": [""OFF""]}]",2,"[""[WALK] <lightswitch> (249)"", ""[SWITCHOFF] <lightswitch> (249)""]"
state_change_task,Turn off all lightswitches,Turn off all candles,example_task81,0.5849753618240356,Turn on all tablelamps,0.5638211965560913,0.021154165267944336,1,1,6,3,kitchen,"[{""id"": 124, ""states"": [""ON""]}, {""id"": 216, ""states"": [""ON""]}, {""id"": 314, ""states"": [""ON""]}]","[""[WALK] <candle> (124)"", ""[SWITCHOFF] <candle> (124)"", ""[WALK] <candle> (216)"", ""[SWITCHOFF] <candle> (216)"", ""[WALK] <candle> (314)"", ""[SWITCHOFF] <candle> (314)""]",False,True,True,False,test_task231,5,kitchen,"[{""id"": 103, ""states"": [""OFF""]}, {""id"": 201, ""states"": [""OFF""]}, {""id"": 249, ""states"": [""OFF""]}, {""id"": 366, ""states"": [""ON""]}]",2,"[""[WALK] <lightswitch> (366)"", ""[SWITCHOFF] <lightswitch> (366)""]"
state_change_task,Turn off all lightswitches,Turn off all candles,example_task81,0.5849753618240356,Turn on all tablelamps,0.5638211965560913,0.021154165267944336,1,1,6,3,kitchen,"[{""id"": 124, ""states"": [""ON""]}, {""id"": 216, ""states"": [""ON""]}, {""id"": 314, ""states"": [""ON""]}]","[""[WALK] <candle> (124)"", ""[SWITCHOFF] <candle> (124)"", ""[WALK] <candle> (216)"", ""[SWITCHOFF] <candle> (216)"", ""[WALK] <candle> (314)"", ""[SWITCHOFF] <candle> (314)""]",False,True,True,False,test_task232,5,livingroom,"[{""id"": 103, ""states"": [""OFF""]}, {""id"": 201, ""states"": [""OFF""]}, {""id"": 249, ""states"": [""OFF""]}, {""id"": 366, ""states"": [""OFF""]}]",0,[]
state_change_task,Turn off all tvs,Turn off all cellphones,example_task21,0.4994624853134155,Turn on all computers,0.49108827114105225,0.008374214172363281,1,1,8,1,bathroom,"[{""id"": 188, ""states"": [""ON""]}, {""id"": 202, ""states"": [""ON""]}, {""id"": 448, ""states"": [""ON""]}, {""id"": 449, ""states"": [""ON""]}]","[""[WALK] <cellphone> (188)"", ""[SWITCHOFF] <cellphone> (188)"", ""[WALK] <cellphone> (202)"", ""[SWITCHOFF] <cellphone> (202)"", ""[WALK] <cellphone> (448)"", ""[SWITCHOFF] <cellphone> (448)"", ""[WALK] <cellphone> (449)"", ""[SWITCHOFF] <cellphone> (449)""]",False,True,True,False,test_task233,5,bedroom,"[{""id"": 108, ""states"": [""ON""]}, {""id"": 200, ""states"": [""ON""]}]",4,"[""[WALK] <tv> (108)"", ""[SWITCHOFF] <tv> (108)"", ""[WALK] <tv> (200)"", ""[SWITCHOFF] <tv> (200)""]"
state_change_task,Turn off all tvs,Turn off all cellphones,example_task21,0.4994624853134155,Turn on all computers,0.49108827114105225,0.008374214172363281,1,1,8,1,bathroom,"[{""id"": 188, ""states"": [""ON""]}, {""id"": 202, ""states"": [""ON""]}, {""id"": 448, ""states"": [""ON""]}, {""id"": 449, ""states"": [""ON""]}]","[""[WALK] <cellphone> (188)"", ""[SWITCHOFF] <cellphone> (188)"", ""[WALK] <cellphone> (202)"", ""[SWITCHOFF] <cellphone> (202)"", ""[WALK] <cellphone> (448)"", ""[SWITCHOFF] <cellphone> (448)"", ""[WALK] <cellphone> (449)"", ""[SWITCHOFF] <cellphone> (449)""]",False,True,True,False,test_task234,5,kitchen,"[{""id"": 108, ""states"": [""ON""]}, {""id"": 200, ""states"": [""OFF""]}]",2,"[""[WALK] <tv> (108)"", ""[SWITCHOFF] <tv> (108)""]"
state_change_task,Turn off all tvs,Turn off all cellphones,example_task21,0.4994624853134155,Turn on all computers,0.49108827114105225,0.008374214172363281,1,1,8,1,bathroom,"[{""id"": 188, ""states"": [""ON""]}, {""id"": 202, ""states"": [""ON""]}, {""id"": 448, ""states"": [""ON""]}, {""id"": 449, ""states"": [""ON""]}]","[""[WALK] <cellphone> (188)"", ""[SWITCHOFF] <cellphone> (188)"", ""[WALK] <cellphone> (202)"", ""[SWITCHOFF] <cellphone> (202)"", ""[WALK] <cellphone> (448)"", ""[SWITCHOFF] <cellphone> (448)"", ""[WALK] <cellphone> (449)"", ""[SWITCHOFF] <cellphone> (449)""]",False,True,True,False,test_task235,5,bedroom,"[{""id"": 108, ""states"": [""OFF""]}, {""id"": 200, ""states"": [""ON""]}]",2,"[""[WALK] <tv> (200)"", ""[SWITCHOFF] <tv> (200)""]"
state_change_task,Turn off all tvs,Turn off all cellphones,example_task21,0.4994624853134155,Turn on all computers,0.49108827114105225,0.008374214172363281,1,1,8,1,bathroom,"[{""id"": 188, ""states"": [""ON""]}, {""id"": 202, ""states"": [""ON""]}, {""id"": 448, ""states"": [""ON""]}, {""id"": 449, ""states"": [""ON""]}]","[""[WALK] <cellphone> (188)"", ""[SWITCHOFF] <cellphone> (188)"", ""[WALK] <cellphone> (202)"", ""[SWITCHOFF] <cellphone> (202)"", ""[WALK] <cellphone> (448)"", ""[SWITCHOFF] <cellphone> (448)"", ""[WALK] <cellphone> (449)"", ""[SWITCHOFF] <cellphone> (449)""]",False,True,True,False,test_task236,5,kitchen,"[{""id"": 108, ""states"": [""OFF""]}, {""id"": 200, ""states"": [""OFF""]}]",0,[]
state_change_task,Turn on all lightswitches,Turn on all tablelamps,example_task76,0.6107883453369141,Turn on all computers,0.5445488691329956,0.06623947620391846,1,1,6,3,kitchen,"[{""id"": 256, ""states"": [""OFF""]}, {""id"": 376, ""states"": [""OFF""]}, {""id"": 377, ""states"": [""OFF""]}]","[""[WALK] <tablelamp> (256)"", ""[SWITCHON] <tablelamp> (256)"", ""[WALK] <tablelamp> (376)"", ""[SWITCHON] <tablelamp> (376)"", ""[WALK] <tablelamp> (377)"", ""[SWITCHON] <tablelamp> (377)""]",False,True,True,False,test_task237,6,kitchen,"[{""id"": 67, ""states"": [""ON""]}, {""id"": 110, ""states"": [""ON""]}, {""id"": 205, ""states"": [""ON""]}, {""id"": 315, ""states"": [""ON""]}]",0,[]
state_change_task,Turn on all lightswitches,Turn on all tablelamps,example_task76,0.6107883453369141,Turn on all computers,0.5445488691329956,0.06623947620391846,1,1,6,3,kitchen,"[{""id"": 256, ""states"": [""OFF""]}, {""id"": 376, ""states"": [""OFF""]}, {""id"": 377, ""states"": [""OFF""]}]","[""[WALK] <tablelamp> (256)"", ""[SWITCHON] <tablelamp> (256)"", ""[WALK] <tablelamp> (376)"", ""[SWITCHON] <tablelamp> (376)"", ""[WALK] <tablelamp> (377)"", ""[SWITCHON] <tablelamp> (377)""]",False,True,True,False,test_task238,6,livingroom,"[{""id"": 67, ""states"": [""ON""]}, {""id"": 110, ""states"": [""ON""]}, {""id"": 205, ""states"": [""ON""]}, {""id"": 315, ""states"": [""OFF""]}]",2,"[""[WALK] <lightswitch> (315)"", ""[SWITCHON] <lightswitch> (315)""]"
state_change_task,Turn on all lightswitches,Turn on all tablelamps,example_task76,0.6107883453369141,Turn on all computers,0.5445488691329956,0.06623947620391846,1,1,6,3,kitchen,"[{""id"": 256, ""states"": [""OFF""]}, {""id"": 376, ""states"": [""OFF""]}, {""id"": 377, ""states"": [""OFF""]}]","[""[WALK] <tablelamp> (256)"", ""[SWITCHON] <tablelamp> (256)"", ""[WALK] <tablelamp> (376)"", ""[SWITCHON] <tablelamp> (376)"", ""[WALK] <tablelamp> (377)"", ""[SWITCHON] <tablelamp> (377)""]",False,True,True,False,test_task239,6,bedroom,"[{""id"": 67, ""states"": [""ON""]}, {""id"": 110, ""states"": [""ON""]}, {""id"": 205, ""states"": [""OFF""]}, {""id"": 315, ""states"": [""ON""]}]",2,"[""[WALK] <lightswitch> (205)"", ""[SWITCHON] <lightswitch> (205)""]"
state_change_task,Turn on all lightswitches,Turn on all tablelamps,example_task76,0.6107883453369141,Turn on all computers,0.5445488691329956,0.06623947620391846,1,1,6,3,kitchen,"[{""id"": 256, ""states"": [""OFF""]}, {""id"": 376, ""states"": [""OFF""]}, {""id"": 377, ""states"": [""OFF""]}]","[""[WALK] <tablelamp> (256)"", ""[SWITCHON] <tablelamp> (256)"", ""[WALK] <tablelamp> (376)"", ""[SWITCHON] <tablelamp> (376)"", ""[WALK] <tablelamp> (377)"", ""[SWITCHON] <tablelamp> (377)""]",False,True,True,False,test_task240,6,kitchen,"[{""id"": 67, ""states"": [""ON""]}, {""id"": 110, ""states"": [""ON""]}, {""id"": 205, ""states"": [""OFF""]}, {""id"": 315, ""states"": [""OFF""]}]",4,"[""[WALK] <lightswitch> (205)"", ""[SWITCHON] <lightswitch> (205)"", ""[WALK] <lightswitch> (315)"", ""[SWITCHON] <lightswitch> (315)""]"
state_change_task,Turn on all lightswitches,Turn on all tablelamps,example_task76,0.6107883453369141,Turn on all computers,0.5445488691329956,0.06623947620391846,1,1,6,3,kitchen,"[{""id"": 256, ""states"": [""OFF""]}, {""id"": 376, ""states"": [""OFF""]}, {""id"": 377, ""states"": [""OFF""]}]","[""[WALK] <tablelamp> (256)"", ""[SWITCHON] <tablelamp> (256)"", ""[WALK] <tablelamp> (376)"", ""[SWITCHON] <tablelamp> (376)"", ""[WALK] <tablelamp> (377)"", ""[SWITCHON] <tablelamp> (377)""]",False,True,True,False,test_task241,6,kitchen,"[{""id"": 67, ""states"": [""ON""]}, {""id"": 110, ""states"": [""OFF""]}, {""id"": 205, ""states"": [""ON""]}, {""id"": 315, ""states"": [""ON""]}]",2,"[""[WALK] <lightswitch> (110)"", ""[SWITCHON] <lightswitch> (110)""]"
state_change_task,Turn on all lightswitches,Turn on all tablelamps,example_task76,0.6107883453369141,Turn on all computers,0.5445488691329956,0.06623947620391846,1,1,6,3,kitchen,"[{""id"": 256, ""states"": [""OFF""]}, {""id"": 376, ""states"": [""OFF""]}, {""id"": 377, ""states"": [""OFF""]}]","[""[WALK] <tablelamp> (256)"", ""[SWITCHON] <tablelamp> (256)"", ""[WALK] <tablelamp> (376)"", ""[SWITCHON] <tablelamp> (376)"", ""[WALK] <tablelamp> (377)"", ""[SWITCHON] <tablelamp> (377)""]",False,True,True,False,test_task242,6,livingroom,"[{""id"": 67, ""states"": [""ON""]}, {""id"": 110, ""states"": [""OFF""]}, {""id"": 205, ""states"": [""ON""]}, {""id"": 315, ""states"": [""OFF""]}]",4,"[""[WALK] <lightswitch> (110)"", ""[SWITCHON] <lightswitch> (110)"", ""[WALK] <lightswitch> (315)"", ""[SWITCHON] <lightswitch> (315)""]"
state_change_task,Turn on all lightswitches,Turn on all tablelamps,example_task76,0.6107883453369141,Turn on all computers,0.5445488691329956,0.06623947620391846,1,1,6,3,kitchen,"[{""id"": 256, ""states"": [""OFF""]}, {""id"": 376, ""states"": [""OFF""]}, {""id"": 377, ""states"": [""OFF""]}]","[""[WALK] <tablelamp> (256)"", ""[SWITCHON] <tablelamp> (256)"", ""[WALK] <tablelamp> (376)"", ""[SWITCHON] <tablelamp> (376)"", ""[WALK] <tablelamp> (377)"", ""[SWITCHON] <tablelamp> (377)""]",False,True,True,False,test_task243,6,bathroom,"[{""id"": 67, ""states"": [""ON""]}, {""id"": 110, ""states"": [""OFF""]}, {""id"": 205, ""states"": [""OFF""]}, {""id"": 315, ""states"": [""ON""]}]",4,"[""[WALK] <lightswitch> (110)"", ""[SWITCHON] <lightswitch> (110)"", ""[WALK] <lightswitch> (205)"", ""[SWITCHON] <lightswitch> (205)""]"
state_change_task,Turn on all lightswitches,Turn on all tablelamps,example_task76,0.6107883453369141,Turn on all computers,0.5445488691329956,0.06623947620391846,1,1,6,3,kitchen,"[{""id"": 256, ""states"": [""OFF""]}, {""id"": 376, ""states"": [""OFF""]}, {""id"": 377, ""states"": [""OFF""]}]","[""[WALK] <tablelamp> (256)"", ""[SWITCHON] <tablelamp> (256)"", ""[WALK] <tablelamp> (376)"", ""[SWITCHON] <tablelamp> (376)"", ""[WALK] <tablelamp> (377)"", ""[SWITCHON] <tablelamp> (377)""]",False,True,True,False,test_task244,6,kitchen,"[{""id"": 67, ""states"": [""ON""]}, {""id"": 110, ""states"": [""OFF""]}, {""id"": 205, ""states"": [""OFF""]}, {""id"": 315, ""states"": [""OFF""]}]",6,"[""[WALK] <lightswitch> (110)"", ""[SWITCHON] <lightswitch> (110)"", ""[WALK] <lightswitch> (205)"", ""[SWITCHON] <lightswitch> (205)"", ""[WALK] <lightswitch> (315)"", ""[SWITCHON] <lightswitch> (315)""]"
state_change_task,Turn on all lightswitches,Turn on all tablelamps,example_task76,0.6107883453369141,Turn on all computers,0.5445488691329956,0.06623947620391846,1,1,6,3,kitchen,"[{""id"": 256, ""states"": [""OFF""]}, {""id"": 376, ""states"": [""OFF""]}, {""id"": 377, ""states"": [""OFF""]}]","[""[WALK] <tablelamp> (256)"", ""[SWITCHON] <tablelamp> (256)"", ""[WALK] <tablelamp> (376)"", ""[SWITCHON] <tablelamp> (376)"", ""[WALK] <tablelamp> (377)"", ""[SWITCHON] <tablelamp> (377)""]",False,True,True,False,test_task245,6,bathroom,"[{""id"": 67, ""states"": [""OFF""]}, {""id"": 110, ""states"": [""ON""]}, {""id"": 205, ""states"": [""ON""]}, {""id"": 315, ""states"": [""ON""]}]",2,"[""[WALK] <lightswitch> (67)"", ""[SWITCHON] <lightswitch> (67)""]"
state_change_task,Turn on all lightswitches,Turn on all tablelamps,example_task76,0.6107883453369141,Turn on all computers,0.5445488691329956,0.06623947620391846,1,1,6,3,kitchen,"[{""id"": 256, ""states"": [""OFF""]}, {""id"": 376, ""states"": [""OFF""]}, {""id"": 377, ""states"": [""OFF""]}]","[""[WALK] <tablelamp> (256)"", ""[SWITCHON] <tablelamp> (256)"", ""[WALK] <tablelamp> (376)"", ""[SWITCHON] <tablelamp> (376)"", ""[WALK] <tablelamp> (377)"", ""[SWITCHON] <tablelamp> (377)""]",False,True,True,False,test_task246,6,livingroom,"[{""id"": 67, ""states"": [""OFF""]}, {""id"": 110, ""states"": [""ON""]}, {""id"": 205, ""states"": [""ON""]}, {""id"": 315, ""states"": [""OFF""]}]",4,"[""[WALK] <lightswitch> (67)"", ""[SWITCHON] <lightswitch> (67)"", ""[WALK] <lightswitch> (315)"", ""[SWITCHON] <lightswitch> (315)""]"
state_change_task,Turn on all lightswitches,Turn on all tablelamps,example_task76,0.6107883453369141,Turn on all computers,0.5445488691329956,0.06623947620391846,1,1,6,3,kitchen,"[{""id"": 256, ""states"": [""OFF""]}, {""id"": 376, ""states"": [""OFF""]}, {""id"": 377, ""states"": [""OFF""]}]","[""[WALK] <tablelamp> (256)"", ""[SWITCHON] <tablelamp> (256)"", ""[WALK] <tablelamp> (376)"", ""[SWITCHON] <tablelamp> (376)"", ""[WALK] <tablelamp> (377)"", ""[SWITCHON] <tablelamp> (377)""]",False,True,True,False,test_task247,6,bathroom,"[{""id"": 67, ""states"": [""OFF""]}, {""id"": 110, ""states"": [""ON""]}, {""id"": 205, ""states"": [""OFF""]}, {""id"": 315, ""states"": [""ON""]}]",4,"[""[WALK] <lightswitch> (67)"", ""[SWITCHON] <lightswitch> (67)"", ""[WALK] <lightswitch> (205)"", ""[SWITCHON] <lightswitch> (205)""]"
state_change_task,Turn on all lightswitches,Turn on all tablelamps,example_task76,0.6107883453369141,Turn on all computers,0.5445488691329956,0.06623947620391846,1,1,6,3,kitchen,"[{""id"": 256, ""states"": [""OFF""]}, {""id"": 376, ""states"": [""OFF""]}, {""id"": 377, ""states"": [""OFF""]}]","[""[WALK] <tablelamp> (256)"", ""[SWITCHON] <tablelamp> (256)"", ""[WALK] <tablelamp> (376)"", ""[SWITCHON] <tablelamp> (376)"", ""[WALK] <tablelamp> (377)"", ""[SWITCHON] <tablelamp> (377)""]",False,True,True,False,test_task248,6,livingroom,"[{""id"": 67, ""states"": [""OFF""]}, {""id"": 110, ""states"": [""ON""]}, {""id"": 205, ""states"": [""OFF""]}, {""id"": 315, ""states"": [""OFF""]}]",6,"[""[WALK] <lightswitch> (67)"", ""[SWITCHON] <lightswitch> (67)"", ""[WALK] <lightswitch> (205)"", ""[SWITCHON] <lightswitch> (205)"", ""[WALK] <lightswitch> (315)"", ""[SWITCHON] <lightswitch> (315)""]"
state_change_task,Turn on all lightswitches,Turn on all tablelamps,example_task76,0.6107883453369141,Turn on all computers,0.5445488691329956,0.06623947620391846,1,1,6,3,kitchen,"[{""id"": 256, ""states"": [""OFF""]}, {""id"": 376, ""states"": [""OFF""]}, {""id"": 377, ""states"": [""OFF""]}]","[""[WALK] <tablelamp> (256)"", ""[SWITCHON] <tablelamp> (256)"", ""[WALK] <tablelamp> (376)"", ""[SWITCHON] <tablelamp> (376)"", ""[WALK] <tablelamp> (377)"", ""[SWITCHON] <tablelamp> (377)""]",False,True,True,False,test_task249,6,bedroom,"[{""id"": 67, ""states"": [""OFF""]}, {""id"": 110, ""states"": [""OFF""]}, {""id"": 205, ""states"": [""ON""]}, {""id"": 315, ""states"": [""ON""]}]",4,"[""[WALK] <lightswitch> (67)"", ""[SWITCHON] <lightswitch> (67)"", ""[WALK] <lightswitch> (110)"", ""[SWITCHON] <lightswitch> (110)""]"
state_change_task,Turn on all lightswitches,Turn on all tablelamps,example_task76,0.6107883453369141,Turn on all computers,0.5445488691329956,0.06623947620391846,1,1,6,3,kitchen,"[{""id"": 256, ""states"": [""OFF""]}, {""id"": 376, ""states"": [""OFF""]}, {""id"": 377, ""states"": [""OFF""]}]","[""[WALK] <tablelamp> (256)"", ""[SWITCHON] <tablelamp> (256)"", ""[WALK] <tablelamp> (376)"", ""[SWITCHON] <tablelamp> (376)"", ""[WALK] <tablelamp> (377)"", ""[SWITCHON] <tablelamp> (377)""]",False,True,True,False,test_task250,6,bedroom,"[{""id"": 67, ""states"": [""OFF""]}, {""id"": 110, ""states"": [""OFF""]}, {""id"": 205, ""states"": [""ON""]}, {""id"": 315, ""states"": [""OFF""]}]",6,"[""[WALK] <lightswitch> (67)"", ""[SWITCHON] <lightswitch> (67)"", ""[WALK] <lightswitch> (110)"", ""[SWITCHON] <lightswitch> (110)"", ""[WALK] <lightswitch> (315)"", ""[SWITCHON] <lightswitch> (315)""]"
state_change_task,Turn on all lightswitches,Turn on all tablelamps,example_task76,0.6107883453369141,Turn on all computers,0.5445488691329956,0.06623947620391846,1,1,6,3,kitchen,"[{""id"": 256, ""states"": [""OFF""]}, {""id"": 376, ""states"": [""OFF""]}, {""id"": 377, ""states"": [""OFF""]}]","[""[WALK] <tablelamp> (256)"", ""[SWITCHON] <tablelamp> (256)"", ""[WALK] <tablelamp> (376)"", ""[SWITCHON] <tablelamp> (376)"", ""[WALK] <tablelamp> (377)"", ""[SWITCHON] <tablelamp> (377)""]",False,True,True,False,test_task251,6,bathroom,"[{""id"": 67, ""states"": [""OFF""]}, {""id"": 110, ""states"": [""OFF""]}, {""id"": 205, ""states"": [""OFF""]}, {""id"": 315, ""states"": [""ON""]}]",6,"[""[WALK] <lightswitch> (67)"", ""[SWITCHON] <lightswitch> (67)"", ""[WALK] <lightswitch> (110)"", ""[SWITCHON] <lightswitch> (110)"", ""[WALK] <lightswitch> (205)"", ""[SWITCHON] <lightswitch> (205)""]"
state_change_task,Turn on all lightswitches,Turn on all tablelamps,example_task76,0.6107883453369141,Turn on all computers,0.5445488691329956,0.06623947620391846,1,1,6,3,kitchen,"[{""id"": 256, ""states"": [""OFF""]}, {""id"": 376, ""states"": [""OFF""]}, {""id"": 377, ""states"": [""OFF""]}]","[""[WALK] <tablelamp> (256)"", ""[SWITCHON] <tablelamp> (256)"", ""[WALK] <tablelamp> (376)"", ""[SWITCHON] <tablelamp> (376)"", ""[WALK] <tablelamp> (377)"", ""[SWITCHON] <tablelamp> (377)""]",False,True,True,False,test_task252,6,bedroom,"[{""id"": 67, ""states"": [""OFF""]}, {""id"": 110, ""states"": [""OFF""]}, {""id"": 205, ""states"": [""OFF""]}, {""id"": 315, ""states"": [""OFF""]}]",8,"[""[WALK] <lightswitch> (67)"", ""[SWITCHON] <lightswitch> (67)"", ""[WALK] <lightswitch> (110)"", ""[SWITCHON] <lightswitch> (110)"", ""[WALK] <lightswitch> (205)"", ""[SWITCHON] <lightswitch> (205)"", ""[WALK] <lightswitch> (315)"", ""[SWITCHON] <lightswitch> (315)""]"
state_change_task,Turn on all tvs,Turn on all computers,example_task12,0.6019070744514465,Turn on all faucets,0.48697182536125183,0.1149352490901947,1,1,4,1,livingroom,"[{""id"": 174, ""states"": [""OFF""]}, {""id"": 433, ""states"": [""OFF""]}]","[""[WALK] <computer> (174)"", ""[SWITCHON] <computer> (174)"", ""[WALK] <computer> (433)"", ""[SWITCHON] <computer> (433)""]",False,True,True,False,test_task253,6,livingroom,"[{""id"": 207, ""states"": [""ON""]}, {""id"": 314, ""states"": [""ON""]}]",0,[]
state_change_task,Turn on all tvs,Turn on all computers,example_task12,0.6019070744514465,Turn on all faucets,0.48697182536125183,0.1149352490901947,1,1,4,1,livingroom,"[{""id"": 174, ""states"": [""OFF""]}, {""id"": 433, ""states"": [""OFF""]}]","[""[WALK] <computer> (174)"", ""[SWITCHON] <computer> (174)"", ""[WALK] <computer> (433)"", ""[SWITCHON] <computer> (433)""]",False,True,True,False,test_task254,6,livingroom,"[{""id"": 207, ""states"": [""ON""]}, {""id"": 314, ""states"": [""OFF""]}]",2,"[""[WALK] <tv> (314)"", ""[SWITCHON] <tv> (314)""]"
state_change_task,Turn on all tvs,Turn on all computers,example_task12,0.6019070744514465,Turn on all faucets,0.48697182536125183,0.1149352490901947,1,1,4,1,livingroom,"[{""id"": 174, ""states"": [""OFF""]}, {""id"": 433, ""states"": [""OFF""]}]","[""[WALK] <computer> (174)"", ""[SWITCHON] <computer> (174)"", ""[WALK] <computer> (433)"", ""[SWITCHON] <computer> (433)""]",False,True,True,False,test_task255,6,livingroom,"[{""id"": 207, ""states"": [""OFF""]}, {""id"": 314, ""states"": [""ON""]}]",2,"[""[WALK] <tv> (207)"", ""[SWITCHON] <tv> (207)""]"
state_change_task,Turn on all tvs,Turn on all computers,example_task12,0.6019070744514465,Turn on all faucets,0.48697182536125183,0.1149352490901947,1,1,4,1,livingroom,"[{""id"": 174, ""states"": [""OFF""]}, {""id"": 433, ""states"": [""OFF""]}]","[""[WALK] <computer> (174)"", ""[SWITCHON] <computer> (174)"", ""[WALK] <computer> (433)"", ""[SWITCHON] <computer> (433)""]",False,True,True,False,test_task256,6,kitchen,"[{""id"": 207, ""states"": [""OFF""]}, {""id"": 314, ""states"": [""OFF""]}]",4,"[""[WALK] <tv> (207)"", ""[SWITCHON] <tv> (207)"", ""[WALK] <tv> (314)"", ""[SWITCHON] <tv> (314)""]"
state_change_task,Turn off all lightswitches,Turn off all candles,example_task81,0.5849753618240356,Turn on all tablelamps,0.5638211965560913,0.021154165267944336,1,1,6,3,kitchen,"[{""id"": 124, ""states"": [""ON""]}, {""id"": 216, ""states"": [""ON""]}, {""id"": 314, ""states"": [""ON""]}]","[""[WALK] <candle> (124)"", ""[SWITCHOFF] <candle> (124)"", ""[WALK] <candle> (216)"", ""[SWITCHOFF] <candle> (216)"", ""[WALK] <candle> (314)"", ""[SWITCHOFF] <candle> (314)""]",False,True,True,False,test_task257,6,bathroom,"[{""id"": 67, ""states"": [""ON""]}, {""id"": 110, ""states"": [""ON""]}, {""id"": 205, ""states"": [""ON""]}, {""id"": 315, ""states"": [""ON""]}]",8,"[""[WALK] <lightswitch> (67)"", ""[SWITCHOFF] <lightswitch> (67)"", ""[WALK] <lightswitch> (110)"", ""[SWITCHOFF] <lightswitch> (110)"", ""[WALK] <lightswitch> (205)"", ""[SWITCHOFF] <lightswitch> (205)"", ""[WALK] <lightswitch> (315)"", ""[SWITCHOFF] <lightswitch> (315)""]"
state_change_task,Turn off all lightswitches,Turn off all candles,example_task81,0.5849753618240356,Turn on all tablelamps,0.5638211965560913,0.021154165267944336,1,1,6,3,kitchen,"[{""id"": 124, ""states"": [""ON""]}, {""id"": 216, ""states"": [""ON""]}, {""id"": 314, ""states"": [""ON""]}]","[""[WALK] <candle> (124)"", ""[SWITCHOFF] <candle> (124)"", ""[WALK] <candle> (216)"", ""[SWITCHOFF] <candle> (216)"", ""[WALK] <candle> (314)"", ""[SWITCHOFF] <candle> (314)""]",False,True,True,False,test_task258,6,bathroom,"[{""id"": 67, ""states"": [""ON""]}, {""id"": 110, ""states"": [""ON""]}, {""id"": 205, ""states"": [""ON""]}, {""id"": 315, ""states"": [""OFF""]}]",6,"[""[WALK] <lightswitch> (67)"", ""[SWITCHOFF] <lightswitch> (67)"", ""[WALK] <lightswitch> (110)"", ""[SWITCHOFF] <lightswitch> (110)"", ""[WALK] <lightswitch> (205)"", ""[SWITCHOFF] <lightswitch> (205)""]"
state_change_task,Turn off all lightswitches,Turn off all candles,example_task81,0.5849753618240356,Turn on all tablelamps,0.5638211965560913,0.021154165267944336,1,1,6,3,kitchen,"[{""id"": 124, ""states"": [""ON""]}, {""id"": 216, ""states"": [""ON""]}, {""id"": 314, ""states"": [""ON""]}]","[""[WALK] <candle> (124)"", ""[SWITCHOFF] <candle> (124)"", ""[WALK] <candle> (216)"", ""[SWITCHOFF] <candle> (216)"", ""[WALK] <candle> (314)"", ""[SWITCHOFF] <candle> (314)""]",False,True,True,False,test_task259,6,kitchen,"[{""id"": 67, ""states"": [""ON""]}, {""id"": 110, ""states"": [""ON""]}, {""id"": 205, ""states"": [""OFF""]}, {""id"": 315, ""states"": [""ON""]}]",6,"[""[WALK] <lightswitch> (67)"", ""[SWITCHOFF] <lightswitch> (67)"", ""[WALK] <lightswitch> (110)"", ""[SWITCHOFF] <lightswitch> (110)"", ""[WALK] <lightswitch> (315)"", ""[SWITCHOFF] <lightswitch> (315)""]"
state_change_task,Turn off all lightswitches,Turn off all candles,example_task81,0.5849753618240356,Turn on all tablelamps,0.5638211965560913,0.021154165267944336,1,1,6,3,kitchen,"[{""id"": 124, ""states"": [""ON""]}, {""id"": 216, ""states"": [""ON""]}, {""id"": 314, ""states"": [""ON""]}]","[""[WALK] <candle> (124)"", ""[SWITCHOFF] <candle> (124)"", ""[WALK] <candle> (216)"", ""[SWITCHOFF] <candle> (216)"", ""[WALK] <candle> (314)"", ""[SWITCHOFF] <candle> (314)""]",False,True,True,False,test_task260,6,bedroom,"[{""id"": 67, ""states"": [""ON""]}, {""id"": 110, ""states"": [""ON""]}, {""id"": 205, ""states"": [""OFF""]}, {""id"": 315, ""states"": [""OFF""]}]",4,"[""[WALK] <lightswitch> (67)"", ""[SWITCHOFF] <lightswitch> (67)"", ""[WALK] <lightswitch> (110)"", ""[SWITCHOFF] <lightswitch> (110)""]"
state_change_task,Turn off all lightswitches,Turn off all candles,example_task81,0.5849753618240356,Turn on all tablelamps,0.5638211965560913,0.021154165267944336,1,1,6,3,kitchen,"[{""id"": 124, ""states"": [""ON""]}, {""id"": 216, ""states"": [""ON""]}, {""id"": 314, ""states"": [""ON""]}]","[""[WALK] <candle> (124)"", ""[SWITCHOFF] <candle> (124)"", ""[WALK] <candle> (216)"", ""[SWITCHOFF] <candle> (216)"", ""[WALK] <candle> (314)"", ""[SWITCHOFF] <candle> (314)""]",False,True,True,False,test_task261,6,kitchen,"[{""id"": 67, ""states"": [""ON""]}, {""id"": 110, ""states"": [""OFF""]}, {""id"": 205, ""states"": [""ON""]}, {""id"": 315, ""states"": [""ON""]}]",6,"[""[WALK] <lightswitch> (67)"", ""[SWITCHOFF] <lightswitch> (67)"", ""[WALK] <lightswitch> (205)"", ""[SWITCHOFF] <lightswitch> (205)"", ""[WALK] <lightswitch> (315)"", ""[SWITCHOFF] <lightswitch> (315)""]"
state_change_task,Turn off all lightswitches,Turn off all candles,example_task81,0.5849753618240356,Turn on all tablelamps,0.5638211965560913,0.021154165267944336,1,1,6,3,kitchen,"[{""id"": 124, ""states"": [""ON""]}, {""id"": 216, ""states"": [""ON""]}, {""id"": 314, ""states"": [""ON""]}]","[""[WALK] <candle> (124)"", ""[SWITCHOFF] <candle> (124)"", ""[WALK] <candle> (216)"", ""[SWITCHOFF] <candle> (216)"", ""[WALK] <candle> (314)"", ""[SWITCHOFF] <candle> (314)""]",False,True,True,False,test_task262,6,kitchen,"[{""id"": 67, ""states"": [""ON""]}, {""id"": 110, ""states"": [""OFF""]}, {""id"": 205, ""states"": [""ON""]}, {""id"": 315, ""states"": [""OFF""]}]",4,"[""[WALK] <lightswitch> (67)"", ""[SWITCHOFF] <lightswitch> (67)"", ""[WALK] <lightswitch> (205)"", ""[SWITCHOFF] <lightswitch> (205)""]"
state_change_task,Turn off all lightswitches,Turn off all candles,example_task81,0.5849753618240356,Turn on all tablelamps,0.5638211965560913,0.021154165267944336,1,1,6,3,kitchen,"[{""id"": 124, ""states"": [""ON""]}, {""id"": 216, ""states"": [""ON""]}, {""id"": 314, ""states"": [""ON""]}]","[""[WALK] <candle> (124)"", ""[SWITCHOFF] <candle> (124)"", ""[WALK] <candle> (216)"", ""[SWITCHOFF] <candle> (216)"", ""[WALK] <candle> (314)"", ""[SWITCHOFF] <candle> (314)""]",False,True,True,False,test_task263,6,bedroom,"[{""id"": 67, ""states"": [""ON""]}, {""id"": 110, ""states"": [""OFF""]}, {""id"": 205, ""states"": [""OFF""]}, {""id"": 315, ""states"": [""ON""]}]",4,"[""[WALK] <lightswitch> (67)"", ""[SWITCHOFF] <lightswitch> (67)"", ""[WALK] <lightswitch> (315)"", ""[SWITCHOFF] <lightswitch> (315)""]"
state_change_task,Turn off all lightswitches,Turn off all candles,example_task81,0.5849753618240356,Turn on all tablelamps,0.5638211965560913,0.021154165267944336,1,1,6,3,kitchen,"[{""id"": 124, ""states"": [""ON""]}, {""id"": 216, ""states"": [""ON""]}, {""id"": 314, ""states"": [""ON""]}]","[""[WALK] <candle> (124)"", ""[SWITCHOFF] <candle> (124)"", ""[WALK] <candle> (216)"", ""[SWITCHOFF] <candle> (216)"", ""[WALK] <candle> (314)"", ""[SWITCHOFF] <candle> (314)""]",False,True,True,False,test_task264,6,kitchen,"[{""id"": 67, ""states"": [""ON""]}, {""id"": 110, ""states"": [""OFF""]}, {""id"": 205, ""states"": [""OFF""]}, {""id"": 315, ""states"": [""OFF""]}]",2,"[""[WALK] <lightswitch> (67)"", ""[SWITCHOFF] <lightswitch> (67)""]"
state_change_task,Turn off all lightswitches,Turn off all candles,example_task81,0.5849753618240356,Turn on all tablelamps,0.5638211965560913,0.021154165267944336,1,1,6,3,kitchen,"[{""id"": 124, ""states"": [""ON""]}, {""id"": 216, ""states"": [""ON""]}, {""id"": 314, ""states"": [""ON""]}]","[""[WALK] <candle> (124)"", ""[SWITCHOFF] <candle> (124)"", ""[WALK] <candle> (216)"", ""[SWITCHOFF] <candle> (216)"", ""[WALK] <candle> (314)"", ""[SWITCHOFF] <candle> (314)""]",False,True,True,False,test_task265,6,livingroom,"[{""id"": 67, ""states"": [""OFF""]}, {""id"": 110, ""states"": [""ON""]}, {""id"": 205, ""states"": [""ON""]}, {""id"": 315, ""states"": [""ON""]}]",6,"[""[WALK] <lightswitch> (110)"", ""[SWITCHOFF] <lightswitch> (110)"", ""[WALK] <lightswitch> (205)"", ""[SWITCHOFF] <lightswitch> (205)"", ""[WALK] <lightswitch> (315)"", ""[SWITCHOFF] <lightswitch> (315)""]"
state_change_task,Turn off all lightswitches,Turn off all candles,example_task81,0.5849753618240356,Turn on all tablelamps,0.5638211965560913,0.021154165267944336,1,1,6,3,kitchen,"[{""id"": 124, ""states"": [""ON""]}, {""id"": 216, ""states"": [""ON""]}, {""id"": 314, ""states"": [""ON""]}]","[""[WALK] <candle> (124)"", ""[SWITCHOFF] <candle> (124)"", ""[WALK] <candle> (216)"", ""[SWITCHOFF] <candle> (216)"", ""[WALK] <candle> (314)"", ""[SWITCHOFF] <candle> (314)""]",False,True,True,False,test_task266,6,livingroom,"[{""id"": 67, ""states"": [""OFF""]}, {""id"": 110, ""states"": [""ON""]}, {""id"": 205, ""states"": [""ON""]}, {""id"": 315, ""states"": [""OFF""]}]",4,"[""[WALK] <lightswitch> (110)"", ""[SWITCHOFF] <lightswitch> (110)"", ""[WALK] <lightswitch> (205)"", ""[SWITCHOFF] <lightswitch> (205)""]"
state_change_task,Turn off all lightswitches,Turn off all candles,example_task81,0.5849753618240356,Turn on all tablelamps,0.5638211965560913,0.021154165267944336,1,1,6,3,kitchen,"[{""id"": 124, ""states"": [""ON""]}, {""id"": 216, ""states"": [""ON""]}, {""id"": 314, ""states"": [""ON""]}]","[""[WALK] <candle> (124)"", ""[SWITCHOFF] <candle> (124)"", ""[WALK] <candle> (216)"", ""[SWITCHOFF] <candle> (216)"", ""[WALK] <candle> (314)"", ""[SWITCHOFF] <candle> (314)""]",False,True,True,False,test_task267,6,kitchen,"[{""id"": 67, ""states"": [""OFF""]}, {""id"": 110, ""states"": [""ON""]}, {""id"": 205, ""states"": [""OFF""]}, {""id"": 315, ""states"": [""ON""]}]",4,"[""[WALK] <lightswitch> (110)"", ""[SWITCHOFF] <lightswitch> (110)"", ""[WALK] <lightswitch> (315)"", ""[SWITCHOFF] <lightswitch> (315)""]"
state_change_task,Turn off all lightswitches,Turn off all candles,example_task81,0.5849753618240356,Turn on all tablelamps,0.5638211965560913,0.021154165267944336,1,1,6,3,kitchen,"[{""id"": 124, ""states"": [""ON""]}, {""id"": 216, ""states"": [""ON""]}, {""id"": 314, ""states"": [""ON""]}]","[""[WALK] <candle> (124)"", ""[SWITCHOFF] <candle> (124)"", ""[WALK] <candle> (216)"", ""[SWITCHOFF] <candle> (216)"", ""[WALK] <candle> (314)"", ""[SWITCHOFF] <candle> (314)""]",False,True,True,False,test_task268,6,kitchen,"[{""id"": 67, ""states"": [""OFF""]}, {""id"": 110, ""states"": [""ON""]}, {""id"": 205, ""states"": [""OFF""]}, {""id"": 315, ""states"": [""OFF""]}]",2,"[""[WALK] <lightswitch> (110)"", ""[SWITCHOFF] <lightswitch> (110)""]"
state_change_task,Turn off all lightswitches,Turn off all candles,example_task81,0.5849753618240356,Turn on all tablelamps,0.5638211965560913,0.021154165267944336,1,1,6,3,kitchen,"[{""id"": 124, ""states"": [""ON""]}, {""id"": 216, ""states"": [""ON""]}, {""id"": 314, ""states"": [""ON""]}]","[""[WALK] <candle> (124)"", ""[SWITCHOFF] <candle> (124)"", ""[WALK] <candle> (216)"", ""[SWITCHOFF] <candle> (216)"", ""[WALK] <candle> (314)"", ""[SWITCHOFF] <candle> (314)""]",False,True,True,False,test_task269,6,bathroom,"[{""id"": 67, ""states"": [""OFF""]}, {""id"": 110, ""states"": [""OFF""]}, {""id"": 205, ""states"": [""ON""]}, {""id"": 315, ""states"": [""ON""]}]",4,"[""[WALK] <lightswitch> (205)"", ""[SWITCHOFF] <lightswitch> (205)"", ""[WALK] <lightswitch> (315)"", ""[SWITCHOFF] <lightswitch> (315)""]"
state_change_task,Turn off all lightswitches,Turn off all candles,example_task81,0.5849753618240356,Turn on all tablelamps,0.5638211965560913,0.021154165267944336,1,1,6,3,kitchen,"[{""id"": 124, ""states"": [""ON""]}, {""id"": 216, ""states"": [""ON""]}, {""id"": 314, ""states"": [""ON""]}]","[""[WALK] <candle> (124)"", ""[SWITCHOFF] <candle> (124)"", ""[WALK] <candle> (216)"", ""[SWITCHOFF] <candle> (216)"", ""[WALK] <candle> (314)"", ""[SWITCHOFF] <candle> (314)""]",False,True,True,False,test_task270,6,bedroom,"[{""id"": 67, ""states"": [""OFF""]}, {""id"": 110, ""states"": [""OFF""]}, {""id"": 205, ""states"": [""ON""]}, {""id"": 315, ""states"": [""OFF""]}]",2,"[""[WALK] <lightswitch> (205)"", ""[SWITCHOFF] <lightswitch> (205)""]"
state_change_task,Turn off all lightswitches,Turn off all candles,example_task81,0.5849753618240356,Turn on all tablelamps,0.5638211965560913,0.021154165267944336,1,1,6,3,kitchen,"[{""id"": 124, ""states"": [""ON""]}, {""id"": 216, ""states"": [""ON""]}, {""id"": 314, ""states"": [""ON""]}]","[""[WALK] <candle> (124)"", ""[SWITCHOFF] <candle> (124)"", ""[WALK] <candle> (216)"", ""[SWITCHOFF] <candle> (216)"", ""[WALK] <candle> (314)"", ""[SWITCHOFF] <candle> (314)""]",False,True,True,False,test_task271,6,livingroom,"[{""id"": 67, ""states"": [""OFF""]}, {""id"": 110, ""states"": [""OFF""]}, {""id"": 205, ""states"": [""OFF""]}, {""id"": 315, ""states"": [""ON""]}]",2,"[""[WALK] <lightswitch> (315)"", ""[SWITCHOFF] <lightswitch> (315)""]"
state_change_task,Turn off all lightswitches,Turn off all candles,example_task81,0.5849753618240356,Turn on all tablelamps,0.5638211965560913,0.021154165267944336,1,1,6,3,kitchen,"[{""id"": 124, ""states"": [""ON""]}, {""id"": 216, ""states"": [""ON""]}, {""id"": 314, ""states"": [""ON""]}]","[""[WALK] <candle> (124)"", ""[SWITCHOFF] <candle> (124)"", ""[WALK] <candle> (216)"", ""[SWITCHOFF] <candle> (216)"", ""[WALK] <candle> (314)"", ""[SWITCHOFF] <candle> (314)""]",False,True,True,False,test_task272,6,livingroom,"[{""id"": 67, ""states"": [""OFF""]}, {""id"": 110, ""states"": [""OFF""]}, {""id"": 205, ""states"": [""OFF""]}, {""id"": 315, ""states"": [""OFF""]}]",0,[]
state_change_task,Turn off all tvs,Turn off all cellphones,example_task21,0.4994624853134155,Turn on all computers,0.49108827114105225,0.008374214172363281,1,1,8,1,bathroom,"[{""id"": 188, ""states"": [""ON""]}, {""id"": 202, ""states"": [""ON""]}, {""id"": 448, ""states"": [""ON""]}, {""id"": 449, ""states"": [""ON""]}]","[""[WALK] <cellphone> (188)"", ""[SWITCHOFF] <cellphone> (188)"", ""[WALK] <cellphone> (202)"", ""[SWITCHOFF] <cellphone> (202)"", ""[WALK] <cellphone> (448)"", ""[SWITCHOFF] <cellphone> (448)"", ""[WALK] <cellphone> (449)"", ""[SWITCHOFF] <cellphone> (449)""]",False,True,True,False,test_task273,6,livingroom,"[{""id"": 207, ""states"": [""ON""]}, {""id"": 314, ""states"": [""ON""]}]",4,"[""[WALK] <tv> (207)"", ""[SWITCHOFF] <tv> (207)"", ""[WALK] <tv> (314)"", ""[SWITCHOFF] <tv> (314)""]"
state_change_task,Turn off all tvs,Turn off all cellphones,example_task21,0.4994624853134155,Turn on all computers,0.49108827114105225,0.008374214172363281,1,1,8,1,bathroom,"[{""id"": 188, ""states"": [""ON""]}, {""id"": 202, ""states"": [""ON""]}, {""id"": 448, ""states"": [""ON""]}, {""id"": 449, ""states"": [""ON""]}]","[""[WALK] <cellphone> (188)"", ""[SWITCHOFF] <cellphone> (188)"", ""[WALK] <cellphone> (202)"", ""[SWITCHOFF] <cellphone> (202)"", ""[WALK] <cellphone> (448)"", ""[SWITCHOFF] <cellphone> (448)"", ""[WALK] <cellphone> (449)"", ""[SWITCHOFF] <cellphone> (449)""]",False,True,True,False,test_task274,6,bathroom,"[{""id"": 207, ""states"": [""ON""]}, {""id"": 314, ""states"": [""OFF""]}]",2,"[""[WALK] <tv> (207)"", ""[SWITCHOFF] <tv> (207)""]"
state_change_task,Turn off all tvs,Turn off all cellphones,example_task21,0.4994624853134155,Turn on all computers,0.49108827114105225,0.008374214172363281,1,1,8,1,bathroom,"[{""id"": 188, ""states"": [""ON""]}, {""id"": 202, ""states"": [""ON""]}, {""id"": 448, ""states"": [""ON""]}, {""id"": 449, ""states"": [""ON""]}]","[""[WALK] <cellphone> (188)"", ""[SWITCHOFF] <cellphone> (188)"", ""[WALK] <cellphone> (202)"", ""[SWITCHOFF] <cellphone> (202)"", ""[WALK] <cellphone> (448)"", ""[SWITCHOFF] <cellphone> (448)"", ""[WALK] <cellphone> (449)"", ""[SWITCHOFF] <cellphone> (449)""]",False,True,True,False,test_task275,6,kitchen,"[{""id"": 207, ""states"": [""OFF""]}, {""id"": 314, ""states"": [""ON""]}]",2,"[""[WALK] <tv> (314)"", ""[SWITCHOFF] <tv> (314)""]"
state_change_task,Turn off all tvs,Turn off all cellphones,example_task21,0.4994624853134155,Turn on all computers,0.49108827114105225,0.008374214172363281,1,1,8,1,bathroom,"[{""id"": 188, ""states"": [""ON""]}, {""id"": 202, ""states"": [""ON""]}, {""id"": 448, ""states"": [""ON""]}, {""id"": 449, ""states"": [""ON""]}]","[""[WALK] <cellphone> (188)"", ""[SWITCHOFF] <cellphone> (188)"", ""[WALK] <cellphone> (202)"", ""[SWITCHOFF] <cellphone> (202)"", ""[WALK] <cellphone> (448)"", ""[SWITCHOFF] <cellphone> (448)"", ""[WALK] <cellphone> (449)"", ""[SWITCHOFF] <cellphone> (449)""]",False,True,True,False,test_task276,6,livingroom,"[{""id"": 207, ""states"": [""OFF""]}, {""id"": 314, ""states"": [""OFF""]}]",0,[]
state_change_task,Turn on all lightswitches,Turn on all tablelamps,example_task76,0.6107883453369141,Turn on all computers,0.5445488691329956,0.06623947620391846,1,1,6,3,kitchen,"[{""id"": 256, ""states"": [""OFF""]}, {""id"": 376, ""states"": [""OFF""]}, {""id"": 377, ""states"": [""OFF""]}]","[""[WALK] <tablelamp> (256)"", ""[SWITCHON] <tablelamp> (256)"", ""[WALK] <tablelamp> (376)"", ""[SWITCHON] <tablelamp> (376)"", ""[WALK] <tablelamp> (377)"", ""[SWITCHON] <tablelamp> (377)""]",False,True,True,False,test_task277,7,bedroom,"[{""id"": 54, ""states"": [""ON""]}, {""id"": 85, ""states"": [""ON""]}, {""id"": 277, ""states"": [""ON""]}, {""id"": 332, ""states"": [""ON""]}]",0,[]
state_change_task,Turn on all lightswitches,Turn on all tablelamps,example_task76,0.6107883453369141,Turn on all computers,0.5445488691329956,0.06623947620391846,1,1,6,3,kitchen,"[{""id"": 256, ""states"": [""OFF""]}, {""id"": 376, ""states"": [""OFF""]}, {""id"": 377, ""states"": [""OFF""]}]","[""[WALK] <tablelamp> (256)"", ""[SWITCHON] <tablelamp> (256)"", ""[WALK] <tablelamp> (376)"", ""[SWITCHON] <tablelamp> (376)"", ""[WALK] <tablelamp> (377)"", ""[SWITCHON] <tablelamp> (377)""]",False,True,True,False,test_task278,7,livingroom,"[{""id"": 54, ""states"": [""ON""]}, {""id"": 85, ""states"": [""ON""]}, {""id"": 277, ""states"": [""ON""]}, {""id"": 332, ""states"": [""OFF""]}]",2,"[""[WALK] <lightswitch> (332)"", ""[SWITCHON] <lightswitch> (332)""]"
state_change_task,Turn on all lightswitches,Turn on all tablelamps,example_task76,0.6107883453369141,Turn on all computers,0.5445488691329956,0.06623947620391846,1,1,6,3,kitchen,"[{""id"": 256, ""states"": [""OFF""]}, {""id"": 376, ""states"": [""OFF""]}, {""id"": 377, ""states"": [""OFF""]}]","[""[WALK] <tablelamp> (256)"", ""[SWITCHON] <tablelamp> (256)"", ""[WALK] <tablelamp> (376)"", ""[SWITCHON] <tablelamp> (376)"", ""[WALK] <tablelamp> (377)"", ""[SWITCHON] <tablelamp> (377)""]",False,True,True,False,test_task279,7,kitchen,"[{""id"": 54, ""states"": [""ON""]}, {""id"": 85, ""states"": [""ON""]}, {""id"": 277, ""states"": [""OFF""]}, {""id"": 332, ""states"": [""ON""]}]",2,"[""[WALK] <lightswitch> (277)"", ""[SWITCHON] <lightswitch> (277)""]"
state_change_task,Turn on all lightswitches,Turn on all tablelamps,example_task76,0.6107883453369141,Turn on all computers,0.5445488691329956,0.06623947620391846,1,1,6,3,kitchen,"[{""id"": 256, ""states"": [""OFF""]}, {""id"": 376, ""states"": [""OFF""]}, {""id"": 377, ""states"": [""OFF""]}]","[""[WALK] <tablelamp> (256)"", ""[SWITCHON] <tablelamp> (256)"", ""[WALK] <tablelamp> (376)"", ""[SWITCHON] <tablelamp> (376)"", ""[WALK] <tablelamp> (377)"", ""[SWITCHON] <tablelamp> (377)""]",False,True,True,False,test_task280,7,livingroom,"[{""id"": 54, ""states"": [""ON""]}, {""id"": 85, ""states"": [""ON""]}, {""id"": 277, ""states"": [""OFF""]}, {""id"": 332, ""states"": [""OFF""]}]",4,"[""[WALK] <lightswitch> (277)"", ""[SWITCHON] <lightswitch> (277)"", ""[WALK] <lightswitch> (332)"", ""[SWITCHON] <lightswitch> (332)""]"
state_change_task,Turn on all lightswitches,Turn on all tablelamps,example_task76,0.6107883453369141,Turn on all computers,0.5445488691329956,0.06623947620391846,1,1,6,3,kitchen,"[{""id"": 256, ""states"": [""OFF""]}, {""id"": 376, ""states"": [""OFF""]}, {""id"": 377, ""states"": [""OFF""]}]","[""[WALK] <tablelamp> (256)"", ""[SWITCHON] <tablelamp> (256)"", ""[WALK] <tablelamp> (376)"", ""[SWITCHON] <tablelamp> (376)"", ""[WALK] <tablelamp> (377)"", ""[SWITCHON] <tablelamp> (377)""]",False,True,True,False,test_task281,7,livingroom,"[{""id"": 54, ""states"": [""ON""]}, {""id"": 85, ""states"": [""OFF""]}, {""id"": 277, ""states"": [""ON""]}, {""id"": 332, ""states"": [""ON""]}]",2,"[""[WALK] <lightswitch> (85)"", ""[SWITCHON] <lightswitch> (85)""]"
state_change_task,Turn on all lightswitches,Turn on all tablelamps,example_task76,0.6107883453369141,Turn on all computers,0.5445488691329956,0.06623947620391846,1,1,6,3,kitchen,"[{""id"": 256, ""states"": [""OFF""]}, {""id"": 376, ""states"": [""OFF""]}, {""id"": 377, ""states"": [""OFF""]}]","[""[WALK] <tablelamp> (256)"", ""[SWITCHON] <tablelamp> (256)"", ""[WALK] <tablelamp> (376)"", ""[SWITCHON] <tablelamp> (376)"", ""[WALK] <tablelamp> (377)"", ""[SWITCHON] <tablelamp> (377)""]",False,True,True,False,test_task282,7,bathroom,"[{""id"": 54, ""states"": [""ON""]}, {""id"": 85, ""states"": [""OFF""]}, {""id"": 277, ""states"": [""ON""]}, {""id"": 332, ""states"": [""OFF""]}]",4,"[""[WALK] <lightswitch> (85)"", ""[SWITCHON] <lightswitch> (85)"", ""[WALK] <lightswitch> (332)"", ""[SWITCHON] <lightswitch> (332)""]"
state_change_task,Turn on all lightswitches,Turn on all tablelamps,example_task76,0.6107883453369141,Turn on all computers,0.5445488691329956,0.06623947620391846,1,1,6,3,kitchen,"[{""id"": 256, ""states"": [""OFF""]}, {""id"": 376, ""states"": [""OFF""]}, {""id"": 377, ""states"": [""OFF""]}]","[""[WALK] <tablelamp> (256)"", ""[SWITCHON] <tablelamp> (256)"", ""[WALK] <tablelamp> (376)"", ""[SWITCHON] <tablelamp> (376)"", ""[WALK] <tablelamp> (377)"", ""[SWITCHON] <tablelamp> (377)""]",False,True,True,False,test_task283,7,kitchen,"[{""id"": 54, ""states"": [""ON""]}, {""id"": 85, ""states"": [""OFF""]}, {""id"": 277, ""states"": [""OFF""]}, {""id"": 332, ""states"": [""ON""]}]",4,"[""[WALK] <lightswitch> (85)"", ""[SWITCHON] <lightswitch> (85)"", ""[WALK] <lightswitch> (277)"", ""[SWITCHON] <lightswitch> (277)""]"
state_change_task,Turn on all lightswitches,Turn on all tablelamps,example_task76,0.6107883453369141,Turn on all computers,0.5445488691329956,0.06623947620391846,1,1,6,3,kitchen,"[{""id"": 256, ""states"": [""OFF""]}, {""id"": 376, ""states"": [""OFF""]}, {""id"": 377, ""states"": [""OFF""]}]","[""[WALK] <tablelamp> (256)"", ""[SWITCHON] <tablelamp> (256)"", ""[WALK] <tablelamp> (376)"", ""[SWITCHON] <tablelamp> (376)"", ""[WALK] <tablelamp> (377)"", ""[SWITCHON] <tablelamp> (377)""]",False,True,True,False,test_task284,7,kitchen,"[{""id"": 54, ""states"": [""ON""]}, {""id"": 85, ""states"": [""OFF""]}, {""id"": 277, ""states"": [""OFF""]}, {""id"": 332, ""states"": [""OFF""]}]",6,"[""[WALK] <lightswitch> (85)"", ""[SWITCHON] <lightswitch> (85)"", ""[WALK] <lightswitch> (277)"", ""[SWITCHON] <lightswitch> (277)"", ""[WALK] <lightswitch> (332)"", ""[SWITCHON] <lightswitch> (332)""]"
state_change_task,Turn on all lightswitches,Turn on all tablelamps,example_task76,0.6107883453369141,Turn on all computers,0.5445488691329956,0.06623947620391846,1,1,6,3,kitchen,"[{""id"": 256, ""states"": [""OFF""]}, {""id"": 376, ""states"": [""OFF""]}, {""id"": 377, ""states"": [""OFF""]}]","[""[WALK] <tablelamp> (256)"", ""[SWITCHON] <tablelamp> (256)"", ""[WALK] <tablelamp> (376)"", ""[SWITCHON] <tablelamp> (376)"", ""[WALK] <tablelamp> (377)"", ""[SWITCHON] <tablelamp> (377)""]",False,True,True,False,test_task285,7,livingroom,"[{""id"": 54, ""states"": [""OFF""]}, {""id"": 85, ""states"": [""ON""]}, {""id"": 277, ""states"": [""ON""]}, {""id"": 332, ""states"": [""ON""]}]",2,"[""[WALK] <lightswitch> (54)"", ""[SWITCHON] <lightswitch> (54)""]"
state_change_task,Turn on all lightswitches,Turn on all tablelamps,example_task76,0.6107883453369141,Turn on all computers,0.5445488691329956,0.06623947620391846,1,1,6,3,kitchen,"[{""id"": 256, ""states"": [""OFF""]}, {""id"": 376, ""states"": [""OFF""]}, {""id"": 377, ""states"": [""OFF""]}]","[""[WALK] <tablelamp> (256)"", ""[SWITCHON] <tablelamp> (256)"", ""[WALK] <tablelamp> (376)"", ""[SWITCHON] <tablelamp> (376)"", ""[WALK] <tablelamp> (377)"", ""[SWITCHON] <tablelamp> (377)""]",False,True,True,False,test_task286,7,bedroom,"[{""id"": 54, ""states"": [""OFF""]}, {""id"": 85, ""states"": [""ON""]}, {""id"": 277, ""states"": [""ON""]}, {""id"": 332, ""states"": [""OFF""]}]",4,"[""[WALK] <lightswitch> (54)"", ""[SWITCHON] <lightswitch> (54)"", ""[WALK] <lightswitch> (332)"", ""[SWITCHON] <lightswitch> (332)""]"
state_change_task,Turn on all lightswitches,Turn on all tablelamps,example_task76,0.6107883453369141,Turn on all computers,0.5445488691329956,0.06623947620391846,1,1,6,3,kitchen,"[{""id"": 256, ""states"": [""OFF""]}, {""id"": 376, ""states"": [""OFF""]}, {""id"": 377, ""states"": [""OFF""]}]","[""[WALK] <tablelamp> (256)"", ""[SWITCHON] <tablelamp> (256)"", ""[WALK] <tablelamp> (376)"", ""[SWITCHON] <tablelamp> (376)"", ""[WALK] <tablelamp> (377)"", ""[SWITCHON] <tablelamp> (377)""]",False,True,True,False,test_task287,7,kitchen,"[{""id"": 54, ""states"": [""OFF""]}, {""id"": 85, ""states"": [""ON""]}, {""id"": 277, ""states"": [""OFF""]}, {""id"": 332, ""states"": [""ON""]}]",4,"[""[WALK] <lightswitch> (54)"", ""[SWITCHON] <lightswitch> (54)"", ""[WALK] <lightswitch> (277)"", ""[SWITCHON] <lightswitch> (277)""]"
state_change_task,Turn on all lightswitches,Turn on all tablelamps,example_task76,0.6107883453369141,Turn on all computers,0.5445488691329956,0.06623947620391846,1,1,6,3,kitchen,"[{""id"": 256, ""states"": [""OFF""]}, {""id"": 376, ""states"": [""OFF""]}, {""id"": 377, ""states"": [""OFF""]}]","[""[WALK] <tablelamp> (256)"", ""[SWITCHON] <tablelamp> (256)"", ""[WALK] <tablelamp> (376)"", ""[SWITCHON] <tablelamp> (376)"", ""[WALK] <tablelamp> (377)"", ""[SWITCHON] <tablelamp> (377)""]",False,True,True,False,test_task288,7,bedroom,"[{""id"": 54, ""states"": [""OFF""]}, {""id"": 85, ""states"": [""ON""]}, {""id"": 277, ""states"": [""OFF""]}, {""id"": 332, ""states"": [""OFF""]}]",6,"[""[WALK] <lightswitch> (54)"", ""[SWITCHON] <lightswitch> (54)"", ""[WALK] <lightswitch> (277)"", ""[SWITCHON] <lightswitch> (277)"", ""[WALK] <lightswitch> (332)"", ""[SWITCHON] <lightswitch> (332)""]"
state_change_task,Turn on all lightswitches,Turn on all tablelamps,example_task76,0.6107883453369141,Turn on all computers,0.5445488691329956,0.06623947620391846,1,1,6,3,kitchen,"[{""id"": 256, ""states"": [""OFF""]}, {""id"": 376, ""states"": [""OFF""]}, {""id"": 377, ""states"": [""OFF""]}]","[""[WALK] <tablelamp> (256)"", ""[SWITCHON] <tablelamp> (256)"", ""[WALK] <tablelamp> (376)"", ""[SWITCHON] <tablelamp> (376)"", ""[WALK] <tablelamp> (377)"", ""[SWITCHON] <tablelamp> (377)""]",False,True,True,False,test_task289,7,kitchen,"[{""id"": 54, ""states"": [""OFF""]}, {""id"": 85, ""states"": [""OFF""]}, {""id"": 277, ""states"": [""ON""]}, {""id"": 332, ""states"": [""ON""]}]",4,"[""[WALK] <lightswitch> (54)"", ""[SWITCHON] <lightswitch> (54)"", ""[WALK] <lightswitch> (85)"", ""[SWITCHON] <lightswitch> (85)""]"
state_change_task,Turn on all lightswitches,Turn on all tablelamps,example_task76,0.6107883453369141,Turn on all computers,0.5445488691329956,0.06623947620391846,1,1,6,3,kitchen,"[{""id"": 256, ""states"": [""OFF""]}, {""id"": 376, ""states"": [""OFF""]}, {""id"": 377, ""states"": [""OFF""]}]","[""[WALK] <tablelamp> (256)"", ""[SWITCHON] <tablelamp> (256)"", ""[WALK] <tablelamp> (376)"", ""[SWITCHON] <tablelamp> (376)"", ""[WALK] <tablelamp> (377)"", ""[SWITCHON] <tablelamp> (377)""]",False,True,True,False,test_task290,7,livingroom,"[{""id"": 54, ""states"": [""OFF""]}, {""id"": 85, ""states"": [""OFF""]}, {""id"": 277, ""states"": [""ON""]}, {""id"": 332, ""states"": [""OFF""]}]",6,"[""[WALK] <lightswitch> (54)"", ""[SWITCHON] <lightswitch> (54)"", ""[WALK] <lightswitch> (85)"", ""[SWITCHON] <lightswitch> (85)"", ""[WALK] <lightswitch> (332)"", ""[SWITCHON] <lightswitch> (332)""]"
state_change_task,Turn on all lightswitches,Turn on all tablelamps,example_task76,0.6107883453369141,Turn on all computers,0.5445488691329956,0.06623947620391846,1,1,6,3,kitchen,"[{""id"": 256, ""states"": [""OFF""]}, {""id"": 376, ""states"": [""OFF""]}, {""id"": 377, ""states"": [""OFF""]}]","[""[WALK] <tablelamp> (256)"", ""[SWITCHON] <tablelamp> (256)"", ""[WALK] <tablelamp> (376)"", ""[SWITCHON] <tablelamp> (376)"", ""[WALK] <tablelamp> (377)"", ""[SWITCHON] <tablelamp> (377)""]",False,True,True,False,test_task291,7,livingroom,"[{""id"": 54, ""states"": [""OFF""]}, {""id"": 85, ""states"": [""OFF""]}, {""id"": 277, ""states"": [""OFF""]}, {""id"": 332, ""states"": [""ON""]}]",6,"[""[WALK] <lightswitch> (54)"", ""[SWITCHON] <lightswitch> (54)"", ""[WALK] <lightswitch> (85)"", ""[SWITCHON] <lightswitch> (85)"", ""[WALK] <lightswitch> (277)"", ""[SWITCHON] <lightswitch> (277)""]"
state_change_task,Turn on all lightswitches,Turn on all tablelamps,example_task76,0.6107883453369141,Turn on all computers,0.5445488691329956,0.06623947620391846,1,1,6,3,kitchen,"[{""id"": 256, ""states"": [""OFF""]}, {""id"": 376, ""states"": [""OFF""]}, {""id"": 377, ""states"": [""OFF""]}]","[""[WALK] <tablelamp> (256)"", ""[SWITCHON] <tablelamp> (256)"", ""[WALK] <tablelamp> (376)"", ""[SWITCHON] <tablelamp> (376)"", ""[WALK] <tablelamp> (377)"", ""[SWITCHON] <tablelamp> (377)""]",False,True,True,False,test_task292,7,kitchen,"[{""id"": 54, ""states"": [""OFF""]}, {""id"": 85, ""states"": [""OFF""]}, {""id"": 277, ""states"": [""OFF""]}, {""id"": 332, ""states"": [""OFF""]}]",8,"[""[WALK] <lightswitch> (54)"", ""[SWITCHON] <lightswitch> (54)"", ""[WALK] <lightswitch> (85)"", ""[SWITCHON] <lightswitch> (85)"", ""[WALK] <lightswitch> (277)"", ""[SWITCHON] <lightswitch> (277)"", ""[WALK] <lightswitch> (332)"", ""[SWITCHON] <lightswitch> (332)""]"
state_change_task,Turn off all lightswitches,Turn off all candles,example_task81,0.5849753618240356,Turn on all tablelamps,0.5638211965560913,0.021154165267944336,1,1,6,3,kitchen,"[{""id"": 124, ""states"": [""ON""]}, {""id"": 216, ""states"": [""ON""]}, {""id"": 314, ""states"": [""ON""]}]","[""[WALK] <candle> (124)"", ""[SWITCHOFF] <candle> (124)"", ""[WALK] <candle> (216)"", ""[SWITCHOFF] <candle> (216)"", ""[WALK] <candle> (314)"", ""[SWITCHOFF] <candle> (314)""]",False,True,True,False,test_task293,7,livingroom,"[{""id"": 54, ""states"": [""ON""]}, {""id"": 85, ""states"": [""ON""]}, {""id"": 277, ""states"": [""ON""]}, {""id"": 332, ""states"": [""ON""]}]",8,"[""[WALK] <lightswitch> (54)"", ""[SWITCHOFF] <lightswitch> (54)"", ""[WALK] <lightswitch> (85)"", ""[SWITCHOFF] <lightswitch> (85)"", ""[WALK] <lightswitch> (277)"", ""[SWITCHOFF] <lightswitch> (277)"", ""[WALK] <lightswitch> (332)"", ""[SWITCHOFF] <lightswitch> (332)""]"
state_change_task,Turn off all lightswitches,Turn off all candles,example_task81,0.5849753618240356,Turn on all tablelamps,0.5638211965560913,0.021154165267944336,1,1,6,3,kitchen,"[{""id"": 124, ""states"": [""ON""]}, {""id"": 216, ""states"": [""ON""]}, {""id"": 314, ""states"": [""ON""]}]","[""[WALK] <candle> (124)"", ""[SWITCHOFF] <candle> (124)"", ""[WALK] <candle> (216)"", ""[SWITCHOFF] <candle> (216)"", ""[WALK] <candle> (314)"", ""[SWITCHOFF] <candle> (314)""]",False,True,True,False,test_task294,7,bedroom,"[{""id"": 54, ""states"": [""ON""]}, {""id"": 85, ""states"": [""ON""]}, {""id"": 277, ""states"": [""ON""]}, {""id"": 332, ""states"": [""OFF""]}]",6,"[""[WALK] <lightswitch> (54)"", ""[SWITCHOFF] <lightswitch> (54)"", ""[WALK] <lightswitch> (85)"", ""[SWITCHOFF] <lightswitch> (85)"", ""[WALK] <lightswitch> (277)"", ""[SWITCHOFF] <lightswitch> (277)""]"
state_change_task,Turn off all lightswitches,Turn off all candles,example_task81,0.5849753618240356,Turn on all tablelamps,0.5638211965560913,0.021154165267944336,1,1,6,3,kitchen,"[{""id"": 124, ""states"": [""ON""]}, {""id"": 216, ""states"": [""ON""]}, {""id"": 314, ""states"": [""ON""]}]","[""[WALK] <candle> (124)"", ""[SWITCHOFF] <candle> (124)"", ""[WALK] <candle> (216)"", ""[SWITCHOFF] <candle> (216)"", ""[WALK] <candle> (314)"", ""[SWITCHOFF] <candle> (314)""]",False,True,True,False,test_task295,7,kitchen,"[{""id"": 54, ""states"": [""ON""]}, {""id"": 85, ""states"": [""ON""]}, {""id"": 277, ""states"": [""OFF""]}, {""id"": 332, ""states"": [""ON""]}]",6,"[""[WALK] <lightswitch> (54)"", ""[SWITCHOFF] <lightswitch> (54)"", ""[WALK] <lightswitch> (85)"", ""[SWITCHOFF] <lightswitch> (85)"", ""[WALK] <lightswitch> (332)"", ""[SWITCHOFF] <lightswitch> (332)""]"
state_change_task,Turn off all lightswitches,Turn off all candles,example_task81,0.5849753618240356,Turn on all tablelamps,0.5638211965560913,0.021154165267944336,1,1,6,3,kitchen,"[{""id"": 124, ""states"": [""ON""]}, {""id"": 216, ""states"": [""ON""]}, {""id"": 314, ""states"": [""ON""]}]","[""[WALK] <candle> (124)"", ""[SWITCHOFF] <candle> (124)"", ""[WALK] <candle> (216)"", ""[SWITCHOFF] <candle> (216)"", ""[WALK] <candle> (314)"", ""[SWITCHOFF] <candle> (314)""]",False,True,True,False,test_task296,7,kitchen,"[{""id"": 54, ""states"": [""ON""]}, {""id"": 85, ""states"": [""ON""]}, {""id"": 277, ""states"": [""OFF""]}, {""id"": 332, ""states"": [""OFF""]}]",4,"[""[WALK] <lightswitch> (54)"", ""[SWITCHOFF] <lightswitch> (54)"", ""[WALK] <lightswitch> (85)"", ""[SWITCHOFF] <lightswitch> (85)""]"
state_change_task,Turn off all lightswitches,Turn off all candles,example_task81,0.5849753618240356,Turn on all tablelamps,0.5638211965560913,0.021154165267944336,1,1,6,3,kitchen,"[{""id"": 124, ""states"": [""ON""]}, {""id"": 216, ""states"": [""ON""]}, {""id"": 314, ""states"": [""ON""]}]","[""[WALK] <candle> (124)"", ""[SWITCHOFF] <candle> (124)"", ""[WALK] <candle> (216)"", ""[SWITCHOFF] <candle> (216)"", ""[WALK] <candle> (314)"", ""[SWITCHOFF] <candle> (314)""]",False,True,True,False,test_task297,7,livingroom,"[{""id"": 54, ""states"": [""ON""]}, {""id"": 85, ""states"": [""OFF""]}, {""id"": 277, ""states"": [""ON""]}, {""id"": 332, ""states"": [""ON""]}]",6,"[""[WALK] <lightswitch> (54)"", ""[SWITCHOFF] <lightswitch> (54)"", ""[WALK] <lightswitch> (277)"", ""[SWITCHOFF] <lightswitch> (277)"", ""[WALK] <lightswitch> (332)"", ""[SWITCHOFF] <lightswitch> (332)""]"
state_change_task,Turn off all lightswitches,Turn off all candles,example_task81,0.5849753618240356,Turn on all tablelamps,0.5638211965560913,0.021154165267944336,1,1,6,3,kitchen,"[{""id"": 124, ""states"": [""ON""]}, {""id"": 216, ""states"": [""ON""]}, {""id"": 314, ""states"": [""ON""]}]","[""[WALK] <candle> (124)"", ""[SWITCHOFF] <candle> (124)"", ""[WALK] <candle> (216)"", ""[SWITCHOFF] <candle> (216)"", ""[WALK] <candle> (314)"", ""[SWITCHOFF] <candle> (314)""]",False,True,True,False,test_task298,7,bedroom,"[{""id"": 54, ""states"": [""ON""]}, {""id"": 85, ""states"": [""OFF""]}, {""id"": 277, ""states"": [""ON""]}, {""id"": 332, ""states"": [""OFF""]}]",4,"[""[WALK] <lightswitch> (54)"", ""[SWITCHOFF] <lightswitch> (54)"", ""[WALK] <lightswitch> (277)"", ""[SWITCHOFF] <lightswitch> (277)""]"
state_change_task,Turn off all lightswitches,Turn off all candles,example_task81,0.5849753618240356,Turn on all tablelamps,0.5638211965560913,0.021154165267944336,1,1,6,3,kitchen,"[{""id"": 124, ""states"": [""ON""]}, {""id"": 216, ""states"": [""ON""]}, {""id"": 314, ""states"": [""ON""]}]","[""[WALK] <candle> (124)"", ""[SWITCHOFF] <candle> (124)"", ""[WALK] <candle> (216)"", ""[SWITCHOFF] <candle> (216)"", ""[WALK] <candle> (314)"", ""[SWITCHOFF] <candle> (314)""]",False,True,True,False,test_task299,7,livingroom,"[{""id"": 54, ""states"": [""ON""]}, {""id"": 85, ""states"": [""OFF""]}, {""id"": 277, ""states"": [""OFF""]}, {""id"": 332, ""states"": [""ON""]}]",4,"[""[WALK] <lightswitch> (54)"", ""[SWITCHOFF] <lightswitch> (54)"", ""[WALK] <lightswitch> (332)"", ""[SWITCHOFF] <lightswitch> (332)""]"
state_change_task,Turn off all lightswitches,Turn off all candles,example_task81,0.5849753618240356,Turn on all tablelamps,0.5638211965560913,0.021154165267944336,1,1,6,3,kitchen,"[{""id"": 124, ""states"": [""ON""]}, {""id"": 216, ""states"": [""ON""]}, {""id"": 314, ""states"": [""ON""]}]","[""[WALK] <candle> (124)"", ""[SWITCHOFF] <candle> (124)"", ""[WALK] <candle> (216)"", ""[SWITCHOFF] <candle> (216)"", ""[WALK] <candle> (314)"", ""[SWITCHOFF] <candle> (314)""]",False,True,True,False,test_task300,7,livingroom,"[{""id"": 54, ""states"": [""ON""]}, {""id"": 85, ""states"": [""OFF""]}, {""id"": 277, ""states"": [""OFF""]}, {""id"": 332, ""states"": [""OFF""]}]",2,"[""[WALK] <lightswitch> (54)"", ""[SWITCHOFF] <lightswitch> (54)""]"
state_change_task,Turn off all lightswitches,Turn off all candles,example_task81,0.5849753618240356,Turn on all tablelamps,0.5638211965560913,0.021154165267944336,1,1,6,3,kitchen,"[{""id"": 124, ""states"": [""ON""]}, {""id"": 216, ""states"": [""ON""]}, {""id"": 314, ""states"": [""ON""]}]","[""[WALK] <candle> (124)"", ""[SWITCHOFF] <candle> (124)"", ""[WALK] <candle> (216)"", ""[SWITCHOFF] <candle> (216)"", ""[WALK] <candle> (314)"", ""[SWITCHOFF] <candle> (314)""]",False,True,True,False,test_task301,7,bedroom,"[{""id"": 54, ""states"": [""OFF""]}, {""id"": 85, ""states"": [""ON""]}, {""id"": 277, ""states"": [""ON""]}, {""id"": 332, ""states"": [""ON""]}]",6,"[""[WALK] <lightswitch> (85)"", ""[SWITCHOFF] <lightswitch> (85)"", ""[WALK] <lightswitch> (277)"", ""[SWITCHOFF] <lightswitch> (277)"", ""[WALK] <lightswitch> (332)"", ""[SWITCHOFF] <lightswitch> (332)""]"
state_change_task,Turn off all lightswitches,Turn off all candles,example_task81,0.5849753618240356,Turn on all tablelamps,0.5638211965560913,0.021154165267944336,1,1,6,3,kitchen,"[{""id"": 124, ""states"": [""ON""]}, {""id"": 216, ""states"": [""ON""]}, {""id"": 314, ""states"": [""ON""]}]","[""[WALK] <candle> (124)"", ""[SWITCHOFF] <candle> (124)"", ""[WALK] <candle> (216)"", ""[SWITCHOFF] <candle> (216)"", ""[WALK] <candle> (314)"", ""[SWITCHOFF] <candle> (314)""]",False,True,True,False,test_task302,7,bathroom,"[{""id"": 54, ""states"": [""OFF""]}, {""id"": 85, ""states"": [""ON""]}, {""id"": 277, ""states"": [""ON""]}, {""id"": 332, ""states"": [""OFF""]}]",4,"[""[WALK] <lightswitch> (85)"", ""[SWITCHOFF] <lightswitch> (85)"", ""[WALK] <lightswitch> (277)"", ""[SWITCHOFF] <lightswitch> (277)""]"
state_change_task,Turn off all lightswitches,Turn off all candles,example_task81,0.5849753618240356,Turn on all tablelamps,0.5638211965560913,0.021154165267944336,1,1,6,3,kitchen,"[{""id"": 124, ""states"": [""ON""]}, {""id"": 216, ""states"": [""ON""]}, {""id"": 314, ""states"": [""ON""]}]","[""[WALK] <candle> (124)"", ""[SWITCHOFF] <candle> (124)"", ""[WALK] <candle> (216)"", ""[SWITCHOFF] <candle> (216)"", ""[WALK] <candle> (314)"", ""[SWITCHOFF] <candle> (314)""]",False,True,True,False,test_task303,7,bedroom,"[{""id"": 54, ""states"": [""OFF""]}, {""id"": 85, ""states"": [""ON""]}, {""id"": 277, ""states"": [""OFF""]}, {""id"": 332, ""states"": [""ON""]}]",4,"[""[WALK] <lightswitch> (85)"", ""[SWITCHOFF] <lightswitch> (85)"", ""[WALK] <lightswitch> (332)"", ""[SWITCHOFF] <lightswitch> (332)""]"
state_change_task,Turn off all lightswitches,Turn off all candles,example_task81,0.5849753618240356,Turn on all tablelamps,0.5638211965560913,0.021154165267944336,1,1,6,3,kitchen,"[{""id"": 124, ""states"": [""ON""]}, {""id"": 216, ""states"": [""ON""]}, {""id"": 314, ""states"": [""ON""]}]","[""[WALK] <candle> (124)"", ""[SWITCHOFF] <candle> (124)"", ""[WALK] <candle> (216)"", ""[SWITCHOFF] <candle> (216)"", ""[WALK] <candle> (314)"", ""[SWITCHOFF] <candle> (314)""]",False,True,True,False,test_task304,7,bathroom,"[{""id"": 54, ""states"": [""OFF""]}, {""id"": 85, ""states"": [""ON""]}, {""id"": 277, ""states"": [""OFF""]}, {""id"": 332, ""states"": [""OFF""]}]",2,"[""[WALK] <lightswitch> (85)"", ""[SWITCHOFF] <lightswitch> (85)""]"
state_change_task,Turn off all lightswitches,Turn off all candles,example_task81,0.5849753618240356,Turn on all tablelamps,0.5638211965560913,0.021154165267944336,1,1,6,3,kitchen,"[{""id"": 124, ""states"": [""ON""]}, {""id"": 216, ""states"": [""ON""]}, {""id"": 314, ""states"": [""ON""]}]","[""[WALK] <candle> (124)"", ""[SWITCHOFF] <candle> (124)"", ""[WALK] <candle> (216)"", ""[SWITCHOFF] <candle> (216)"", ""[WALK] <candle> (314)"", ""[SWITCHOFF] <candle> (314)""]",False,True,True,False,test_task305,7,bathroom,"[{""id"": 54, ""states"": [""OFF""]}, {""id"": 85, ""states"": [""OFF""]}, {""id"": 277, ""states"": [""ON""]}, {""id"": 332, ""states"": [""ON""]}]",4,"[""[WALK] <lightswitch> (277)"", ""[SWITCHOFF] <lightswitch> (277)"", ""[WALK] <lightswitch> (332)"", ""[SWITCHOFF] <lightswitch> (332)""]"
state_change_task,Turn off all lightswitches,Turn off all candles,example_task81,0.5849753618240356,Turn on all tablelamps,0.5638211965560913,0.021154165267944336,1,1,6,3,kitchen,"[{""id"": 124, ""states"": [""ON""]}, {""id"": 216, ""states"": [""ON""]}, {""id"": 314, ""states"": [""ON""]}]","[""[WALK] <candle> (124)"", ""[SWITCHOFF] <candle> (124)"", ""[WALK] <candle> (216)"", ""[SWITCHOFF] <candle> (216)"", ""[WALK] <candle> (314)"", ""[SWITCHOFF] <candle> (314)""]",False,True,True,False,test_task306,7,livingroom,"[{""id"": 54, ""states"": [""OFF""]}, {""id"": 85, ""states"": [""OFF""]}, {""id"": 277, ""states"": [""ON""]}, {""id"": 332, ""states"": [""OFF""]}]",2,"[""[WALK] <lightswitch> (277)"", ""[SWITCHOFF] <lightswitch> (277)""]"
state_change_task,Turn off all lightswitches,Turn off all candles,example_task81,0.5849753618240356,Turn on all tablelamps,0.5638211965560913,0.021154165267944336,1,1,6,3,kitchen,"[{""id"": 124, ""states"": [""ON""]}, {""id"": 216, ""states"": [""ON""]}, {""id"": 314, ""states"": [""ON""]}]","[""[WALK] <candle> (124)"", ""[SWITCHOFF] <candle> (124)"", ""[WALK] <candle> (216)"", ""[SWITCHOFF] <candle> (216)"", ""[WALK] <candle> (314)"", ""[SWITCHOFF] <candle> (314)""]",False,True,True,False,test_task307,7,livingroom,"[{""id"": 54, ""states"": [""OFF""]}, {""id"": 85, ""states"": [""OFF""]}, {""id"": 277, ""states"": [""OFF""]}, {""id"": 332, ""states"": [""ON""]}]",2,"[""[WALK] <lightswitch> (332)"", ""[SWITCHOFF] <lightswitch> (332)""]"
state_change_task,Turn off all lightswitches,Turn off all candles,example_task81,0.5849753618240356,Turn on all tablelamps,0.5638211965560913,0.021154165267944336,1,1,6,3,kitchen,"[{""id"": 124, ""states"": [""ON""]}, {""id"": 216, ""states"": [""ON""]}, {""id"": 314, ""states"": [""ON""]}]","[""[WALK] <candle> (124)"", ""[SWITCHOFF] <candle> (124)"", ""[WALK] <candle> (216)"", ""[SWITCHOFF] <candle> (216)"", ""[WALK] <candle> (314)"", ""[SWITCHOFF] <candle> (314)""]",False,True,True,False,test_task308,7,bedroom,"[{""id"": 54, ""states"": [""OFF""]}, {""id"": 85, ""states"": [""OFF""]}, {""id"": 277, ""states"": [""OFF""]}, {""id"": 332, ""states"": [""OFF""]}]",0,[]
state_change_task,Turn off all computers,Turn on all computers,example_task12,0.8592640161514282,Turn off all cellphones,0.581680417060852,0.27758359909057617,1,1,4,1,livingroom,"[{""id"": 174, ""states"": [""OFF""]}, {""id"": 433, ""states"": [""OFF""]}]","[""[WALK] <computer> (174)"", ""[SWITCHON] <computer> (174)"", ""[WALK] <computer> (433)"", ""[SWITCHON] <computer> (433)""]",True,False,True,False,test_task309,7,livingroom,"[{""id"": 274, ""states"": [""ON""]}, {""id"": 324, ""states"": [""ON""]}]",4,"[""[WALK] <computer> (274)"", ""[SWITCHOFF] <computer> (274)"", ""[WALK] <computer> (324)"", ""[SWITCHOFF] <computer> (324)""]"
state_change_task,Turn off all computers,Turn on all computers,example_task12,0.8592640161514282,Turn off all cellphones,0.581680417060852,0.27758359909057617,1,1,4,1,livingroom,"[{""id"": 174, ""states"": [""OFF""]}, {""id"": 433, ""states"": [""OFF""]}]","[""[WALK] <computer> (174)"", ""[SWITCHON] <computer> (174)"", ""[WALK] <computer> (433)"", ""[SWITCHON] <computer> (433)""]",True,False,True,False,test_task310,7,bedroom,"[{""id"": 274, ""states"": [""ON""]}, {""id"": 324, ""states"": [""OFF""]}]",2,"[""[WALK] <computer> (274)"", ""[SWITCHOFF] <computer> (274)""]"
state_change_task,Turn off all computers,Turn on all computers,example_task12,0.8592640161514282,Turn off all cellphones,0.581680417060852,0.27758359909057617,1,1,4,1,livingroom,"[{""id"": 174, ""states"": [""OFF""]}, {""id"": 433, ""states"": [""OFF""]}]","[""[WALK] <computer> (174)"", ""[SWITCHON] <computer> (174)"", ""[WALK] <computer> (433)"", ""[SWITCHON] <computer> (433)""]",True,False,True,False,test_task311,7,livingroom,"[{""id"": 274, ""states"": [""OFF""]}, {""id"": 324, ""states"": [""ON""]}]",2,"[""[WALK] <computer> (324)"", ""[SWITCHOFF] <computer> (324)""]"
state_change_task,Turn off all computers,Turn on all computers,example_task12,0.8592640161514282,Turn off all cellphones,0.581680417060852,0.27758359909057617,1,1,4,1,livingroom,"[{""id"": 174, ""states"": [""OFF""]}, {""id"": 433, ""states"": [""OFF""]}]","[""[WALK] <computer> (174)"", ""[SWITCHON] <computer> (174)"", ""[WALK] <computer> (433)"", ""[SWITCHON] <computer> (433)""]",True,False,True,False,test_task312,7,livingroom,"[{""id"": 274, ""states"": [""OFF""]}, {""id"": 324, ""states"": [""OFF""]}]",0,[]
placement_task,Put all cupcakes on the kitchencounter,Put all cupcakes on the kitchentable,example_task1,0.8536933660507202,Put all cupcakes in the fridge,0.8047510981559753,0.04894226789474487,1,1,8,1,bedroom,[],"[""[WALK] <cupcake> (195)"", ""[GRAB] <cupcake> (195)"", ""[WALK] <kitchentable> (231)"", ""[PUT] <cupcake> (195) <kitchentable> (231)"", ""[WALK] <cupcake> (196)"", ""[GRAB] <cupcake> (196)"", ""[WALK] <kitchentable> (231)"", ""[PUT] <cupcake> (196) <kitchentable> (231)""]",True,True,False,False,test_task1,1,bathroom,[],8,"[""[WALK] <cupcake> (195)"", ""[GRAB] <cupcake> (195)"", ""[WALK] <kitchencounter> (238)"", ""[PUT] <cupcake> (195) <kitchencounter> (238)"", ""[WALK] <cupcake> (196)"", ""[GRAB] <cupcake> (196)"", ""[WALK] <kitchencounter> (238)"", ""[PUT] <cupcake> (196) <kitchencounter> (238)""]"
placement_task,Put all bananas on the kitchencounter,Put all bananas on the kitchentable,example_task2,0.8634896874427795,Put all apples on the kitchentable,0.5777876377105713,0.28570204973220825,1,1,12,1,bedroom,[],"[""[WALK] <bananas> (315)"", ""[GRAB] <bananas> (315)"", ""[WALK] <kitchentable> (231)"", ""[PUT] <bananas> (315) <kitchentable> (231)"", ""[WALK] <bananas> (316)"", ""[GRAB] <bananas> (316)"", ""[WALK] <kitchentable> (231)"", ""[PUT] <bananas> (316) <kitchentable> (231)"", ""[WALK] <bananas> (439)"", ""[GRAB] <bananas> (439)"", ""[WALK] <kitchentable> (231)"", ""[PUT] <bananas> (439) <kitchentable> (231)""]",True,True,False,False,test_task2,1,livingroom,[],12,"[""[WALK] <bananas> (315)"", ""[GRAB] <bananas> (315)"", ""[WALK] <kitchencounter> (238)"", ""[PUT] <bananas> (315) <kitchencounter> (238)"", ""[WALK] <bananas> (316)"", ""[GRAB] <bananas> (316)"", ""[WALK] <kitchencounter> (238)"", ""[PUT] <bananas> (316) <kitchencounter> (238)"", ""[WALK] <bananas> (439)"", ""[GRAB] <bananas> (439)"", ""[WALK] <kitchencounter> (238)"", ""[PUT] <bananas> (439) <kitchencounter> (238)""]"
placement_task,Put all bellpeppers on the kitchentable,Put all bellpeppers in the microwave,example_task8,0.7055910229682922,Put all cupcakes on the kitchentable,0.6688814163208008,0.036709606647491455,1,1,25,1,kitchen,"[{""id"": 313, ""states"": [""CLOSED"", ""OFF""]}]","[""[WALK] <bellpepper> (320)"", ""[GRAB] <bellpepper> (320)"", ""[WALK] <microwave> (313)"", ""[OPEN] <microwave> (313)"", ""[PUTIN] <bellpepper> (320) <microwave> (313)"", ""[WALK] <bellpepper> (321)"", ""[GRAB] <bellpepper> (321)"", ""[WALK] <microwave> (313)"", ""[PUTIN] <bellpepper> (321) <microwave> (313)"", ""[WALK] <bellpepper> (322)"", ""[GRAB] <bellpepper> (322)"", ""[WALK] <microwave> (313)"", ""[PUTIN] <bellpepper> (322) <microwave> (313)"", ""[WALK] <bellpepper> (323)"", ""[GRAB] <bellpepper> (323)"", ""[WALK] <microwave> (313)"", ""[PUTIN] <bellpepper> (323) <microwave> (313)"", ""[WALK] <bellpepper> (324)"", ""[GRAB] <bellpepper> (324)"", ""[WALK] <microwave> (313)"", ""[PUTIN] <bellpepper> (324) <microwave> (313)"", ""[WALK] <bellpepper> (325)"", ""[GRAB] <bellpepper> (325)"", ""[WALK] <microwave> (313)"", ""[PUTIN] <bellpepper> (325) <microwave> (313)""]",True,False,False,False,test_task3,1,kitchen,[],24,"[""[WALK] <bellpepper> (320)"", ""[GRAB] <bellpepper> (320)"", ""[WALK] <kitchentable> (231)"", ""[PUT] <bellpepper> (320) <kitchentable> (231)"", ""[WALK] <bellpepper> (321)"", ""[GRAB] <bellpepper> (321)"", ""[WALK] <kitchentable> (231)"", ""[PUT] <bellpepper> (321) <kitchentable> (231)"", ""[WALK] <bellpepper> (322)"", ""[GRAB] <bellpepper> (322)"", ""[WALK] <kitchentable> (231)"", ""[PUT] <bellpepper> (322) <kitchentable> (231)"", ""[WALK] <bellpepper> (323)"", ""[GRAB] <bellpepper> (323)"", ""[WALK] <kitchentable> (231)"", ""[PUT] <bellpepper> (323) <kitchentable> (231)"", ""[WALK] <bellpepper> (324)"", ""[GRAB] <bellpepper> (324)"", ""[WALK] <kitchentable> (231)"", ""[PUT] <bellpepper> (324) <kitchentable> (231)"", ""[WALK] <bellpepper> (325)"", ""[GRAB] <bellpepper> (325)"", ""[WALK] <kitchentable> (231)"", ""[PUT] <bellpepper> (325) <kitchentable> (231)""]"
placement_task,Put all bellpeppers on the kitchencounter,Put all bellpeppers in the microwave,example_task8,0.6830224990844727,Put all plums on the kitchentable,0.5467667579650879,0.13625574111938477,1,1,25,1,kitchen,"[{""id"": 313, ""states"": [""CLOSED"", ""OFF""]}]","[""[WALK] <bellpepper> (320)"", ""[GRAB] <bellpepper> (320)"", ""[WALK] <microwave> (313)"", ""[OPEN] <microwave> (313)"", ""[PUTIN] <bellpepper> (320) <microwave> (313)"", ""[WALK] <bellpepper> (321)"", ""[GRAB] <bellpepper> (321)"", ""[WALK] <microwave> (313)"", ""[PUTIN] <bellpepper> (321) <microwave> (313)"", ""[WALK] <bellpepper> (322)"", ""[GRAB] <bellpepper> (322)"", ""[WALK] <microwave> (313)"", ""[PUTIN] <bellpepper> (322) <microwave> (313)"", ""[WALK] <bellpepper> (323)"", ""[GRAB] <bellpepper> (323)"", ""[WALK] <microwave> (313)"", ""[PUTIN] <bellpepper> (323) <microwave> (313)"", ""[WALK] <bellpepper> (324)"", ""[GRAB] <bellpepper> (324)"", ""[WALK] <microwave> (313)"", ""[PUTIN] <bellpepper> (324) <microwave> (313)"", ""[WALK] <bellpepper> (325)"", ""[GRAB] <bellpepper> (325)"", ""[WALK] <microwave> (313)"", ""[PUTIN] <bellpepper> (325) <microwave> (313)""]",True,False,False,False,test_task4,1,bathroom,[],0,[]
placement_task,Put all chips on the kitchentable,Put all chips on the coffeetable,example_task35,0.8499681353569031,Put all chips in the fridge,0.7245342135429382,0.12543392181396484,1,1,8,4,bedroom,[],"[""[WALK] <chips> (61)"", ""[GRAB] <chips> (61)"", ""[WALK] <coffeetable> (269)"", ""[PUT] <chips> (61) <coffeetable> (269)"", ""[WALK] <chips> (67)"", ""[GRAB] <chips> (67)"", ""[WALK] <coffeetable> (269)"", ""[PUT] <chips> (67) <coffeetable> (269)""]",True,True,False,False,test_task5,1,kitchen,[],8,"[""[WALK] <chips> (328)"", ""[GRAB] <chips> (328)"", ""[WALK] <kitchentable> (231)"", ""[PUT] <chips> (328) <kitchentable> (231)"", ""[WALK] <chips> (329)"", ""[GRAB] <chips> (329)"", ""[WALK] <kitchentable> (231)"", ""[PUT] <chips> (329) <kitchentable> (231)""]"
placement_task,Put all apples on the kitchencounter,Put all apples on the kitchentable,example_task15,0.8154546022415161,Put all apples in the fridge,0.743765115737915,0.07168948650360107,1,1,20,2,kitchen,[],"[""[WALK] <apple> (113)"", ""[GRAB] <apple> (113)"", ""[WALK] <kitchentable> (199)"", ""[PUT] <apple> (113) <kitchentable> (199)"", ""[WALK] <apple> (114)"", ""[GRAB] <apple> (114)"", ""[WALK] <kitchentable> (199)"", ""[PUT] <apple> (114) <kitchentable> (199)"", ""[WALK] <apple> (256)"", ""[GRAB] <apple> (256)"", ""[WALK] <kitchentable> (199)"", ""[PUT] <apple> (256) <kitchentable> (199)"", ""[WALK] <apple> (258)"", ""[GRAB] <apple> (258)"", ""[WALK] <kitchentable> (199)"", ""[PUT] <apple> (258) <kitchentable> (199)"", ""[WALK] <apple> (259)"", ""[GRAB] <apple> (259)"", ""[WALK] <kitchentable> (199)"", ""[PUT] <apple> (259) <kitchentable> (199)""]",True,True,False,False,test_task6,1,kitchen,[],8,"[""[WALK] <apple> (437)"", ""[GRAB] <apple> (437)"", ""[WALK] <kitchencounter> (238)"", ""[PUT] <apple> (437) <kitchencounter> (238)"", ""[WALK] <apple> (438)"", ""[GRAB] <apple> (438)"", ""[WALK] <kitchencounter> (238)"", ""[PUT] <apple> (438) <kitchencounter> (238)""]"
placement_task,Put all peaches on the kitchentable,Put all peaches on the coffeetable,example_task31,0.8913750648498535,Put all peaches on the oventray,0.7798365354537964,0.11153852939605713,1,1,12,4,bathroom,[],"[""[WALK] <peach> (51)"", ""[GRAB] <peach> (51)"", ""[WALK] <coffeetable> (269)"", ""[PUT] <peach> (51) <coffeetable> (269)"", ""[WALK] <peach> (52)"", ""[GRAB] <peach> (52)"", ""[WALK] <coffeetable> (269)"", ""[PUT] <peach> (52) <coffeetable> (269)"", ""[WALK] <peach> (65)"", ""[GRAB] <peach> (65)"", ""[WALK] <coffeetable> (269)"", ""[PUT] <peach> (65) <coffeetable> (269)""]",True,True,False,False,test_task7,1,bedroom,[],8,"[""[WALK] <peach> (441)"", ""[GRAB] <peach> (441)"", ""[WALK] <kitchentable> (231)"", ""[PUT] <peach> (441) <kitchentable> (231)"", ""[WALK] <peach> (442)"", ""[GRAB] <peach> (442)"", ""[WALK] <kitchentable> (231)"", ""[PUT] <peach> (442) <kitchentable> (231)""]"
placement_task,Put all peaches on the kitchencounter,Put all peaches on the oventray,example_task30,0.8023979663848877,Put all peaches on the coffeetable,0.741974949836731,0.06042301654815674,1,1,12,4,kitchen,[],"[""[WALK] <peach> (51)"", ""[GRAB] <peach> (51)"", ""[WALK] <oventray> (106)"", ""[PUT] <peach> (51) <oventray> (106)"", ""[WALK] <peach> (52)"", ""[GRAB] <peach> (52)"", ""[WALK] <oventray> (106)"", ""[PUT] <peach> (52) <oventray> (106)"", ""[WALK] <peach> (65)"", ""[GRAB] <peach> (65)"", ""[WALK] <oventray> (106)"", ""[PUT] <peach> (65) <oventray> (106)""]",True,True,False,False,test_task8,1,kitchen,[],8,"[""[WALK] <peach> (441)"", ""[GRAB] <peach> (441)"", ""[WALK] <kitchencounter> (238)"", ""[PUT] <peach> (441) <kitchencounter> (238)"", ""[WALK] <peach> (442)"", ""[GRAB] <peach> (442)"", ""[WALK] <kitchencounter> (238)"", ""[PUT] <peach> (442) <kitchencounter> (238)""]"
placement_task,Put all plums on the kitchencounter,Put all plums on the kitchentable,example_task4,0.8574708104133606,Put all plums on the oventray,0.7450121641159058,0.11245864629745483,1,1,8,1,livingroom,[],"[""[WALK] <plum> (443)"", ""[GRAB] <plum> (443)"", ""[WALK] <kitchentable> (231)"", ""[PUT] <plum> (443) <kitchentable> (231)"", ""[WALK] <plum> (444)"", ""[GRAB] <plum> (444)"", ""[WALK] <kitchentable> (231)"", ""[PUT] <plum> (444) <kitchentable> (231)""]",True,True,False,False,test_task9,1,kitchen,[],8,"[""[WALK] <plum> (443)"", ""[GRAB] <plum> (443)"", ""[WALK] <kitchencounter> (238)"", ""[PUT] <plum> (443) <kitchencounter> (238)"", ""[WALK] <plum> (444)"", ""[GRAB] <plum> (444)"", ""[WALK] <kitchencounter> (238)"", ""[PUT] <plum> (444) <kitchencounter> (238)""]"
placement_task,Put all cupcakes in the microwave,Put all cupcakes in the fridge,example_task29,0.8067172765731812,Put all cupcakes on the kitchentable,0.7639733552932739,0.04274392127990723,1,1,17,3,livingroom,"[{""id"": 162, ""states"": [""CLOSED""]}]","[""[WALK] <cupcake> (225)"", ""[GRAB] <cupcake> (225)"", ""[WALK] <fridge> (162)"", ""[OPEN] <fridge> (162)"", ""[PUTIN] <cupcake> (225) <fridge> (162)"", ""[WALK] <cupcake> (226)"", ""[GRAB] <cupcake> (226)"", ""[WALK] <fridge> (162)"", ""[PUTIN] <cupcake> (226) <fridge> (162)"", ""[WALK] <cupcake> (227)"", ""[GRAB] <cupcake> (227)"", ""[WALK] <fridge> (162)"", ""[PUTIN] <cupcake> (227) <fridge> (162)"", ""[WALK] <cupcake> (385)"", ""[GRAB] <cupcake> (385)"", ""[WALK] <fridge> (162)"", ""[PUTIN] <cupcake> (385) <fridge> (162)""]",True,True,False,False,test_task10,1,kitchen,"[{""id"": 313, ""states"": [""OPEN"", ""OFF""]}]",8,"[""[WALK] <cupcake> (195)"", ""[GRAB] <cupcake> (195)"", ""[WALK] <microwave> (313)"", ""[PUTIN] <cupcake> (195) <microwave> (313)"", ""[WALK] <cupcake> (196)"", ""[GRAB] <cupcake> (196)"", ""[WALK] <microwave> (313)"", ""[PUTIN] <cupcake> (196) <microwave> (313)""]"
placement_task,Put all cupcakes in the microwave,Put all cupcakes in the fridge,example_task29,0.8067172765731812,Put all cupcakes on the kitchentable,0.7639733552932739,0.04274392127990723,1,1,17,3,livingroom,"[{""id"": 162, ""states"": [""CLOSED""]}]","[""[WALK] <cupcake> (225)"", ""[GRAB] <cupcake> (225)"", ""[WALK] <fridge> (162)"", ""[OPEN] <fridge> (162)"", ""[PUTIN] <cupcake> (225) <fridge> (162)"", ""[WALK] <cupcake> (226)"", ""[GRAB] <cupcake> (226)"", ""[WALK] <fridge> (162)"", ""[PUTIN] <cupcake> (226) <fridge> (162)"", ""[WALK] <cupcake> (227)"", ""[GRAB] <cupcake> (227)"", ""[WALK] <fridge> (162)"", ""[PUTIN] <cupcake> (227) <fridge> (162)"", ""[WALK] <cupcake> (385)"", ""[GRAB] <cupcake> (385)"", ""[WALK] <fridge> (162)"", ""[PUTIN] <cupcake> (385) <fridge> (162)""]",True,True,False,False,test_task11,1,bedroom,"[{""id"": 313, ""states"": [""CLOSED"", ""OFF""]}]",9,"[""[WALK] <cupcake> (195)"", ""[GRAB] <cupcake> (195)"", ""[WALK] <microwave> (313)"", ""[OPEN] <microwave> (313)"", ""[PUTIN] <cupcake> (195) <microwave> (313)"", ""[WALK] <cupcake> (196)"", ""[GRAB] <cupcake> (196)"", ""[WALK] <microwave> (313)"", ""[PUTIN] <cupcake> (196) <microwave> (313)""]"
placement_task,Put all bananas in the fridge,Put all bananas on the kitchentable,example_task2,0.7763677835464478,Put all apples in the fridge,0.6310110688209534,0.14535671472549438,1,1,12,1,bedroom,[],"[""[WALK] <bananas> (315)"", ""[GRAB] <bananas> (315)"", ""[WALK] <kitchentable> (231)"", ""[PUT] <bananas> (315) <kitchentable> (231)"", ""[WALK] <bananas> (316)"", ""[GRAB] <bananas> (316)"", ""[WALK] <kitchentable> (231)"", ""[PUT] <bananas> (316) <kitchentable> (231)"", ""[WALK] <bananas> (439)"", ""[GRAB] <bananas> (439)"", ""[WALK] <kitchentable> (231)"", ""[PUT] <bananas> (439) <kitchentable> (231)""]",True,False,False,False,test_task12,1,livingroom,"[{""id"": 305, ""states"": [""OPEN""]}]",12,"[""[WALK] <bananas> (315)"", ""[GRAB] <bananas> (315)"", ""[WALK] <fridge> (305)"", ""[PUTIN] <bananas> (315) <fridge> (305)"", ""[WALK] <bananas> (316)"", ""[GRAB] <bananas> (316)"", ""[WALK] <fridge> (305)"", ""[PUTIN] <bananas> (316) <fridge> (305)"", ""[WALK] <bananas> (439)"", ""[GRAB] <bananas> (439)"", ""[WALK] <fridge> (305)"", ""[PUTIN] <bananas> (439) <fridge> (305)""]"
placement_task,Put all bananas in the fridge,Put all bananas on the kitchentable,example_task2,0.7763677835464478,Put all apples in the fridge,0.6310110688209534,0.14535671472549438,1,1,12,1,bedroom,[],"[""[WALK] <bananas> (315)"", ""[GRAB] <bananas> (315)"", ""[WALK] <kitchentable> (231)"", ""[PUT] <bananas> (315) <kitchentable> (231)"", ""[WALK] <bananas> (316)"", ""[GRAB] <bananas> (316)"", ""[WALK] <kitchentable> (231)"", ""[PUT] <bananas> (316) <kitchentable> (231)"", ""[WALK] <bananas> (439)"", ""[GRAB] <bananas> (439)"", ""[WALK] <kitchentable> (231)"", ""[PUT] <bananas> (439) <kitchentable> (231)""]",True,False,False,False,test_task13,1,bathroom,"[{""id"": 305, ""states"": [""CLOSED""]}]",13,"[""[WALK] <bananas> (315)"", ""[GRAB] <bananas> (315)"", ""[WALK] <fridge> (305)"", ""[OPEN] <fridge> (305)"", ""[PUTIN] <bananas> (315) <fridge> (305)"", ""[WALK] <bananas> (316)"", ""[GRAB] <bananas> (316)"", ""[WALK] <fridge> (305)"", ""[PUTIN] <bananas> (316) <fridge> (305)"", ""[WALK] <bananas> (439)"", ""[GRAB] <bananas> (439)"", ""[WALK] <fridge> (305)"", ""[PUTIN] <bananas> (439) <fridge> (305)""]"
placement_task,Put all bananas in the microwave,Put all bananas on the kitchentable,example_task2,0.8097575902938843,Put all apples in the microwave,0.7071243524551392,0.10263323783874512,1,1,12,1,bedroom,[],"[""[WALK] <bananas> (315)"", ""[GRAB] <bananas> (315)"", ""[WALK] <kitchentable> (231)"", ""[PUT] <bananas> (315) <kitchentable> (231)"", ""[WALK] <bananas> (316)"", ""[GRAB] <bananas> (316)"", ""[WALK] <kitchentable> (231)"", ""[PUT] <bananas> (316) <kitchentable> (231)"", ""[WALK] <bananas> (439)"", ""[GRAB] <bananas> (439)"", ""[WALK] <kitchentable> (231)"", ""[PUT] <bananas> (439) <kitchentable> (231)""]",True,False,False,False,test_task14,1,bedroom,"[{""id"": 313, ""states"": [""OPEN"", ""OFF""]}]",12,"[""[WALK] <bananas> (315)"", ""[GRAB] <bananas> (315)"", ""[WALK] <microwave> (313)"", ""[PUTIN] <bananas> (315) <microwave> (313)"", ""[WALK] <bananas> (316)"", ""[GRAB] <bananas> (316)"", ""[WALK] <microwave> (313)"", ""[PUTIN] <bananas> (316) <microwave> (313)"", ""[WALK] <bananas> (439)"", ""[GRAB] <bananas> (439)"", ""[WALK] <microwave> (313)"", ""[PUTIN] <bananas> (439) <microwave> (313)""]"
placement_task,Put all bananas in the microwave,Put all bananas on the kitchentable,example_task2,0.8097575902938843,Put all apples in the microwave,0.7071243524551392,0.10263323783874512,1,1,12,1,bedroom,[],"[""[WALK] <bananas> (315)"", ""[GRAB] <bananas> (315)"", ""[WALK] <kitchentable> (231)"", ""[PUT] <bananas> (315) <kitchentable> (231)"", ""[WALK] <bananas> (316)"", ""[GRAB] <bananas> (316)"", ""[WALK] <kitchentable> (231)"", ""[PUT] <bananas> (316) <kitchentable> (231)"", ""[WALK] <bananas> (439)"", ""[GRAB] <bananas> (439)"", ""[WALK] <kitchentable> (231)"", ""[PUT] <bananas> (439) <kitchentable> (231)""]",True,False,False,False,test_task15,1,bedroom,"[{""id"": 313, ""states"": [""CLOSED"", ""OFF""]}]",13,"[""[WALK] <bananas> (315)"", ""[GRAB] <bananas> (315)"", ""[WALK] <microwave> (313)"", ""[OPEN] <microwave> (313)"", ""[PUTIN] <bananas> (315) <microwave> (313)"", ""[WALK] <bananas> (316)"", ""[GRAB] <bananas> (316)"", ""[WALK] <microwave> (313)"", ""[PUTIN] <bananas> (316) <microwave> (313)"", ""[WALK] <bananas> (439)"", ""[GRAB] <bananas> (439)"", ""[WALK] <microwave> (313)"", ""[PUTIN] <bananas> (439) <microwave> (313)""]"
placement_task,Put all bellpeppers in the fridge,Put all bellpeppers in the microwave,example_task8,0.7915724515914917,Put all chips in the fridge,0.5910040140151978,0.20056843757629395,1,1,25,1,kitchen,"[{""id"": 313, ""states"": [""CLOSED"", ""OFF""]}]","[""[WALK] <bellpepper> (320)"", ""[GRAB] <bellpepper> (320)"", ""[WALK] <microwave> (313)"", ""[OPEN] <microwave> (313)"", ""[PUTIN] <bellpepper> (320) <microwave> (313)"", ""[WALK] <bellpepper> (321)"", ""[GRAB] <bellpepper> (321)"", ""[WALK] <microwave> (313)"", ""[PUTIN] <bellpepper> (321) <microwave> (313)"", ""[WALK] <bellpepper> (322)"", ""[GRAB] <bellpepper> (322)"", ""[WALK] <microwave> (313)"", ""[PUTIN] <bellpepper> (322) <microwave> (313)"", ""[WALK] <bellpepper> (323)"", ""[GRAB] <bellpepper> (323)"", ""[WALK] <microwave> (313)"", ""[PUTIN] <bellpepper> (323) <microwave> (313)"", ""[WALK] <bellpepper> (324)"", ""[GRAB] <bellpepper> (324)"", ""[WALK] <microwave> (313)"", ""[PUTIN] <bellpepper> (324) <microwave> (313)"", ""[WALK] <bellpepper> (325)"", ""[GRAB] <bellpepper> (325)"", ""[WALK] <microwave> (313)"", ""[PUTIN] <bellpepper> (325) <microwave> (313)""]",True,True,False,False,test_task16,1,bedroom,"[{""id"": 305, ""states"": [""OPEN""]}]",24,"[""[WALK] <bellpepper> (320)"", ""[GRAB] <bellpepper> (320)"", ""[WALK] <fridge> (305)"", ""[PUTIN] <bellpepper> (320) <fridge> (305)"", ""[WALK] <bellpepper> (321)"", ""[GRAB] <bellpepper> (321)"", ""[WALK] <fridge> (305)"", ""[PUTIN] <bellpepper> (321) <fridge> (305)"", ""[WALK] <bellpepper> (322)"", ""[GRAB] <bellpepper> (322)"", ""[WALK] <fridge> (305)"", ""[PUTIN] <bellpepper> (322) <fridge> (305)"", ""[WALK] <bellpepper> (323)"", ""[GRAB] <bellpepper> (323)"", ""[WALK] <fridge> (305)"", ""[PUTIN] <bellpepper> (323) <fridge> (305)"", ""[WALK] <bellpepper> (324)"", ""[GRAB] <bellpepper> (324)"", ""[WALK] <fridge> (305)"", ""[PUTIN] <bellpepper> (324) <fridge> (305)"", ""[WALK] <bellpepper> (325)"", ""[GRAB] <bellpepper> (325)"", ""[WALK] <fridge> (305)"", ""[PUTIN] <bellpepper> (325) <fridge> (305)""]"
placement_task,Put all bellpeppers in the fridge,Put all bellpeppers in the microwave,example_task8,0.7915724515914917,Put all chips in the fridge,0.5910040140151978,0.20056843757629395,1,1,25,1,kitchen,"[{""id"": 313, ""states"": [""CLOSED"", ""OFF""]}]","[""[WALK] <bellpepper> (320)"", ""[GRAB] <bellpepper> (320)"", ""[WALK] <microwave> (313)"", ""[OPEN] <microwave> (313)"", ""[PUTIN] <bellpepper> (320) <microwave> (313)"", ""[WALK] <bellpepper> (321)"", ""[GRAB] <bellpepper> (321)"", ""[WALK] <microwave> (313)"", ""[PUTIN] <bellpepper> (321) <microwave> (313)"", ""[WALK] <bellpepper> (322)"", ""[GRAB] <bellpepper> (322)"", ""[WALK] <microwave> (313)"", ""[PUTIN] <bellpepper> (322) <microwave> (313)"", ""[WALK] <bellpepper> (323)"", ""[GRAB] <bellpepper> (323)"", ""[WALK] <microwave> (313)"", ""[PUTIN] <bellpepper> (323) <microwave> (313)"", ""[WALK] <bellpepper> (324)"", ""[GRAB] <bellpepper> (324)"", ""[WALK] <microwave> (313)"", ""[PUTIN] <bellpepper> (324) <microwave> (313)"", ""[WALK] <bellpepper> (325)"", ""[GRAB] <bellpepper> (325)"", ""[WALK] <microwave> (313)"", ""[PUTIN] <bellpepper> (325) <microwave> (313)""]",True,True,False,False,test_task17,1,bedroom,"[{""id"": 305, ""states"": [""CLOSED""]}]",25,"[""[WALK] <bellpepper> (320)"", ""[GRAB] <bellpepper> (320)"", ""[WALK] <fridge> (305)"", ""[OPEN] <fridge> (305)"", ""[PUTIN] <bellpepper> (320) <fridge> (305)"", ""[WALK] <bellpepper> (321)"", ""[GRAB] <bellpepper> (321)"", ""[WALK] <fridge> (305)"", ""[PUTIN] <bellpepper> (321) <fridge> (305)"", ""[WALK] <bellpepper> (322)"", ""[GRAB] <bellpepper> (322)"", ""[WALK] <fridge> (305)"", ""[PUTIN] <bellpepper> (322) <fridge> (305)"", ""[WALK] <bellpepper> (323)"", ""[GRAB] <bellpepper> (323)"", ""[WALK] <fridge> (305)"", ""[PUTIN] <bellpepper> (323) <fridge> (305)"", ""[WALK] <bellpepper> (324)"", ""[GRAB] <bellpepper> (324)"", ""[WALK] <fridge> (305)"", ""[PUTIN] <bellpepper> (324) <fridge> (305)"", ""[WALK] <bellpepper> (325)"", ""[GRAB] <bellpepper> (325)"", ""[WALK] <fridge> (305)"", ""[PUTIN] <bellpepper> (325) <fridge> (305)""]"
placement_task,Put all peaches in the fridge,Put all peaches on the oventray,example_task30,0.7355716228485107,Put all peaches on the coffeetable,0.7055116891860962,0.03005993366241455,1,1,12,4,kitchen,[],"[""[WALK] <peach> (51)"", ""[GRAB] <peach> (51)"", ""[WALK] <oventray> (106)"", ""[PUT] <peach> (51) <oventray> (106)"", ""[WALK] <peach> (52)"", ""[GRAB] <peach> (52)"", ""[WALK] <oventray> (106)"", ""[PUT] <peach> (52) <oventray> (106)"", ""[WALK] <peach> (65)"", ""[GRAB] <peach> (65)"", ""[WALK] <oventray> (106)"", ""[PUT] <peach> (65) <oventray> (106)""]",True,False,False,False,test_task18,1,kitchen,"[{""id"": 305, ""states"": [""OPEN""]}]",8,"[""[WALK] <peach> (441)"", ""[GRAB] <peach> (441)"", ""[WALK] <fridge> (305)"", ""[PUTIN] <peach> (441) <fridge> (305)"", ""[WALK] <peach> (442)"", ""[GRAB] <peach> (442)"", ""[WALK] <fridge> (305)"", ""[PUTIN] <peach> (442) <fridge> (305)""]"
placement_task,Put all peaches in the fridge,Put all peaches on the oventray,example_task30,0.7355716228485107,Put all peaches on the coffeetable,0.7055116891860962,0.03005993366241455,1,1,12,4,kitchen,[],"[""[WALK] <peach> (51)"", ""[GRAB] <peach> (51)"", ""[WALK] <oventray> (106)"", ""[PUT] <peach> (51) <oventray> (106)"", ""[WALK] <peach> (52)"", ""[GRAB] <peach> (52)"", ""[WALK] <oventray> (106)"", ""[PUT] <peach> (52) <oventray> (106)"", ""[WALK] <peach> (65)"", ""[GRAB] <peach> (65)"", ""[WALK] <oventray> (106)"", ""[PUT] <peach> (65) <oventray> (106)""]",True,False,False,False,test_task19,1,livingroom,"[{""id"": 305, ""states"": [""CLOSED""]}]",9,"[""[WALK] <peach> (441)"", ""[GRAB] <peach> (441)"", ""[WALK] <fridge> (305)"", ""[OPEN] <fridge> (305)"", ""[PUTIN] <peach> (441) <fridge> (305)"", ""[WALK] <peach> (442)"", ""[GRAB] <peach> (442)"", ""[WALK] <fridge> (305)"", ""[PUTIN] <peach> (442) <fridge> (305)""]"
placement_task,Put all peaches in the microwave,Put all peaches on the oventray,example_task30,0.8025043606758118,Put all apples in the microwave,0.7549737691879272,0.04753059148788452,1,1,12,4,kitchen,[],"[""[WALK] <peach> (51)"", ""[GRAB] <peach> (51)"", ""[WALK] <oventray> (106)"", ""[PUT] <peach> (51) <oventray> (106)"", ""[WALK] <peach> (52)"", ""[GRAB] <peach> (52)"", ""[WALK] <oventray> (106)"", ""[PUT] <peach> (52) <oventray> (106)"", ""[WALK] <peach> (65)"", ""[GRAB] <peach> (65)"", ""[WALK] <oventray> (106)"", ""[PUT] <peach> (65) <oventray> (106)""]",True,False,False,False,test_task20,1,bedroom,"[{""id"": 313, ""states"": [""OPEN"", ""OFF""]}]",8,"[""[WALK] <peach> (441)"", ""[GRAB] <peach> (441)"", ""[WALK] <microwave> (313)"", ""[PUTIN] <peach> (441) <microwave> (313)"", ""[WALK] <peach> (442)"", ""[GRAB] <peach> (442)"", ""[WALK] <microwave> (313)"", ""[PUTIN] <peach> (442) <microwave> (313)""]"
placement_task,Put all peaches in the microwave,Put all peaches on the oventray,example_task30,0.8025043606758118,Put all apples in the microwave,0.7549737691879272,0.04753059148788452,1,1,12,4,kitchen,[],"[""[WALK] <peach> (51)"", ""[GRAB] <peach> (51)"", ""[WALK] <oventray> (106)"", ""[PUT] <peach> (51) <oventray> (106)"", ""[WALK] <peach> (52)"", ""[GRAB] <peach> (52)"", ""[WALK] <oventray> (106)"", ""[PUT] <peach> (52) <oventray> (106)"", ""[WALK] <peach> (65)"", ""[GRAB] <peach> (65)"", ""[WALK] <oventray> (106)"", ""[PUT] <peach> (65) <oventray> (106)""]",True,False,False,False,test_task21,1,kitchen,"[{""id"": 313, ""states"": [""CLOSED"", ""OFF""]}]",9,"[""[WALK] <peach> (441)"", ""[GRAB] <peach> (441)"", ""[WALK] <microwave> (313)"", ""[OPEN] <microwave> (313)"", ""[PUTIN] <peach> (441) <microwave> (313)"", ""[WALK] <peach> (442)"", ""[GRAB] <peach> (442)"", ""[WALK] <microwave> (313)"", ""[PUTIN] <peach> (442) <microwave> (313)""]"
placement_task,Put all plums in the fridge,Put all plums on the kitchentable,example_task4,0.7605376243591309,Put all plums on the coffeetable,0.6626298427581787,0.09790778160095215,1,1,8,1,livingroom,[],"[""[WALK] <plum> (443)"", ""[GRAB] <plum> (443)"", ""[WALK] <kitchentable> (231)"", ""[PUT] <plum> (443) <kitchentable> (231)"", ""[WALK] <plum> (444)"", ""[GRAB] <plum> (444)"", ""[WALK] <kitchentable> (231)"", ""[PUT] <plum> (444) <kitchentable> (231)""]",True,False,False,False,test_task22,1,livingroom,"[{""id"": 305, ""states"": [""OPEN""]}]",8,"[""[WALK] <plum> (443)"", ""[GRAB] <plum> (443)"", ""[WALK] <fridge> (305)"", ""[PUTIN] <plum> (443) <fridge> (305)"", ""[WALK] <plum> (444)"", ""[GRAB] <plum> (444)"", ""[WALK] <fridge> (305)"", ""[PUTIN] <plum> (444) <fridge> (305)""]"
placement_task,Put all plums in the fridge,Put all plums on the kitchentable,example_task4,0.7605376243591309,Put all plums on the coffeetable,0.6626298427581787,0.09790778160095215,1,1,8,1,livingroom,[],"[""[WALK] <plum> (443)"", ""[GRAB] <plum> (443)"", ""[WALK] <kitchentable> (231)"", ""[PUT] <plum> (443) <kitchentable> (231)"", ""[WALK] <plum> (444)"", ""[GRAB] <plum> (444)"", ""[WALK] <kitchentable> (231)"", ""[PUT] <plum> (444) <kitchentable> (231)""]",True,False,False,False,test_task23,1,bathroom,"[{""id"": 305, ""states"": [""CLOSED""]}]",9,"[""[WALK] <plum> (443)"", ""[GRAB] <plum> (443)"", ""[WALK] <fridge> (305)"", ""[OPEN] <fridge> (305)"", ""[PUTIN] <plum> (443) <fridge> (305)"", ""[WALK] <plum> (444)"", ""[GRAB] <plum> (444)"", ""[WALK] <fridge> (305)"", ""[PUTIN] <plum> (444) <fridge> (305)""]"
placement_task,Put all plums in the microwave,Put all plums on the kitchentable,example_task4,0.7624219059944153,Put all plums on the oventray,0.758360743522644,0.00406116247177124,1,1,8,1,livingroom,[],"[""[WALK] <plum> (443)"", ""[GRAB] <plum> (443)"", ""[WALK] <kitchentable> (231)"", ""[PUT] <plum> (443) <kitchentable> (231)"", ""[WALK] <plum> (444)"", ""[GRAB] <plum> (444)"", ""[WALK] <kitchentable> (231)"", ""[PUT] <plum> (444) <kitchentable> (231)""]",True,False,False,False,test_task24,1,bathroom,"[{""id"": 313, ""states"": [""OPEN"", ""OFF""]}]",8,"[""[WALK] <plum> (443)"", ""[GRAB] <plum> (443)"", ""[WALK] <microwave> (313)"", ""[PUTIN] <plum> (443) <microwave> (313)"", ""[WALK] <plum> (444)"", ""[GRAB] <plum> (444)"", ""[WALK] <microwave> (313)"", ""[PUTIN] <plum> (444) <microwave> (313)""]"
placement_task,Put all plums in the microwave,Put all plums on the kitchentable,example_task4,0.7624219059944153,Put all plums on the oventray,0.758360743522644,0.00406116247177124,1,1,8,1,livingroom,[],"[""[WALK] <plum> (443)"", ""[GRAB] <plum> (443)"", ""[WALK] <kitchentable> (231)"", ""[PUT] <plum> (443) <kitchentable> (231)"", ""[WALK] <plum> (444)"", ""[GRAB] <plum> (444)"", ""[WALK] <kitchentable> (231)"", ""[PUT] <plum> (444) <kitchentable> (231)""]",True,False,False,False,test_task25,1,bathroom,"[{""id"": 313, ""states"": [""CLOSED"", ""OFF""]}]",9,"[""[WALK] <plum> (443)"", ""[GRAB] <plum> (443)"", ""[WALK] <microwave> (313)"", ""[OPEN] <microwave> (313)"", ""[PUTIN] <plum> (443) <microwave> (313)"", ""[WALK] <plum> (444)"", ""[GRAB] <plum> (444)"", ""[WALK] <microwave> (313)"", ""[PUTIN] <plum> (444) <microwave> (313)""]"
placement_task,Put all peaches on the kitchentable,Put all peaches on the coffeetable,example_task31,0.8913750648498535,Put all peaches on the oventray,0.7798365354537964,0.11153852939605713,1,1,12,4,bathroom,[],"[""[WALK] <peach> (51)"", ""[GRAB] <peach> (51)"", ""[WALK] <coffeetable> (269)"", ""[PUT] <peach> (51) <coffeetable> (269)"", ""[WALK] <peach> (52)"", ""[GRAB] <peach> (52)"", ""[WALK] <coffeetable> (269)"", ""[PUT] <peach> (52) <coffeetable> (269)"", ""[WALK] <peach> (65)"", ""[GRAB] <peach> (65)"", ""[WALK] <coffeetable> (269)"", ""[PUT] <peach> (65) <coffeetable> (269)""]",True,True,False,False,test_task26,2,bathroom,[],8,"[""[WALK] <peach> (117)"", ""[GRAB] <peach> (117)"", ""[WALK] <kitchentable> (199)"", ""[PUT] <peach> (117) <kitchentable> (199)"", ""[WALK] <peach> (118)"", ""[GRAB] <peach> (118)"", ""[WALK] <kitchentable> (199)"", ""[PUT] <peach> (118) <kitchentable> (199)""]"
placement_task,Put all creamybuns on the kitchentable,Put all milks on the kitchentable,example_task46,0.7625018358230591,Put all cupcakes on the kitchentable,0.6637578010559082,0.09874403476715088,1,1,8,6,bathroom,[],"[""[WALK] <milk> (245)"", ""[GRAB] <milk> (245)"", ""[WALK] <kitchentable> (186)"", ""[PUT] <milk> (245) <kitchentable> (186)"", ""[WALK] <milk> (246)"", ""[GRAB] <milk> (246)"", ""[WALK] <kitchentable> (186)"", ""[PUT] <milk> (246) <kitchentable> (186)""]",False,True,True,False,test_task27,2,livingroom,[],8,"[""[WALK] <creamybuns> (243)"", ""[GRAB] <creamybuns> (243)"", ""[WALK] <kitchentable> (199)"", ""[PUT] <creamybuns> (243) <kitchentable> (199)"", ""[WALK] <creamybuns> (244)"", ""[GRAB] <creamybuns> (244)"", ""[WALK] <kitchentable> (199)"", ""[PUT] <creamybuns> (244) <kitchentable> (199)""]"
placement_task,Put all chips on the kitchentable,Put all chips on the coffeetable,example_task35,0.8499681353569031,Put all chips in the fridge,0.7245342135429382,0.12543392181396484,1,1,8,4,bedroom,[],"[""[WALK] <chips> (61)"", ""[GRAB] <chips> (61)"", ""[WALK] <coffeetable> (269)"", ""[PUT] <chips> (61) <coffeetable> (269)"", ""[WALK] <chips> (67)"", ""[GRAB] <chips> (67)"", ""[WALK] <coffeetable> (269)"", ""[PUT] <chips> (67) <coffeetable> (269)""]",True,True,False,False,test_task28,2,livingroom,[],8,"[""[WALK] <chips> (245)"", ""[GRAB] <chips> (245)"", ""[WALK] <kitchentable> (199)"", ""[PUT] <chips> (245) <kitchentable> (199)"", ""[WALK] <chips> (246)"", ""[GRAB] <chips> (246)"", ""[WALK] <kitchentable> (199)"", ""[PUT] <chips> (246) <kitchentable> (199)""]"
placement_task,Put all peaches in the fridge,Put all peaches on the oventray,example_task30,0.7355716228485107,Put all peaches on the coffeetable,0.7055116891860962,0.03005993366241455,1,1,12,4,kitchen,[],"[""[WALK] <peach> (51)"", ""[GRAB] <peach> (51)"", ""[WALK] <oventray> (106)"", ""[PUT] <peach> (51) <oventray> (106)"", ""[WALK] <peach> (52)"", ""[GRAB] <peach> (52)"", ""[WALK] <oventray> (106)"", ""[PUT] <peach> (52) <oventray> (106)"", ""[WALK] <peach> (65)"", ""[GRAB] <peach> (65)"", ""[WALK] <oventray> (106)"", ""[PUT] <peach> (65) <oventray> (106)""]",True,False,False,False,test_task29,2,bathroom,"[{""id"": 225, ""states"": [""OPEN""]}]",8,"[""[WALK] <peach> (117)"", ""[GRAB] <peach> (117)"", ""[WALK] <fridge> (225)"", ""[PUTIN] <peach> (117) <fridge> (225)"", ""[WALK] <peach> (118)"", ""[GRAB] <peach> (118)"", ""[WALK] <fridge> (225)"", ""[PUTIN] <peach> (118) <fridge> (225)""]"
placement_task,Put all peaches in the fridge,Put all peaches on the oventray,example_task30,0.7355716228485107,Put all peaches on the coffeetable,0.7055116891860962,0.03005993366241455,1,1,12,4,kitchen,[],"[""[WALK] <peach> (51)"", ""[GRAB] <peach> (51)"", ""[WALK] <oventray> (106)"", ""[PUT] <peach> (51) <oventray> (106)"", ""[WALK] <peach> (52)"", ""[GRAB] <peach> (52)"", ""[WALK] <oventray> (106)"", ""[PUT] <peach> (52) <oventray> (106)"", ""[WALK] <peach> (65)"", ""[GRAB] <peach> (65)"", ""[WALK] <oventray> (106)"", ""[PUT] <peach> (65) <oventray> (106)""]",True,False,False,False,test_task30,2,kitchen,"[{""id"": 225, ""states"": [""CLOSED""]}]",9,"[""[WALK] <peach> (117)"", ""[GRAB] <peach> (117)"", ""[WALK] <fridge> (225)"", ""[OPEN] <fridge> (225)"", ""[PUTIN] <peach> (117) <fridge> (225)"", ""[WALK] <peach> (118)"", ""[GRAB] <peach> (118)"", ""[WALK] <fridge> (225)"", ""[PUTIN] <peach> (118) <fridge> (225)""]"
placement_task,Put all peaches in the microwave,Put all peaches on the oventray,example_task30,0.8025043606758118,Put all apples in the microwave,0.7549737691879272,0.04753059148788452,1,1,12,4,kitchen,[],"[""[WALK] <peach> (51)"", ""[GRAB] <peach> (51)"", ""[WALK] <oventray> (106)"", ""[PUT] <peach> (51) <oventray> (106)"", ""[WALK] <peach> (52)"", ""[GRAB] <peach> (52)"", ""[WALK] <oventray> (106)"", ""[PUT] <peach> (52) <oventray> (106)"", ""[WALK] <peach> (65)"", ""[GRAB] <peach> (65)"", ""[WALK] <oventray> (106)"", ""[PUT] <peach> (65) <oventray> (106)""]",True,False,False,False,test_task31,2,bathroom,"[{""id"": 234, ""states"": [""OPEN"", ""OFF""]}]",8,"[""[WALK] <peach> (117)"", ""[GRAB] <peach> (117)"", ""[WALK] <microwave> (234)"", ""[PUTIN] <peach> (117) <microwave> (234)"", ""[WALK] <peach> (118)"", ""[GRAB] <peach> (118)"", ""[WALK] <microwave> (234)"", ""[PUTIN] <peach> (118) <microwave> (234)""]"
placement_task,Put all peaches in the microwave,Put all peaches on the oventray,example_task30,0.8025043606758118,Put all apples in the microwave,0.7549737691879272,0.04753059148788452,1,1,12,4,kitchen,[],"[""[WALK] <peach> (51)"", ""[GRAB] <peach> (51)"", ""[WALK] <oventray> (106)"", ""[PUT] <peach> (51) <oventray> (106)"", ""[WALK] <peach> (52)"", ""[GRAB] <peach> (52)"", ""[WALK] <oventray> (106)"", ""[PUT] <peach> (52) <oventray> (106)"", ""[WALK] <peach> (65)"", ""[GRAB] <peach> (65)"", ""[WALK] <oventray> (106)"", ""[PUT] <peach> (65) <oventray> (106)""]",True,False,False,False,test_task32,2,kitchen,"[{""id"": 234, ""states"": [""CLOSED"", ""OFF""]}]",9,"[""[WALK] <peach> (117)"", ""[GRAB] <peach> (117)"", ""[WALK] <microwave> (234)"", ""[OPEN] <microwave> (234)"", ""[PUTIN] <peach> (117) <microwave> (234)"", ""[WALK] <peach> (118)"", ""[GRAB] <peach> (118)"", ""[WALK] <microwave> (234)"", ""[PUTIN] <peach> (118) <microwave> (234)""]"
placement_task,Put all plums in the fridge,Put all plums on the kitchentable,example_task4,0.7605376243591309,Put all plums on the coffeetable,0.6626298427581787,0.09790778160095215,1,1,8,1,livingroom,[],"[""[WALK] <plum> (443)"", ""[GRAB] <plum> (443)"", ""[WALK] <kitchentable> (231)"", ""[PUT] <plum> (443) <kitchentable> (231)"", ""[WALK] <plum> (444)"", ""[GRAB] <plum> (444)"", ""[WALK] <kitchentable> (231)"", ""[PUT] <plum> (444) <kitchentable> (231)""]",True,False,False,False,test_task33,2,livingroom,"[{""id"": 225, ""states"": [""OPEN""]}]",8,"[""[WALK] <plum> (119)"", ""[GRAB] <plum> (119)"", ""[WALK] <fridge> (225)"", ""[PUTIN] <plum> (119) <fridge> (225)"", ""[WALK] <plum> (120)"", ""[GRAB] <plum> (120)"", ""[WALK] <fridge> (225)"", ""[PUTIN] <plum> (120) <fridge> (225)""]"
placement_task,Put all plums in the fridge,Put all plums on the kitchentable,example_task4,0.7605376243591309,Put all plums on the coffeetable,0.6626298427581787,0.09790778160095215,1,1,8,1,livingroom,[],"[""[WALK] <plum> (443)"", ""[GRAB] <plum> (443)"", ""[WALK] <kitchentable> (231)"", ""[PUT] <plum> (443) <kitchentable> (231)"", ""[WALK] <plum> (444)"", ""[GRAB] <plum> (444)"", ""[WALK] <kitchentable> (231)"", ""[PUT] <plum> (444) <kitchentable> (231)""]",True,False,False,False,test_task34,2,bathroom,"[{""id"": 225, ""states"": [""CLOSED""]}]",9,"[""[WALK] <plum> (119)"", ""[GRAB] <plum> (119)"", ""[WALK] <fridge> (225)"", ""[OPEN] <fridge> (225)"", ""[PUTIN] <plum> (119) <fridge> (225)"", ""[WALK] <plum> (120)"", ""[GRAB] <plum> (120)"", ""[WALK] <fridge> (225)"", ""[PUTIN] <plum> (120) <fridge> (225)""]"
placement_task,Put all plums in the microwave,Put all plums on the kitchentable,example_task4,0.7624219059944153,Put all plums on the oventray,0.758360743522644,0.00406116247177124,1,1,8,1,livingroom,[],"[""[WALK] <plum> (443)"", ""[GRAB] <plum> (443)"", ""[WALK] <kitchentable> (231)"", ""[PUT] <plum> (443) <kitchentable> (231)"", ""[WALK] <plum> (444)"", ""[GRAB] <plum> (444)"", ""[WALK] <kitchentable> (231)"", ""[PUT] <plum> (444) <kitchentable> (231)""]",True,False,False,False,test_task35,2,bathroom,"[{""id"": 234, ""states"": [""OPEN"", ""OFF""]}]",8,"[""[WALK] <plum> (119)"", ""[GRAB] <plum> (119)"", ""[WALK] <microwave> (234)"", ""[PUTIN] <plum> (119) <microwave> (234)"", ""[WALK] <plum> (120)"", ""[GRAB] <plum> (120)"", ""[WALK] <microwave> (234)"", ""[PUTIN] <plum> (120) <microwave> (234)""]"
placement_task,Put all plums in the microwave,Put all plums on the kitchentable,example_task4,0.7624219059944153,Put all plums on the oventray,0.758360743522644,0.00406116247177124,1,1,8,1,livingroom,[],"[""[WALK] <plum> (443)"", ""[GRAB] <plum> (443)"", ""[WALK] <kitchentable> (231)"", ""[PUT] <plum> (443) <kitchentable> (231)"", ""[WALK] <plum> (444)"", ""[GRAB] <plum> (444)"", ""[WALK] <kitchentable> (231)"", ""[PUT] <plum> (444) <kitchentable> (231)""]",True,False,False,False,test_task36,2,livingroom,"[{""id"": 234, ""states"": [""CLOSED"", ""OFF""]}]",9,"[""[WALK] <plum> (119)"", ""[GRAB] <plum> (119)"", ""[WALK] <microwave> (234)"", ""[OPEN] <microwave> (234)"", ""[PUTIN] <plum> (119) <microwave> (234)"", ""[WALK] <plum> (120)"", ""[GRAB] <plum> (120)"", ""[WALK] <microwave> (234)"", ""[PUTIN] <plum> (120) <microwave> (234)""]"
placement_task,Put all creamybuns in the fridge,Put all milks in the fridge,example_task27,0.6745225191116333,Put all cupcakes in the fridge,0.563821017742157,0.11070150136947632,1,1,9,3,livingroom,"[{""id"": 162, ""states"": [""CLOSED""]}]","[""[WALK] <milk> (176)"", ""[GRAB] <milk> (176)"", ""[WALK] <fridge> (162)"", ""[OPEN] <fridge> (162)"", ""[PUTIN] <milk> (176) <fridge> (162)"", ""[WALK] <milk> (177)"", ""[GRAB] <milk> (177)"", ""[WALK] <fridge> (162)"", ""[PUTIN] <milk> (177) <fridge> (162)""]",False,True,True,False,test_task37,2,bathroom,"[{""id"": 225, ""states"": [""OPEN""]}]",8,"[""[WALK] <creamybuns> (243)"", ""[GRAB] <creamybuns> (243)"", ""[WALK] <fridge> (225)"", ""[PUTIN] <creamybuns> (243) <fridge> (225)"", ""[WALK] <creamybuns> (244)"", ""[GRAB] <creamybuns> (244)"", ""[WALK] <fridge> (225)"", ""[PUTIN] <creamybuns> (244) <fridge> (225)""]"
placement_task,Put all creamybuns in the fridge,Put all milks in the fridge,example_task27,0.6745225191116333,Put all cupcakes in the fridge,0.563821017742157,0.11070150136947632,1,1,9,3,livingroom,"[{""id"": 162, ""states"": [""CLOSED""]}]","[""[WALK] <milk> (176)"", ""[GRAB] <milk> (176)"", ""[WALK] <fridge> (162)"", ""[OPEN] <fridge> (162)"", ""[PUTIN] <milk> (176) <fridge> (162)"", ""[WALK] <milk> (177)"", ""[GRAB] <milk> (177)"", ""[WALK] <fridge> (162)"", ""[PUTIN] <milk> (177) <fridge> (162)""]",False,True,True,False,test_task38,2,kitchen,"[{""id"": 225, ""states"": [""CLOSED""]}]",9,"[""[WALK] <creamybuns> (243)"", ""[GRAB] <creamybuns> (243)"", ""[WALK] <fridge> (225)"", ""[OPEN] <fridge> (225)"", ""[PUTIN] <creamybuns> (243) <fridge> (225)"", ""[WALK] <creamybuns> (244)"", ""[GRAB] <creamybuns> (244)"", ""[WALK] <fridge> (225)"", ""[PUTIN] <creamybuns> (244) <fridge> (225)""]"
placement_task,Put all creamybuns in the microwave,Put all bellpeppers in the microwave,example_task8,0.6402214765548706,Put all juices in the microwave,0.6308796405792236,0.009341835975646973,1,1,25,1,kitchen,"[{""id"": 313, ""states"": [""CLOSED"", ""OFF""]}]","[""[WALK] <bellpepper> (320)"", ""[GRAB] <bellpepper> (320)"", ""[WALK] <microwave> (313)"", ""[OPEN] <microwave> (313)"", ""[PUTIN] <bellpepper> (320) <microwave> (313)"", ""[WALK] <bellpepper> (321)"", ""[GRAB] <bellpepper> (321)"", ""[WALK] <microwave> (313)"", ""[PUTIN] <bellpepper> (321) <microwave> (313)"", ""[WALK] <bellpepper> (322)"", ""[GRAB] <bellpepper> (322)"", ""[WALK] <microwave> (313)"", ""[PUTIN] <bellpepper> (322) <microwave> (313)"", ""[WALK] <bellpepper> (323)"", ""[GRAB] <bellpepper> (323)"", ""[WALK] <microwave> (313)"", ""[PUTIN] <bellpepper> (323) <microwave> (313)"", ""[WALK] <bellpepper> (324)"", ""[GRAB] <bellpepper> (324)"", ""[WALK] <microwave> (313)"", ""[PUTIN] <bellpepper> (324) <microwave> (313)"", ""[WALK] <bellpepper> (325)"", ""[GRAB] <bellpepper> (325)"", ""[WALK] <microwave> (313)"", ""[PUTIN] <bellpepper> (325) <microwave> (313)""]",False,True,True,False,test_task39,2,kitchen,"[{""id"": 234, ""states"": [""OPEN"", ""OFF""]}]",8,"[""[WALK] <creamybuns> (243)"", ""[GRAB] <creamybuns> (243)"", ""[WALK] <microwave> (234)"", ""[PUTIN] <creamybuns> (243) <microwave> (234)"", ""[WALK] <creamybuns> (244)"", ""[GRAB] <creamybuns> (244)"", ""[WALK] <microwave> (234)"", ""[PUTIN] <creamybuns> (244) <microwave> (234)""]"
placement_task,Put all creamybuns in the microwave,Put all bellpeppers in the microwave,example_task8,0.6402214765548706,Put all juices in the microwave,0.6308796405792236,0.009341835975646973,1,1,25,1,kitchen,"[{""id"": 313, ""states"": [""CLOSED"", ""OFF""]}]","[""[WALK] <bellpepper> (320)"", ""[GRAB] <bellpepper> (320)"", ""[WALK] <microwave> (313)"", ""[OPEN] <microwave> (313)"", ""[PUTIN] <bellpepper> (320) <microwave> (313)"", ""[WALK] <bellpepper> (321)"", ""[GRAB] <bellpepper> (321)"", ""[WALK] <microwave> (313)"", ""[PUTIN] <bellpepper> (321) <microwave> (313)"", ""[WALK] <bellpepper> (322)"", ""[GRAB] <bellpepper> (322)"", ""[WALK] <microwave> (313)"", ""[PUTIN] <bellpepper> (322) <microwave> (313)"", ""[WALK] <bellpepper> (323)"", ""[GRAB] <bellpepper> (323)"", ""[WALK] <microwave> (313)"", ""[PUTIN] <bellpepper> (323) <microwave> (313)"", ""[WALK] <bellpepper> (324)"", ""[GRAB] <bellpepper> (324)"", ""[WALK] <microwave> (313)"", ""[PUTIN] <bellpepper> (324) <microwave> (313)"", ""[WALK] <bellpepper> (325)"", ""[GRAB] <bellpepper> (325)"", ""[WALK] <microwave> (313)"", ""[PUTIN] <bellpepper> (325) <microwave> (313)""]",False,True,True,False,test_task40,2,bathroom,"[{""id"": 234, ""states"": [""CLOSED"", ""OFF""]}]",9,"[""[WALK] <creamybuns> (243)"", ""[GRAB] <creamybuns> (243)"", ""[WALK] <microwave> (234)"", ""[OPEN] <microwave> (234)"", ""[PUTIN] <creamybuns> (243) <microwave> (234)"", ""[WALK] <creamybuns> (244)"", ""[GRAB] <creamybuns> (244)"", ""[WALK] <microwave> (234)"", ""[PUTIN] <creamybuns> (244) <microwave> (234)""]"
placement_task,Put all chips in the microwave,Put all chips in the fridge,example_task10,0.8086038827896118,Put all bellpeppers in the microwave,0.6759386658668518,0.13266521692276,1,1,9,1,kitchen,"[{""id"": 305, ""states"": [""CLOSED""]}]","[""[WALK] <chips> (328)"", ""[GRAB] <chips> (328)"", ""[WALK] <fridge> (305)"", ""[OPEN] <fridge> (305)"", ""[PUTIN] <chips> (328) <fridge> (305)"", ""[WALK] <chips> (329)"", ""[GRAB] <chips> (329)"", ""[WALK] <fridge> (305)"", ""[PUTIN] <chips> (329) <fridge> (305)""]",True,True,False,False,test_task41,2,bedroom,"[{""id"": 234, ""states"": [""OPEN"", ""OFF""]}]",8,"[""[WALK] <chips> (245)"", ""[GRAB] <chips> (245)"", ""[WALK] <microwave> (234)"", ""[PUTIN] <chips> (245) <microwave> (234)"", ""[WALK] <chips> (246)"", ""[GRAB] <chips> (246)"", ""[WALK] <microwave> (234)"", ""[PUTIN] <chips> (246) <microwave> (234)""]"
placement_task,Put all chips in the microwave,Put all chips in the fridge,example_task10,0.8086038827896118,Put all bellpeppers in the microwave,0.6759386658668518,0.13266521692276,1,1,9,1,kitchen,"[{""id"": 305, ""states"": [""CLOSED""]}]","[""[WALK] <chips> (328)"", ""[GRAB] <chips> (328)"", ""[WALK] <fridge> (305)"", ""[OPEN] <fridge> (305)"", ""[PUTIN] <chips> (328) <fridge> (305)"", ""[WALK] <chips> (329)"", ""[GRAB] <chips> (329)"", ""[WALK] <fridge> (305)"", ""[PUTIN] <chips> (329) <fridge> (305)""]",True,True,False,False,test_task42,2,kitchen,"[{""id"": 234, ""states"": [""CLOSED"", ""OFF""]}]",9,"[""[WALK] <chips> (245)"", ""[GRAB] <chips> (245)"", ""[WALK] <microwave> (234)"", ""[OPEN] <microwave> (234)"", ""[PUTIN] <chips> (245) <microwave> (234)"", ""[WALK] <chips> (246)"", ""[GRAB] <chips> (246)"", ""[WALK] <microwave> (234)"", ""[PUTIN] <chips> (246) <microwave> (234)""]"
placement_task,Put all milks on the coffeetable,Put all milks on the kitchentable,example_task46,0.8616828322410583,Put all juices on the coffeetable,0.7616146802902222,0.10006815195083618,1,1,8,6,bathroom,[],"[""[WALK] <milk> (245)"", ""[GRAB] <milk> (245)"", ""[WALK] <kitchentable> (186)"", ""[PUT] <milk> (245) <kitchentable> (186)"", ""[WALK] <milk> (246)"", ""[GRAB] <milk> (246)"", ""[WALK] <kitchentable> (186)"", ""[PUT] <milk> (246) <kitchentable> (186)""]",True,True,False,False,test_task43,3,bathroom,[],8,"[""[WALK] <milk> (176)"", ""[GRAB] <milk> (176)"", ""[WALK] <coffeetable> (215)"", ""[PUT] <milk> (176) <coffeetable> (215)"", ""[WALK] <milk> (177)"", ""[GRAB] <milk> (177)"", ""[WALK] <coffeetable> (215)"", ""[PUT] <milk> (177) <coffeetable> (215)""]"
placement_task,Put all bananas on the oventray,Put all bananas on the kitchentable,example_task2,0.772074282169342,Put all peaches on the oventray,0.7534902095794678,0.018584072589874268,1,1,12,1,bedroom,[],"[""[WALK] <bananas> (315)"", ""[GRAB] <bananas> (315)"", ""[WALK] <kitchentable> (231)"", ""[PUT] <bananas> (315) <kitchentable> (231)"", ""[WALK] <bananas> (316)"", ""[GRAB] <bananas> (316)"", ""[WALK] <kitchentable> (231)"", ""[PUT] <bananas> (316) <kitchentable> (231)"", ""[WALK] <bananas> (439)"", ""[GRAB] <bananas> (439)"", ""[WALK] <kitchentable> (231)"", ""[PUT] <bananas> (439) <kitchentable> (231)""]",True,True,False,False,test_task44,3,kitchen,[],8,"[""[WALK] <bananas> (178)"", ""[GRAB] <bananas> (178)"", ""[WALK] <oventray> (164)"", ""[PUT] <bananas> (178) <oventray> (164)"", ""[WALK] <bananas> (179)"", ""[GRAB] <bananas> (179)"", ""[WALK] <oventray> (164)"", ""[PUT] <bananas> (179) <oventray> (164)""]"
placement_task,Put all bananas on the coffeetable,Put all bananas on the kitchentable,example_task2,0.8887988328933716,Put all peaches on the coffeetable,0.7282416224479675,0.16055721044540405,1,1,12,1,bedroom,[],"[""[WALK] <bananas> (315)"", ""[GRAB] <bananas> (315)"", ""[WALK] <kitchentable> (231)"", ""[PUT] <bananas> (315) <kitchentable> (231)"", ""[WALK] <bananas> (316)"", ""[GRAB] <bananas> (316)"", ""[WALK] <kitchentable> (231)"", ""[PUT] <bananas> (316) <kitchentable> (231)"", ""[WALK] <bananas> (439)"", ""[GRAB] <bananas> (439)"", ""[WALK] <kitchentable> (231)"", ""[PUT] <bananas> (439) <kitchentable> (231)""]",True,True,False,False,test_task45,3,kitchen,[],8,"[""[WALK] <bananas> (178)"", ""[GRAB] <bananas> (178)"", ""[WALK] <coffeetable> (215)"", ""[PUT] <bananas> (178) <coffeetable> (215)"", ""[WALK] <bananas> (179)"", ""[GRAB] <bananas> (179)"", ""[WALK] <coffeetable> (215)"", ""[PUT] <bananas> (179) <coffeetable> (215)""]"
placement_task,Put all cupcakes on the coffeetable,Put all cupcakes on the kitchentable,example_task1,0.9010488986968994,Put all cupcakes in the fridge,0.7292447090148926,0.17180418968200684,1,1,8,1,bedroom,[],"[""[WALK] <cupcake> (195)"", ""[GRAB] <cupcake> (195)"", ""[WALK] <kitchentable> (231)"", ""[PUT] <cupcake> (195) <kitchentable> (231)"", ""[WALK] <cupcake> (196)"", ""[GRAB] <cupcake> (196)"", ""[WALK] <kitchentable> (231)"", ""[PUT] <cupcake> (196) <kitchentable> (231)""]",True,True,False,False,test_task46,3,bathroom,[],4,"[""[WALK] <cupcake> (385)"", ""[GRAB] <cupcake> (385)"", ""[WALK] <coffeetable> (215)"", ""[PUT] <cupcake> (385) <coffeetable> (215)""]"
placement_task,Put all juices in the fridge,Put all juices in the microwave,example_task25,0.7675208449363708,Put all juices on the coffeetable,0.677553653717041,0.08996719121932983,1,1,9,3,kitchen,"[{""id"": 171, ""states"": [""CLOSED"", ""OFF""]}]","[""[WALK] <juice> (173)"", ""[GRAB] <juice> (173)"", ""[WALK] <microwave> (171)"", ""[OPEN] <microwave> (171)"", ""[PUTIN] <juice> (173) <microwave> (171)"", ""[WALK] <juice> (174)"", ""[GRAB] <juice> (174)"", ""[WALK] <microwave> (171)"", ""[PUTIN] <juice> (174) <microwave> (171)""]",True,True,False,False,test_task47,3,bathroom,"[{""id"": 162, ""states"": [""OPEN""]}]",8,"[""[WALK] <juice> (173)"", ""[GRAB] <juice> (173)"", ""[WALK] <fridge> (162)"", ""[PUTIN] <juice> (173) <fridge> (162)"", ""[WALK] <juice> (174)"", ""[GRAB] <juice> (174)"", ""[WALK] <fridge> (162)"", ""[PUTIN] <juice> (174) <fridge> (162)""]"
placement_task,Put all juices in the fridge,Put all juices in the microwave,example_task25,0.7675208449363708,Put all juices on the coffeetable,0.677553653717041,0.08996719121932983,1,1,9,3,kitchen,"[{""id"": 171, ""states"": [""CLOSED"", ""OFF""]}]","[""[WALK] <juice> (173)"", ""[GRAB] <juice> (173)"", ""[WALK] <microwave> (171)"", ""[OPEN] <microwave> (171)"", ""[PUTIN] <juice> (173) <microwave> (171)"", ""[WALK] <juice> (174)"", ""[GRAB] <juice> (174)"", ""[WALK] <microwave> (171)"", ""[PUTIN] <juice> (174) <microwave> (171)""]",True,True,False,False,test_task48,3,kitchen,"[{""id"": 162, ""states"": [""CLOSED""]}]",9,"[""[WALK] <juice> (173)"", ""[GRAB] <juice> (173)"", ""[WALK] <fridge> (162)"", ""[OPEN] <fridge> (162)"", ""[PUTIN] <juice> (173) <fridge> (162)"", ""[WALK] <juice> (174)"", ""[GRAB] <juice> (174)"", ""[WALK] <fridge> (162)"", ""[PUTIN] <juice> (174) <fridge> (162)""]"
placement_task,Put all milks in the microwave,Put all milks in the fridge,example_task27,0.7915211915969849,Put all milks on the kitchentable,0.7534511089324951,0.038070082664489746,1,1,9,3,livingroom,"[{""id"": 162, ""states"": [""CLOSED""]}]","[""[WALK] <milk> (176)"", ""[GRAB] <milk> (176)"", ""[WALK] <fridge> (162)"", ""[OPEN] <fridge> (162)"", ""[PUTIN] <milk> (176) <fridge> (162)"", ""[WALK] <milk> (177)"", ""[GRAB] <milk> (177)"", ""[WALK] <fridge> (162)"", ""[PUTIN] <milk> (177) <fridge> (162)""]",True,True,False,False,test_task49,3,bathroom,"[{""id"": 171, ""states"": [""OPEN"", ""OFF""]}]",8,"[""[WALK] <milk> (176)"", ""[GRAB] <milk> (176)"", ""[WALK] <microwave> (171)"", ""[PUTIN] <milk> (176) <microwave> (171)"", ""[WALK] <milk> (177)"", ""[GRAB] <milk> (177)"", ""[WALK] <microwave> (171)"", ""[PUTIN] <milk> (177) <microwave> (171)""]"
placement_task,Put all milks in the microwave,Put all milks in the fridge,example_task27,0.7915211915969849,Put all milks on the kitchentable,0.7534511089324951,0.038070082664489746,1,1,9,3,livingroom,"[{""id"": 162, ""states"": [""CLOSED""]}]","[""[WALK] <milk> (176)"", ""[GRAB] <milk> (176)"", ""[WALK] <fridge> (162)"", ""[OPEN] <fridge> (162)"", ""[PUTIN] <milk> (176) <fridge> (162)"", ""[WALK] <milk> (177)"", ""[GRAB] <milk> (177)"", ""[WALK] <fridge> (162)"", ""[PUTIN] <milk> (177) <fridge> (162)""]",True,True,False,False,test_task50,3,bedroom,"[{""id"": 171, ""states"": [""CLOSED"", ""OFF""]}]",9,"[""[WALK] <milk> (176)"", ""[GRAB] <milk> (176)"", ""[WALK] <microwave> (171)"", ""[OPEN] <microwave> (171)"", ""[PUTIN] <milk> (176) <microwave> (171)"", ""[WALK] <milk> (177)"", ""[GRAB] <milk> (177)"", ""[WALK] <microwave> (171)"", ""[PUTIN] <milk> (177) <microwave> (171)""]"
placement_task,Put all bananas in the fridge,Put all bananas on the kitchentable,example_task2,0.7763677835464478,Put all apples in the fridge,0.6310110688209534,0.14535671472549438,1,1,12,1,bedroom,[],"[""[WALK] <bananas> (315)"", ""[GRAB] <bananas> (315)"", ""[WALK] <kitchentable> (231)"", ""[PUT] <bananas> (315) <kitchentable> (231)"", ""[WALK] <bananas> (316)"", ""[GRAB] <bananas> (316)"", ""[WALK] <kitchentable> (231)"", ""[PUT] <bananas> (316) <kitchentable> (231)"", ""[WALK] <bananas> (439)"", ""[GRAB] <bananas> (439)"", ""[WALK] <kitchentable> (231)"", ""[PUT] <bananas> (439) <kitchentable> (231)""]",True,False,False,False,test_task51,3,kitchen,"[{""id"": 162, ""states"": [""OPEN""]}]",8,"[""[WALK] <bananas> (178)"", ""[GRAB] <bananas> (178)"", ""[WALK] <fridge> (162)"", ""[PUTIN] <bananas> (178) <fridge> (162)"", ""[WALK] <bananas> (179)"", ""[GRAB] <bananas> (179)"", ""[WALK] <fridge> (162)"", ""[PUTIN] <bananas> (179) <fridge> (162)""]"
placement_task,Put all bananas in the fridge,Put all bananas on the kitchentable,example_task2,0.7763677835464478,Put all apples in the fridge,0.6310110688209534,0.14535671472549438,1,1,12,1,bedroom,[],"[""[WALK] <bananas> (315)"", ""[GRAB] <bananas> (315)"", ""[WALK] <kitchentable> (231)"", ""[PUT] <bananas> (315) <kitchentable> (231)"", ""[WALK] <bananas> (316)"", ""[GRAB] <bananas> (316)"", ""[WALK] <kitchentable> (231)"", ""[PUT] <bananas> (316) <kitchentable> (231)"", ""[WALK] <bananas> (439)"", ""[GRAB] <bananas> (439)"", ""[WALK] <kitchentable> (231)"", ""[PUT] <bananas> (439) <kitchentable> (231)""]",True,False,False,False,test_task52,3,livingroom,"[{""id"": 162, ""states"": [""CLOSED""]}]",9,"[""[WALK] <bananas> (178)"", ""[GRAB] <bananas> (178)"", ""[WALK] <fridge> (162)"", ""[OPEN] <fridge> (162)"", ""[PUTIN] <bananas> (178) <fridge> (162)"", ""[WALK] <bananas> (179)"", ""[GRAB] <bananas> (179)"", ""[WALK] <fridge> (162)"", ""[PUTIN] <bananas> (179) <fridge> (162)""]"
placement_task,Put all bananas in the microwave,Put all bananas on the kitchentable,example_task2,0.8097575902938843,Put all apples in the microwave,0.7071243524551392,0.10263323783874512,1,1,12,1,bedroom,[],"[""[WALK] <bananas> (315)"", ""[GRAB] <bananas> (315)"", ""[WALK] <kitchentable> (231)"", ""[PUT] <bananas> (315) <kitchentable> (231)"", ""[WALK] <bananas> (316)"", ""[GRAB] <bananas> (316)"", ""[WALK] <kitchentable> (231)"", ""[PUT] <bananas> (316) <kitchentable> (231)"", ""[WALK] <bananas> (439)"", ""[GRAB] <bananas> (439)"", ""[WALK] <kitchentable> (231)"", ""[PUT] <bananas> (439) <kitchentable> (231)""]",True,False,False,False,test_task53,3,bedroom,"[{""id"": 171, ""states"": [""OPEN"", ""OFF""]}]",8,"[""[WALK] <bananas> (178)"", ""[GRAB] <bananas> (178)"", ""[WALK] <microwave> (171)"", ""[PUTIN] <bananas> (178) <microwave> (171)"", ""[WALK] <bananas> (179)"", ""[GRAB] <bananas> (179)"", ""[WALK] <microwave> (171)"", ""[PUTIN] <bananas> (179) <microwave> (171)""]"
placement_task,Put all bananas in the microwave,Put all bananas on the kitchentable,example_task2,0.8097575902938843,Put all apples in the microwave,0.7071243524551392,0.10263323783874512,1,1,12,1,bedroom,[],"[""[WALK] <bananas> (315)"", ""[GRAB] <bananas> (315)"", ""[WALK] <kitchentable> (231)"", ""[PUT] <bananas> (315) <kitchentable> (231)"", ""[WALK] <bananas> (316)"", ""[GRAB] <bananas> (316)"", ""[WALK] <kitchentable> (231)"", ""[PUT] <bananas> (316) <kitchentable> (231)"", ""[WALK] <bananas> (439)"", ""[GRAB] <bananas> (439)"", ""[WALK] <kitchentable> (231)"", ""[PUT] <bananas> (439) <kitchentable> (231)""]",True,False,False,False,test_task54,3,livingroom,"[{""id"": 171, ""states"": [""CLOSED"", ""OFF""]}]",9,"[""[WALK] <bananas> (178)"", ""[GRAB] <bananas> (178)"", ""[WALK] <microwave> (171)"", ""[OPEN] <microwave> (171)"", ""[PUTIN] <bananas> (178) <microwave> (171)"", ""[WALK] <bananas> (179)"", ""[GRAB] <bananas> (179)"", ""[WALK] <microwave> (171)"", ""[PUTIN] <bananas> (179) <microwave> (171)""]"
placement_task,Put all cupcakes in the microwave,Put all cupcakes in the fridge,example_task29,0.8067172765731812,Put all cupcakes on the kitchentable,0.7639733552932739,0.04274392127990723,1,1,17,3,livingroom,"[{""id"": 162, ""states"": [""CLOSED""]}]","[""[WALK] <cupcake> (225)"", ""[GRAB] <cupcake> (225)"", ""[WALK] <fridge> (162)"", ""[OPEN] <fridge> (162)"", ""[PUTIN] <cupcake> (225) <fridge> (162)"", ""[WALK] <cupcake> (226)"", ""[GRAB] <cupcake> (226)"", ""[WALK] <fridge> (162)"", ""[PUTIN] <cupcake> (226) <fridge> (162)"", ""[WALK] <cupcake> (227)"", ""[GRAB] <cupcake> (227)"", ""[WALK] <fridge> (162)"", ""[PUTIN] <cupcake> (227) <fridge> (162)"", ""[WALK] <cupcake> (385)"", ""[GRAB] <cupcake> (385)"", ""[WALK] <fridge> (162)"", ""[PUTIN] <cupcake> (385) <fridge> (162)""]",True,True,False,False,test_task55,3,bedroom,"[{""id"": 171, ""states"": [""OPEN"", ""OFF""]}]",16,"[""[WALK] <cupcake> (225)"", ""[GRAB] <cupcake> (225)"", ""[WALK] <microwave> (171)"", ""[PUTIN] <cupcake> (225) <microwave> (171)"", ""[WALK] <cupcake> (226)"", ""[GRAB] <cupcake> (226)"", ""[WALK] <microwave> (171)"", ""[PUTIN] <cupcake> (226) <microwave> (171)"", ""[WALK] <cupcake> (227)"", ""[GRAB] <cupcake> (227)"", ""[WALK] <microwave> (171)"", ""[PUTIN] <cupcake> (227) <microwave> (171)"", ""[WALK] <cupcake> (385)"", ""[GRAB] <cupcake> (385)"", ""[WALK] <microwave> (171)"", ""[PUTIN] <cupcake> (385) <microwave> (171)""]"
placement_task,Put all cupcakes in the microwave,Put all cupcakes in the fridge,example_task29,0.8067172765731812,Put all cupcakes on the kitchentable,0.7639733552932739,0.04274392127990723,1,1,17,3,livingroom,"[{""id"": 162, ""states"": [""CLOSED""]}]","[""[WALK] <cupcake> (225)"", ""[GRAB] <cupcake> (225)"", ""[WALK] <fridge> (162)"", ""[OPEN] <fridge> (162)"", ""[PUTIN] <cupcake> (225) <fridge> (162)"", ""[WALK] <cupcake> (226)"", ""[GRAB] <cupcake> (226)"", ""[WALK] <fridge> (162)"", ""[PUTIN] <cupcake> (226) <fridge> (162)"", ""[WALK] <cupcake> (227)"", ""[GRAB] <cupcake> (227)"", ""[WALK] <fridge> (162)"", ""[PUTIN] <cupcake> (227) <fridge> (162)"", ""[WALK] <cupcake> (385)"", ""[GRAB] <cupcake> (385)"", ""[WALK] <fridge> (162)"", ""[PUTIN] <cupcake> (385) <fridge> (162)""]",True,True,False,False,test_task56,3,bathroom,"[{""id"": 171, ""states"": [""CLOSED"", ""OFF""]}]",17,"[""[WALK] <cupcake> (225)"", ""[GRAB] <cupcake> (225)"", ""[WALK] <microwave> (171)"", ""[OPEN] <microwave> (171)"", ""[PUTIN] <cupcake> (225) <microwave> (171)"", ""[WALK] <cupcake> (226)"", ""[GRAB] <cupcake> (226)"", ""[WALK] <microwave> (171)"", ""[PUTIN] <cupcake> (226) <microwave> (171)"", ""[WALK] <cupcake> (227)"", ""[GRAB] <cupcake> (227)"", ""[WALK] <microwave> (171)"", ""[PUTIN] <cupcake> (227) <microwave> (171)"", ""[WALK] <cupcake> (385)"", ""[GRAB] <cupcake> (385)"", ""[WALK] <microwave> (171)"", ""[PUTIN] <cupcake> (385) <microwave> (171)""]"
placement_task,Put all peaches on the kitchentable,Put all peaches on the coffeetable,example_task31,0.8913750648498535,Put all peaches on the oventray,0.7798365354537964,0.11153852939605713,1,1,12,4,bathroom,[],"[""[WALK] <peach> (51)"", ""[GRAB] <peach> (51)"", ""[WALK] <coffeetable> (269)"", ""[PUT] <peach> (51) <coffeetable> (269)"", ""[WALK] <peach> (52)"", ""[GRAB] <peach> (52)"", ""[WALK] <coffeetable> (269)"", ""[PUT] <peach> (52) <coffeetable> (269)"", ""[WALK] <peach> (65)"", ""[GRAB] <peach> (65)"", ""[WALK] <coffeetable> (269)"", ""[PUT] <peach> (65) <coffeetable> (269)""]",True,True,False,False,test_task57,4,livingroom,[],8,"[""[WALK] <peach> (51)"", ""[GRAB] <peach> (51)"", ""[WALK] <kitchentable> (72)"", ""[PUT] <peach> (51) <kitchentable> (72)"", ""[WALK] <peach> (52)"", ""[GRAB] <peach> (52)"", ""[WALK] <kitchentable> (72)"", ""[PUT] <peach> (52) <kitchentable> (72)""]"
placement_task,Put all crackers on the kitchentable,Put all crackers on the coffeetable,example_task36,0.8729087710380554,Put all milks on the kitchentable,0.6387217044830322,0.2341870665550232,1,1,8,4,bedroom,[],"[""[WALK] <crackers> (63)"", ""[GRAB] <crackers> (63)"", ""[WALK] <coffeetable> (269)"", ""[PUT] <crackers> (63) <coffeetable> (269)"", ""[WALK] <crackers> (66)"", ""[GRAB] <crackers> (66)"", ""[WALK] <coffeetable> (269)"", ""[PUT] <crackers> (66) <coffeetable> (269)""]",True,True,False,False,test_task58,4,bedroom,[],8,"[""[WALK] <crackers> (63)"", ""[GRAB] <crackers> (63)"", ""[WALK] <kitchentable> (72)"", ""[PUT] <crackers> (63) <kitchentable> (72)"", ""[WALK] <crackers> (66)"", ""[GRAB] <crackers> (66)"", ""[WALK] <kitchentable> (72)"", ""[PUT] <crackers> (66) <kitchentable> (72)""]"
placement_task,Put all cupcakes on the coffeetable,Put all cupcakes on the kitchentable,example_task1,0.9010488986968994,Put all cupcakes in the fridge,0.7292447090148926,0.17180418968200684,1,1,8,1,bedroom,[],"[""[WALK] <cupcake> (195)"", ""[GRAB] <cupcake> (195)"", ""[WALK] <kitchentable> (231)"", ""[PUT] <cupcake> (195) <kitchentable> (231)"", ""[WALK] <cupcake> (196)"", ""[GRAB] <cupcake> (196)"", ""[WALK] <kitchentable> (231)"", ""[PUT] <cupcake> (196) <kitchentable> (231)""]",True,True,False,False,test_task59,4,bedroom,[],4,"[""[WALK] <cupcake> (245)"", ""[GRAB] <cupcake> (245)"", ""[WALK] <coffeetable> (269)"", ""[PUT] <cupcake> (245) <coffeetable> (269)""]"
placement_task,Put all peaches in the fridge,Put all peaches on the oventray,example_task30,0.7355716228485107,Put all peaches on the coffeetable,0.7055116891860962,0.03005993366241455,1,1,12,4,kitchen,[],"[""[WALK] <peach> (51)"", ""[GRAB] <peach> (51)"", ""[WALK] <oventray> (106)"", ""[PUT] <peach> (51) <oventray> (106)"", ""[WALK] <peach> (52)"", ""[GRAB] <peach> (52)"", ""[WALK] <oventray> (106)"", ""[PUT] <peach> (52) <oventray> (106)"", ""[WALK] <peach> (65)"", ""[GRAB] <peach> (65)"", ""[WALK] <oventray> (106)"", ""[PUT] <peach> (65) <oventray> (106)""]",True,False,False,False,test_task60,4,livingroom,"[{""id"": 103, ""states"": [""OPEN""]}]",12,"[""[WALK] <peach> (51)"", ""[GRAB] <peach> (51)"", ""[WALK] <fridge> (103)"", ""[PUTIN] <peach> (51) <fridge> (103)"", ""[WALK] <peach> (52)"", ""[GRAB] <peach> (52)"", ""[WALK] <fridge> (103)"", ""[PUTIN] <peach> (52) <fridge> (103)"", ""[WALK] <peach> (65)"", ""[GRAB] <peach> (65)"", ""[WALK] <fridge> (103)"", ""[PUTIN] <peach> (65) <fridge> (103)""]"
placement_task,Put all peaches in the fridge,Put all peaches on the oventray,example_task30,0.7355716228485107,Put all peaches on the coffeetable,0.7055116891860962,0.03005993366241455,1,1,12,4,kitchen,[],"[""[WALK] <peach> (51)"", ""[GRAB] <peach> (51)"", ""[WALK] <oventray> (106)"", ""[PUT] <peach> (51) <oventray> (106)"", ""[WALK] <peach> (52)"", ""[GRAB] <peach> (52)"", ""[WALK] <oventray> (106)"", ""[PUT] <peach> (52) <oventray> (106)"", ""[WALK] <peach> (65)"", ""[GRAB] <peach> (65)"", ""[WALK] <oventray> (106)"", ""[PUT] <peach> (65) <oventray> (106)""]",True,False,False,False,test_task61,4,livingroom,"[{""id"": 103, ""states"": [""CLOSED""]}]",13,"[""[WALK] <peach> (51)"", ""[GRAB] <peach> (51)"", ""[WALK] <fridge> (103)"", ""[OPEN] <fridge> (103)"", ""[PUTIN] <peach> (51) <fridge> (103)"", ""[WALK] <peach> (52)"", ""[GRAB] <peach> (52)"", ""[WALK] <fridge> (103)"", ""[PUTIN] <peach> (52) <fridge> (103)"", ""[WALK] <peach> (65)"", ""[GRAB] <peach> (65)"", ""[WALK] <fridge> (103)"", ""[PUTIN] <peach> (65) <fridge> (103)""]"
placement_task,Put all peaches in the microwave,Put all peaches on the oventray,example_task30,0.8025043606758118,Put all apples in the microwave,0.7549737691879272,0.04753059148788452,1,1,12,4,kitchen,[],"[""[WALK] <peach> (51)"", ""[GRAB] <peach> (51)"", ""[WALK] <oventray> (106)"", ""[PUT] <peach> (51) <oventray> (106)"", ""[WALK] <peach> (52)"", ""[GRAB] <peach> (52)"", ""[WALK] <oventray> (106)"", ""[PUT] <peach> (52) <oventray> (106)"", ""[WALK] <peach> (65)"", ""[GRAB] <peach> (65)"", ""[WALK] <oventray> (106)"", ""[PUT] <peach> (65) <oventray> (106)""]",True,False,False,False,test_task62,4,bedroom,"[{""id"": 109, ""states"": [""OPEN"", ""OFF""]}]",12,"[""[WALK] <peach> (51)"", ""[GRAB] <peach> (51)"", ""[WALK] <microwave> (109)"", ""[PUTIN] <peach> (51) <microwave> (109)"", ""[WALK] <peach> (52)"", ""[GRAB] <peach> (52)"", ""[WALK] <microwave> (109)"", ""[PUTIN] <peach> (52) <microwave> (109)"", ""[WALK] <peach> (65)"", ""[GRAB] <peach> (65)"", ""[WALK] <microwave> (109)"", ""[PUTIN] <peach> (65) <microwave> (109)""]"
placement_task,Put all peaches in the microwave,Put all peaches on the oventray,example_task30,0.8025043606758118,Put all apples in the microwave,0.7549737691879272,0.04753059148788452,1,1,12,4,kitchen,[],"[""[WALK] <peach> (51)"", ""[GRAB] <peach> (51)"", ""[WALK] <oventray> (106)"", ""[PUT] <peach> (51) <oventray> (106)"", ""[WALK] <peach> (52)"", ""[GRAB] <peach> (52)"", ""[WALK] <oventray> (106)"", ""[PUT] <peach> (52) <oventray> (106)"", ""[WALK] <peach> (65)"", ""[GRAB] <peach> (65)"", ""[WALK] <oventray> (106)"", ""[PUT] <peach> (65) <oventray> (106)""]",True,False,False,False,test_task63,4,livingroom,"[{""id"": 109, ""states"": [""CLOSED"", ""OFF""]}]",13,"[""[WALK] <peach> (51)"", ""[GRAB] <peach> (51)"", ""[WALK] <microwave> (109)"", ""[OPEN] <microwave> (109)"", ""[PUTIN] <peach> (51) <microwave> (109)"", ""[WALK] <peach> (52)"", ""[GRAB] <peach> (52)"", ""[WALK] <microwave> (109)"", ""[PUTIN] <peach> (52) <microwave> (109)"", ""[WALK] <peach> (65)"", ""[GRAB] <peach> (65)"", ""[WALK] <microwave> (109)"", ""[PUTIN] <peach> (65) <microwave> (109)""]"
placement_task,Put all plums in the fridge,Put all plums on the kitchentable,example_task4,0.7605376243591309,Put all plums on the coffeetable,0.6626298427581787,0.09790778160095215,1,1,8,1,livingroom,[],"[""[WALK] <plum> (443)"", ""[GRAB] <plum> (443)"", ""[WALK] <kitchentable> (231)"", ""[PUT] <plum> (443) <kitchentable> (231)"", ""[WALK] <plum> (444)"", ""[GRAB] <plum> (444)"", ""[WALK] <kitchentable> (231)"", ""[PUT] <plum> (444) <kitchentable> (231)""]",True,False,False,False,test_task64,4,kitchen,"[{""id"": 103, ""states"": [""OPEN""]}]",8,"[""[WALK] <plum> (53)"", ""[GRAB] <plum> (53)"", ""[WALK] <fridge> (103)"", ""[PUTIN] <plum> (53) <fridge> (103)"", ""[WALK] <plum> (54)"", ""[GRAB] <plum> (54)"", ""[WALK] <fridge> (103)"", ""[PUTIN] <plum> (54) <fridge> (103)""]"
placement_task,Put all plums in the fridge,Put all plums on the kitchentable,example_task4,0.7605376243591309,Put all plums on the coffeetable,0.6626298427581787,0.09790778160095215,1,1,8,1,livingroom,[],"[""[WALK] <plum> (443)"", ""[GRAB] <plum> (443)"", ""[WALK] <kitchentable> (231)"", ""[PUT] <plum> (443) <kitchentable> (231)"", ""[WALK] <plum> (444)"", ""[GRAB] <plum> (444)"", ""[WALK] <kitchentable> (231)"", ""[PUT] <plum> (444) <kitchentable> (231)""]",True,False,False,False,test_task65,4,bedroom,"[{""id"": 103, ""states"": [""CLOSED""]}]",9,"[""[WALK] <plum> (53)"", ""[GRAB] <plum> (53)"", ""[WALK] <fridge> (103)"", ""[OPEN] <fridge> (103)"", ""[PUTIN] <plum> (53) <fridge> (103)"", ""[WALK] <plum> (54)"", ""[GRAB] <plum> (54)"", ""[WALK] <fridge> (103)"", ""[PUTIN] <plum> (54) <fridge> (103)""]"
placement_task,Put all plums in the microwave,Put all plums on the kitchentable,example_task4,0.7624219059944153,Put all plums on the oventray,0.758360743522644,0.00406116247177124,1,1,8,1,livingroom,[],"[""[WALK] <plum> (443)"", ""[GRAB] <plum> (443)"", ""[WALK] <kitchentable> (231)"", ""[PUT] <plum> (443) <kitchentable> (231)"", ""[WALK] <plum> (444)"", ""[GRAB] <plum> (444)"", ""[WALK] <kitchentable> (231)"", ""[PUT] <plum> (444) <kitchentable> (231)""]",True,False,False,False,test_task66,4,bathroom,"[{""id"": 109, ""states"": [""OPEN"", ""OFF""]}]",8,"[""[WALK] <plum> (53)"", ""[GRAB] <plum> (53)"", ""[WALK] <microwave> (109)"", ""[PUTIN] <plum> (53) <microwave> (109)"", ""[WALK] <plum> (54)"", ""[GRAB] <plum> (54)"", ""[WALK] <microwave> (109)"", ""[PUTIN] <plum> (54) <microwave> (109)""]"
placement_task,Put all plums in the microwave,Put all plums on the kitchentable,example_task4,0.7624219059944153,Put all plums on the oventray,0.758360743522644,0.00406116247177124,1,1,8,1,livingroom,[],"[""[WALK] <plum> (443)"", ""[GRAB] <plum> (443)"", ""[WALK] <kitchentable> (231)"", ""[PUT] <plum> (443) <kitchentable> (231)"", ""[WALK] <plum> (444)"", ""[GRAB] <plum> (444)"", ""[WALK] <kitchentable> (231)"", ""[PUT] <plum> (444) <kitchentable> (231)""]",True,False,False,False,test_task67,4,bathroom,"[{""id"": 109, ""states"": [""CLOSED"", ""OFF""]}]",9,"[""[WALK] <plum> (53)"", ""[GRAB] <plum> (53)"", ""[WALK] <microwave> (109)"", ""[OPEN] <microwave> (109)"", ""[PUTIN] <plum> (53) <microwave> (109)"", ""[WALK] <plum> (54)"", ""[GRAB] <plum> (54)"", ""[WALK] <microwave> (109)"", ""[PUTIN] <plum> (54) <microwave> (109)""]"
placement_task,Put all plums in the fryingpan,Put all plums on the kitchentable,example_task4,0.7685154676437378,Put all plums on the oventray,0.7297161817550659,0.038799285888671875,1,1,8,1,livingroom,[],"[""[WALK] <plum> (443)"", ""[GRAB] <plum> (443)"", ""[WALK] <kitchentable> (231)"", ""[PUT] <plum> (443) <kitchentable> (231)"", ""[WALK] <plum> (444)"", ""[GRAB] <plum> (444)"", ""[WALK] <kitchentable> (231)"", ""[PUT] <plum> (444) <kitchentable> (231)""]",True,False,False,False,test_task68,4,bathroom,[],8,"[""[WALK] <plum> (53)"", ""[GRAB] <plum> (53)"", ""[WALK] <fryingpan> (122)"", ""[PUTIN] <plum> (53) <fryingpan> (122)"", ""[WALK] <plum> (54)"", ""[GRAB] <plum> (54)"", ""[WALK] <fryingpan> (122)"", ""[PUTIN] <plum> (54) <fryingpan> (122)""]"
placement_task,Put all crackers in the fridge,Put all crackers on the coffeetable,example_task36,0.6907979846000671,Put all chips in the fridge,0.6247973442077637,0.06600064039230347,1,1,8,4,bedroom,[],"[""[WALK] <crackers> (63)"", ""[GRAB] <crackers> (63)"", ""[WALK] <coffeetable> (269)"", ""[PUT] <crackers> (63) <coffeetable> (269)"", ""[WALK] <crackers> (66)"", ""[GRAB] <crackers> (66)"", ""[WALK] <coffeetable> (269)"", ""[PUT] <crackers> (66) <coffeetable> (269)""]",True,False,False,False,test_task69,4,bedroom,"[{""id"": 103, ""states"": [""OPEN""]}]",8,"[""[WALK] <crackers> (63)"", ""[GRAB] <crackers> (63)"", ""[WALK] <fridge> (103)"", ""[PUTIN] <crackers> (63) <fridge> (103)"", ""[WALK] <crackers> (66)"", ""[GRAB] <crackers> (66)"", ""[WALK] <fridge> (103)"", ""[PUTIN] <crackers> (66) <fridge> (103)""]"
placement_task,Put all crackers in the fridge,Put all crackers on the coffeetable,example_task36,0.6907979846000671,Put all chips in the fridge,0.6247973442077637,0.06600064039230347,1,1,8,4,bedroom,[],"[""[WALK] <crackers> (63)"", ""[GRAB] <crackers> (63)"", ""[WALK] <coffeetable> (269)"", ""[PUT] <crackers> (63) <coffeetable> (269)"", ""[WALK] <crackers> (66)"", ""[GRAB] <crackers> (66)"", ""[WALK] <coffeetable> (269)"", ""[PUT] <crackers> (66) <coffeetable> (269)""]",True,False,False,False,test_task70,4,bedroom,"[{""id"": 103, ""states"": [""CLOSED""]}]",9,"[""[WALK] <crackers> (63)"", ""[GRAB] <crackers> (63)"", ""[WALK] <fridge> (103)"", ""[OPEN] <fridge> (103)"", ""[PUTIN] <crackers> (63) <fridge> (103)"", ""[WALK] <crackers> (66)"", ""[GRAB] <crackers> (66)"", ""[WALK] <fridge> (103)"", ""[PUTIN] <crackers> (66) <fridge> (103)""]"
placement_task,Put all crackers in the microwave,Put all crackers on the coffeetable,example_task36,0.7075386047363281,Put all bellpeppers in the microwave,0.66508549451828,0.042453110218048096,1,1,8,4,bedroom,[],"[""[WALK] <crackers> (63)"", ""[GRAB] <crackers> (63)"", ""[WALK] <coffeetable> (269)"", ""[PUT] <crackers> (63) <coffeetable> (269)"", ""[WALK] <crackers> (66)"", ""[GRAB] <crackers> (66)"", ""[WALK] <coffeetable> (269)"", ""[PUT] <crackers> (66) <coffeetable> (269)""]",True,False,False,False,test_task71,4,kitchen,"[{""id"": 109, ""states"": [""OPEN"", ""OFF""]}]",8,"[""[WALK] <crackers> (63)"", ""[GRAB] <crackers> (63)"", ""[WALK] <microwave> (109)"", ""[PUTIN] <crackers> (63) <microwave> (109)"", ""[WALK] <crackers> (66)"", ""[GRAB] <crackers> (66)"", ""[WALK] <microwave> (109)"", ""[PUTIN] <crackers> (66) <microwave> (109)""]"
placement_task,Put all crackers in the microwave,Put all crackers on the coffeetable,example_task36,0.7075386047363281,Put all bellpeppers in the microwave,0.66508549451828,0.042453110218048096,1,1,8,4,bedroom,[],"[""[WALK] <crackers> (63)"", ""[GRAB] <crackers> (63)"", ""[WALK] <coffeetable> (269)"", ""[PUT] <crackers> (63) <coffeetable> (269)"", ""[WALK] <crackers> (66)"", ""[GRAB] <crackers> (66)"", ""[WALK] <coffeetable> (269)"", ""[PUT] <crackers> (66) <coffeetable> (269)""]",True,False,False,False,test_task72,4,kitchen,"[{""id"": 109, ""states"": [""CLOSED"", ""OFF""]}]",9,"[""[WALK] <crackers> (63)"", ""[GRAB] <crackers> (63)"", ""[WALK] <microwave> (109)"", ""[OPEN] <microwave> (109)"", ""[PUTIN] <crackers> (63) <microwave> (109)"", ""[WALK] <crackers> (66)"", ""[GRAB] <crackers> (66)"", ""[WALK] <microwave> (109)"", ""[PUTIN] <crackers> (66) <microwave> (109)""]"
placement_task,Put all cupcakes in the microwave,Put all cupcakes in the fridge,example_task29,0.8067172765731812,Put all cupcakes on the kitchentable,0.7639733552932739,0.04274392127990723,1,1,17,3,livingroom,"[{""id"": 162, ""states"": [""CLOSED""]}]","[""[WALK] <cupcake> (225)"", ""[GRAB] <cupcake> (225)"", ""[WALK] <fridge> (162)"", ""[OPEN] <fridge> (162)"", ""[PUTIN] <cupcake> (225) <fridge> (162)"", ""[WALK] <cupcake> (226)"", ""[GRAB] <cupcake> (226)"", ""[WALK] <fridge> (162)"", ""[PUTIN] <cupcake> (226) <fridge> (162)"", ""[WALK] <cupcake> (227)"", ""[GRAB] <cupcake> (227)"", ""[WALK] <fridge> (162)"", ""[PUTIN] <cupcake> (227) <fridge> (162)"", ""[WALK] <cupcake> (385)"", ""[GRAB] <cupcake> (385)"", ""[WALK] <fridge> (162)"", ""[PUTIN] <cupcake> (385) <fridge> (162)""]",True,True,False,False,test_task73,4,livingroom,"[{""id"": 109, ""states"": [""OPEN"", ""OFF""]}]",8,"[""[WALK] <cupcake> (245)"", ""[GRAB] <cupcake> (245)"", ""[WALK] <microwave> (109)"", ""[PUTIN] <cupcake> (245) <microwave> (109)"", ""[WALK] <cupcake> (324)"", ""[GRAB] <cupcake> (324)"", ""[WALK] <microwave> (109)"", ""[PUTIN] <cupcake> (324) <microwave> (109)""]"
placement_task,Put all cupcakes in the microwave,Put all cupcakes in the fridge,example_task29,0.8067172765731812,Put all cupcakes on the kitchentable,0.7639733552932739,0.04274392127990723,1,1,17,3,livingroom,"[{""id"": 162, ""states"": [""CLOSED""]}]","[""[WALK] <cupcake> (225)"", ""[GRAB] <cupcake> (225)"", ""[WALK] <fridge> (162)"", ""[OPEN] <fridge> (162)"", ""[PUTIN] <cupcake> (225) <fridge> (162)"", ""[WALK] <cupcake> (226)"", ""[GRAB] <cupcake> (226)"", ""[WALK] <fridge> (162)"", ""[PUTIN] <cupcake> (226) <fridge> (162)"", ""[WALK] <cupcake> (227)"", ""[GRAB] <cupcake> (227)"", ""[WALK] <fridge> (162)"", ""[PUTIN] <cupcake> (227) <fridge> (162)"", ""[WALK] <cupcake> (385)"", ""[GRAB] <cupcake> (385)"", ""[WALK] <fridge> (162)"", ""[PUTIN] <cupcake> (385) <fridge> (162)""]",True,True,False,False,test_task74,4,livingroom,"[{""id"": 109, ""states"": [""CLOSED"", ""OFF""]}]",9,"[""[WALK] <cupcake> (245)"", ""[GRAB] <cupcake> (245)"", ""[WALK] <microwave> (109)"", ""[OPEN] <microwave> (109)"", ""[PUTIN] <cupcake> (245) <microwave> (109)"", ""[WALK] <cupcake> (324)"", ""[GRAB] <cupcake> (324)"", ""[WALK] <microwave> (109)"", ""[PUTIN] <cupcake> (324) <microwave> (109)""]"
placement_task,Put all cupcakes on the desk,Put all cupcakes on the kitchentable,example_task1,0.7782737016677856,Put all cupcakes in the fridge,0.7498782873153687,0.028395414352416992,1,1,8,1,bedroom,[],"[""[WALK] <cupcake> (195)"", ""[GRAB] <cupcake> (195)"", ""[WALK] <kitchentable> (231)"", ""[PUT] <cupcake> (195) <kitchentable> (231)"", ""[WALK] <cupcake> (196)"", ""[GRAB] <cupcake> (196)"", ""[WALK] <kitchentable> (231)"", ""[PUT] <cupcake> (196) <kitchentable> (231)""]",True,True,False,False,test_task75,5,bedroom,[],8,"[""[WALK] <cupcake> (210)"", ""[GRAB] <cupcake> (210)"", ""[WALK] <desk> (29)"", ""[PUT] <cupcake> (210) <desk> (29)"", ""[WALK] <cupcake> (211)"", ""[GRAB] <cupcake> (211)"", ""[WALK] <desk> (29)"", ""[PUT] <cupcake> (211) <desk> (29)""]"
placement_task,Put all bananas on the desk,Put all bananas on the kitchentable,example_task2,0.7828474044799805,Put all apples on the kitchentable,0.5276978015899658,0.25514960289001465,1,1,12,1,bedroom,[],"[""[WALK] <bananas> (315)"", ""[GRAB] <bananas> (315)"", ""[WALK] <kitchentable> (231)"", ""[PUT] <bananas> (315) <kitchentable> (231)"", ""[WALK] <bananas> (316)"", ""[GRAB] <bananas> (316)"", ""[WALK] <kitchentable> (231)"", ""[PUT] <bananas> (316) <kitchentable> (231)"", ""[WALK] <bananas> (439)"", ""[GRAB] <bananas> (439)"", ""[WALK] <kitchentable> (231)"", ""[PUT] <bananas> (439) <kitchentable> (231)""]",True,True,False,False,test_task76,5,kitchen,[],8,"[""[WALK] <bananas> (203)"", ""[GRAB] <bananas> (203)"", ""[WALK] <desk> (29)"", ""[PUT] <bananas> (203) <desk> (29)"", ""[WALK] <bananas> (204)"", ""[GRAB] <bananas> (204)"", ""[WALK] <desk> (29)"", ""[PUT] <bananas> (204) <desk> (29)""]"
placement_task,Put all cupcakes in the microwave,Put all cupcakes in the fridge,example_task29,0.8067172765731812,Put all cupcakes on the kitchentable,0.7639733552932739,0.04274392127990723,1,1,17,3,livingroom,"[{""id"": 162, ""states"": [""CLOSED""]}]","[""[WALK] <cupcake> (225)"", ""[GRAB] <cupcake> (225)"", ""[WALK] <fridge> (162)"", ""[OPEN] <fridge> (162)"", ""[PUTIN] <cupcake> (225) <fridge> (162)"", ""[WALK] <cupcake> (226)"", ""[GRAB] <cupcake> (226)"", ""[WALK] <fridge> (162)"", ""[PUTIN] <cupcake> (226) <fridge> (162)"", ""[WALK] <cupcake> (227)"", ""[GRAB] <cupcake> (227)"", ""[WALK] <fridge> (162)"", ""[PUTIN] <cupcake> (227) <fridge> (162)"", ""[WALK] <cupcake> (385)"", ""[GRAB] <cupcake> (385)"", ""[WALK] <fridge> (162)"", ""[PUTIN] <cupcake> (385) <fridge> (162)""]",True,True,False,False,test_task77,5,livingroom,"[{""id"": 162, ""states"": [""OPEN"", ""OFF""]}]",12,"[""[WALK] <cupcake> (97)"", ""[GRAB] <cupcake> (97)"", ""[WALK] <microwave> (162)"", ""[PUTIN] <cupcake> (97) <microwave> (162)"", ""[WALK] <cupcake> (210)"", ""[GRAB] <cupcake> (210)"", ""[WALK] <microwave> (162)"", ""[PUTIN] <cupcake> (210) <microwave> (162)"", ""[WALK] <cupcake> (211)"", ""[GRAB] <cupcake> (211)"", ""[WALK] <microwave> (162)"", ""[PUTIN] <cupcake> (211) <microwave> (162)""]"
placement_task,Put all cupcakes in the microwave,Put all cupcakes in the fridge,example_task29,0.8067172765731812,Put all cupcakes on the kitchentable,0.7639733552932739,0.04274392127990723,1,1,17,3,livingroom,"[{""id"": 162, ""states"": [""CLOSED""]}]","[""[WALK] <cupcake> (225)"", ""[GRAB] <cupcake> (225)"", ""[WALK] <fridge> (162)"", ""[OPEN] <fridge> (162)"", ""[PUTIN] <cupcake> (225) <fridge> (162)"", ""[WALK] <cupcake> (226)"", ""[GRAB] <cupcake> (226)"", ""[WALK] <fridge> (162)"", ""[PUTIN] <cupcake> (226) <fridge> (162)"", ""[WALK] <cupcake> (227)"", ""[GRAB] <cupcake> (227)"", ""[WALK] <fridge> (162)"", ""[PUTIN] <cupcake> (227) <fridge> (162)"", ""[WALK] <cupcake> (385)"", ""[GRAB] <cupcake> (385)"", ""[WALK] <fridge> (162)"", ""[PUTIN] <cupcake> (385) <fridge> (162)""]",True,True,False,False,test_task78,5,livingroom,"[{""id"": 162, ""states"": [""CLOSED"", ""OFF""]}]",13,"[""[WALK] <cupcake> (97)"", ""[GRAB] <cupcake> (97)"", ""[WALK] <microwave> (162)"", ""[OPEN] <microwave> (162)"", ""[PUTIN] <cupcake> (97) <microwave> (162)"", ""[WALK] <cupcake> (210)"", ""[GRAB] <cupcake> (210)"", ""[WALK] <microwave> (162)"", ""[PUTIN] <cupcake> (210) <microwave> (162)"", ""[WALK] <cupcake> (211)"", ""[GRAB] <cupcake> (211)"", ""[WALK] <microwave> (162)"", ""[PUTIN] <cupcake> (211) <microwave> (162)""]"
placement_task,Put all bananas in the fridge,Put all bananas on the kitchentable,example_task2,0.7763677835464478,Put all apples in the fridge,0.6310110688209534,0.14535671472549438,1,1,12,1,bedroom,[],"[""[WALK] <bananas> (315)"", ""[GRAB] <bananas> (315)"", ""[WALK] <kitchentable> (231)"", ""[PUT] <bananas> (315) <kitchentable> (231)"", ""[WALK] <bananas> (316)"", ""[GRAB] <bananas> (316)"", ""[WALK] <kitchentable> (231)"", ""[PUT] <bananas> (316) <kitchentable> (231)"", ""[WALK] <bananas> (439)"", ""[GRAB] <bananas> (439)"", ""[WALK] <kitchentable> (231)"", ""[PUT] <bananas> (439) <kitchentable> (231)""]",True,False,False,False,test_task79,5,kitchen,"[{""id"": 157, ""states"": [""OPEN""]}]",8,"[""[WALK] <bananas> (203)"", ""[GRAB] <bananas> (203)"", ""[WALK] <fridge> (157)"", ""[PUTIN] <bananas> (203) <fridge> (157)"", ""[WALK] <bananas> (204)"", ""[GRAB] <bananas> (204)"", ""[WALK] <fridge> (157)"", ""[PUTIN] <bananas> (204) <fridge> (157)""]"
placement_task,Put all bananas in the fridge,Put all bananas on the kitchentable,example_task2,0.7763677835464478,Put all apples in the fridge,0.6310110688209534,0.14535671472549438,1,1,12,1,bedroom,[],"[""[WALK] <bananas> (315)"", ""[GRAB] <bananas> (315)"", ""[WALK] <kitchentable> (231)"", ""[PUT] <bananas> (315) <kitchentable> (231)"", ""[WALK] <bananas> (316)"", ""[GRAB] <bananas> (316)"", ""[WALK] <kitchentable> (231)"", ""[PUT] <bananas> (316) <kitchentable> (231)"", ""[WALK] <bananas> (439)"", ""[GRAB] <bananas> (439)"", ""[WALK] <kitchentable> (231)"", ""[PUT] <bananas> (439) <kitchentable> (231)""]",True,False,False,False,test_task80,5,bathroom,"[{""id"": 157, ""states"": [""CLOSED""]}]",9,"[""[WALK] <bananas> (203)"", ""[GRAB] <bananas> (203)"", ""[WALK] <fridge> (157)"", ""[OPEN] <fridge> (157)"", ""[PUTIN] <bananas> (203) <fridge> (157)"", ""[WALK] <bananas> (204)"", ""[GRAB] <bananas> (204)"", ""[WALK] <fridge> (157)"", ""[PUTIN] <bananas> (204) <fridge> (157)""]"
placement_task,Put all bananas in the microwave,Put all bananas on the kitchentable,example_task2,0.8097575902938843,Put all apples in the microwave,0.7071243524551392,0.10263323783874512,1,1,12,1,bedroom,[],"[""[WALK] <bananas> (315)"", ""[GRAB] <bananas> (315)"", ""[WALK] <kitchentable> (231)"", ""[PUT] <bananas> (315) <kitchentable> (231)"", ""[WALK] <bananas> (316)"", ""[GRAB] <bananas> (316)"", ""[WALK] <kitchentable> (231)"", ""[PUT] <bananas> (316) <kitchentable> (231)"", ""[WALK] <bananas> (439)"", ""[GRAB] <bananas> (439)"", ""[WALK] <kitchentable> (231)"", ""[PUT] <bananas> (439) <kitchentable> (231)""]",True,False,False,False,test_task81,5,livingroom,"[{""id"": 162, ""states"": [""OPEN"", ""OFF""]}]",8,"[""[WALK] <bananas> (203)"", ""[GRAB] <bananas> (203)"", ""[WALK] <microwave> (162)"", ""[PUTIN] <bananas> (203) <microwave> (162)"", ""[WALK] <bananas> (204)"", ""[GRAB] <bananas> (204)"", ""[WALK] <microwave> (162)"", ""[PUTIN] <bananas> (204) <microwave> (162)""]"
placement_task,Put all bananas in the microwave,Put all bananas on the kitchentable,example_task2,0.8097575902938843,Put all apples in the microwave,0.7071243524551392,0.10263323783874512,1,1,12,1,bedroom,[],"[""[WALK] <bananas> (315)"", ""[GRAB] <bananas> (315)"", ""[WALK] <kitchentable> (231)"", ""[PUT] <bananas> (315) <kitchentable> (231)"", ""[WALK] <bananas> (316)"", ""[GRAB] <bananas> (316)"", ""[WALK] <kitchentable> (231)"", ""[PUT] <bananas> (316) <kitchentable> (231)"", ""[WALK] <bananas> (439)"", ""[GRAB] <bananas> (439)"", ""[WALK] <kitchentable> (231)"", ""[PUT] <bananas> (439) <kitchentable> (231)""]",True,False,False,False,test_task82,5,kitchen,"[{""id"": 162, ""states"": [""CLOSED"", ""OFF""]}]",9,"[""[WALK] <bananas> (203)"", ""[GRAB] <bananas> (203)"", ""[WALK] <microwave> (162)"", ""[OPEN] <microwave> (162)"", ""[PUTIN] <bananas> (203) <microwave> (162)"", ""[WALK] <bananas> (204)"", ""[GRAB] <bananas> (204)"", ""[WALK] <microwave> (162)"", ""[PUTIN] <bananas> (204) <microwave> (162)""]"
placement_task,Put all milks on the kitchencounter,Put all milks on the kitchentable,example_task46,0.8339710235595703,Put all milks in the fridge,0.7572528123855591,0.07671821117401123,1,1,8,6,bathroom,[],"[""[WALK] <milk> (245)"", ""[GRAB] <milk> (245)"", ""[WALK] <kitchentable> (186)"", ""[PUT] <milk> (245) <kitchentable> (186)"", ""[WALK] <milk> (246)"", ""[GRAB] <milk> (246)"", ""[WALK] <kitchentable> (186)"", ""[PUT] <milk> (246) <kitchentable> (186)""]",True,True,False,False,test_task83,6,kitchen,[],0,[]
placement_task,Put all milks on the cuttingboard,Put all milks on the kitchentable,example_task46,0.7180633544921875,Put all milks in the fridge,0.6777494549751282,0.040313899517059326,1,1,8,6,bathroom,[],"[""[WALK] <milk> (245)"", ""[GRAB] <milk> (245)"", ""[WALK] <kitchentable> (186)"", ""[PUT] <milk> (245) <kitchentable> (186)"", ""[WALK] <milk> (246)"", ""[GRAB] <milk> (246)"", ""[WALK] <kitchentable> (186)"", ""[PUT] <milk> (246) <kitchentable> (186)""]",True,True,False,False,test_task84,6,bathroom,[],8,"[""[WALK] <milk> (245)"", ""[GRAB] <milk> (245)"", ""[WALK] <cuttingboard> (229)"", ""[PUT] <milk> (245) <cuttingboard> (229)"", ""[WALK] <milk> (246)"", ""[GRAB] <milk> (246)"", ""[WALK] <cuttingboard> (229)"", ""[PUT] <milk> (246) <cuttingboard> (229)""]"
placement_task,Put all milks on the desk,Put all milks on the kitchentable,example_task46,0.718846321105957,Put all milks in the fridge,0.7066254019737244,0.012220919132232666,1,1,8,6,bathroom,[],"[""[WALK] <milk> (245)"", ""[GRAB] <milk> (245)"", ""[WALK] <kitchentable> (186)"", ""[PUT] <milk> (245) <kitchentable> (186)"", ""[WALK] <milk> (246)"", ""[GRAB] <milk> (246)"", ""[WALK] <kitchentable> (186)"", ""[PUT] <milk> (246) <kitchentable> (186)""]",True,True,False,False,test_task85,6,bedroom,[],8,"[""[WALK] <milk> (245)"", ""[GRAB] <milk> (245)"", ""[WALK] <desk> (283)"", ""[PUT] <milk> (245) <desk> (283)"", ""[WALK] <milk> (246)"", ""[GRAB] <milk> (246)"", ""[WALK] <desk> (283)"", ""[PUT] <milk> (246) <desk> (283)""]"
placement_task,Put all milks in the microwave,Put all milks in the fridge,example_task27,0.7915211915969849,Put all milks on the kitchentable,0.7534511089324951,0.038070082664489746,1,1,9,3,livingroom,"[{""id"": 162, ""states"": [""CLOSED""]}]","[""[WALK] <milk> (176)"", ""[GRAB] <milk> (176)"", ""[WALK] <fridge> (162)"", ""[OPEN] <fridge> (162)"", ""[PUTIN] <milk> (176) <fridge> (162)"", ""[WALK] <milk> (177)"", ""[GRAB] <milk> (177)"", ""[WALK] <fridge> (162)"", ""[PUTIN] <milk> (177) <fridge> (162)""]",True,True,False,False,test_task86,6,livingroom,"[{""id"": 239, ""states"": [""OPEN"", ""OFF""]}]",8,"[""[WALK] <milk> (245)"", ""[GRAB] <milk> (245)"", ""[WALK] <microwave> (239)"", ""[PUTIN] <milk> (245) <microwave> (239)"", ""[WALK] <milk> (246)"", ""[GRAB] <milk> (246)"", ""[WALK] <microwave> (239)"", ""[PUTIN] <milk> (246) <microwave> (239)""]"
placement_task,Put all milks in the microwave,Put all milks in the fridge,example_task27,0.7915211915969849,Put all milks on the kitchentable,0.7534511089324951,0.038070082664489746,1,1,9,3,livingroom,"[{""id"": 162, ""states"": [""CLOSED""]}]","[""[WALK] <milk> (176)"", ""[GRAB] <milk> (176)"", ""[WALK] <fridge> (162)"", ""[OPEN] <fridge> (162)"", ""[PUTIN] <milk> (176) <fridge> (162)"", ""[WALK] <milk> (177)"", ""[GRAB] <milk> (177)"", ""[WALK] <fridge> (162)"", ""[PUTIN] <milk> (177) <fridge> (162)""]",True,True,False,False,test_task87,6,livingroom,"[{""id"": 239, ""states"": [""CLOSED"", ""OFF""]}]",9,"[""[WALK] <milk> (245)"", ""[GRAB] <milk> (245)"", ""[WALK] <microwave> (239)"", ""[OPEN] <microwave> (239)"", ""[PUTIN] <milk> (245) <microwave> (239)"", ""[WALK] <milk> (246)"", ""[GRAB] <milk> (246)"", ""[WALK] <microwave> (239)"", ""[PUTIN] <milk> (246) <microwave> (239)""]"
placement_task,Put all creamybuns on the kitchentable,Put all milks on the kitchentable,example_task46,0.7625018358230591,Put all cupcakes on the kitchentable,0.6637578010559082,0.09874403476715088,1,1,8,6,bathroom,[],"[""[WALK] <milk> (245)"", ""[GRAB] <milk> (245)"", ""[WALK] <kitchentable> (186)"", ""[PUT] <milk> (245) <kitchentable> (186)"", ""[WALK] <milk> (246)"", ""[GRAB] <milk> (246)"", ""[WALK] <kitchentable> (186)"", ""[PUT] <milk> (246) <kitchentable> (186)""]",False,True,True,False,test_task88,7,bathroom,[],8,"[""[WALK] <creamybuns> (188)"", ""[GRAB] <creamybuns> (188)"", ""[WALK] <kitchentable> (129)"", ""[PUT] <creamybuns> (188) <kitchentable> (129)"", ""[WALK] <creamybuns> (189)"", ""[GRAB] <creamybuns> (189)"", ""[WALK] <kitchentable> (129)"", ""[PUT] <creamybuns> (189) <kitchentable> (129)""]"
placement_task,Put all chips on the kitchentable,Put all chips on the coffeetable,example_task35,0.8499681353569031,Put all chips in the fridge,0.7245342135429382,0.12543392181396484,1,1,8,4,bedroom,[],"[""[WALK] <chips> (61)"", ""[GRAB] <chips> (61)"", ""[WALK] <coffeetable> (269)"", ""[PUT] <chips> (61) <coffeetable> (269)"", ""[WALK] <chips> (67)"", ""[GRAB] <chips> (67)"", ""[WALK] <coffeetable> (269)"", ""[PUT] <chips> (67) <coffeetable> (269)""]",True,True,False,False,test_task89,7,bedroom,[],8,"[""[WALK] <chips> (190)"", ""[GRAB] <chips> (190)"", ""[WALK] <kitchentable> (129)"", ""[PUT] <chips> (190) <kitchentable> (129)"", ""[WALK] <chips> (191)"", ""[GRAB] <chips> (191)"", ""[WALK] <kitchentable> (129)"", ""[PUT] <chips> (191) <kitchentable> (129)""]"
placement_task,Put all alcohols on the kitchentable,Put all milks on the kitchentable,example_task46,0.6759195923805237,Put all apples on the kitchentable,0.6622077822685242,0.013711810111999512,1,1,8,6,bathroom,[],"[""[WALK] <milk> (245)"", ""[GRAB] <milk> (245)"", ""[WALK] <kitchentable> (186)"", ""[PUT] <milk> (245) <kitchentable> (186)"", ""[WALK] <milk> (246)"", ""[GRAB] <milk> (246)"", ""[WALK] <kitchentable> (186)"", ""[PUT] <milk> (246) <kitchentable> (186)""]",False,True,True,False,test_task90,7,kitchen,[],8,"[""[WALK] <alcohol> (196)"", ""[GRAB] <alcohol> (196)"", ""[WALK] <kitchentable> (129)"", ""[PUT] <alcohol> (196) <kitchentable> (129)"", ""[WALK] <alcohol> (248)"", ""[GRAB] <alcohol> (248)"", ""[WALK] <kitchentable> (129)"", ""[PUT] <alcohol> (248) <kitchentable> (129)""]"
placement_task,Put all peaches on the kitchentable,Put all peaches on the coffeetable,example_task31,0.8913750648498535,Put all peaches on the oventray,0.7798365354537964,0.11153852939605713,1,1,12,4,bathroom,[],"[""[WALK] <peach> (51)"", ""[GRAB] <peach> (51)"", ""[WALK] <coffeetable> (269)"", ""[PUT] <peach> (51) <coffeetable> (269)"", ""[WALK] <peach> (52)"", ""[GRAB] <peach> (52)"", ""[WALK] <coffeetable> (269)"", ""[PUT] <peach> (52) <coffeetable> (269)"", ""[WALK] <peach> (65)"", ""[GRAB] <peach> (65)"", ""[WALK] <coffeetable> (269)"", ""[PUT] <peach> (65) <coffeetable> (269)""]",True,True,False,False,test_task91,7,bathroom,[],8,"[""[WALK] <peach> (253)"", ""[GRAB] <peach> (253)"", ""[WALK] <kitchentable> (129)"", ""[PUT] <peach> (253) <kitchentable> (129)"", ""[WALK] <peach> (254)"", ""[GRAB] <peach> (254)"", ""[WALK] <kitchentable> (129)"", ""[PUT] <peach> (254) <kitchentable> (129)""]"
placement_task,Put all creamybuns in the microwave,Put all bellpeppers in the microwave,example_task8,0.6402214765548706,Put all juices in the microwave,0.6308796405792236,0.009341835975646973,1,1,25,1,kitchen,"[{""id"": 313, ""states"": [""CLOSED"", ""OFF""]}]","[""[WALK] <bellpepper> (320)"", ""[GRAB] <bellpepper> (320)"", ""[WALK] <microwave> (313)"", ""[OPEN] <microwave> (313)"", ""[PUTIN] <bellpepper> (320) <microwave> (313)"", ""[WALK] <bellpepper> (321)"", ""[GRAB] <bellpepper> (321)"", ""[WALK] <microwave> (313)"", ""[PUTIN] <bellpepper> (321) <microwave> (313)"", ""[WALK] <bellpepper> (322)"", ""[GRAB] <bellpepper> (322)"", ""[WALK] <microwave> (313)"", ""[PUTIN] <bellpepper> (322) <microwave> (313)"", ""[WALK] <bellpepper> (323)"", ""[GRAB] <bellpepper> (323)"", ""[WALK] <microwave> (313)"", ""[PUTIN] <bellpepper> (323) <microwave> (313)"", ""[WALK] <bellpepper> (324)"", ""[GRAB] <bellpepper> (324)"", ""[WALK] <microwave> (313)"", ""[PUTIN] <bellpepper> (324) <microwave> (313)"", ""[WALK] <bellpepper> (325)"", ""[GRAB] <bellpepper> (325)"", ""[WALK] <microwave> (313)"", ""[PUTIN] <bellpepper> (325) <microwave> (313)""]",False,True,True,False,test_task92,7,kitchen,"[{""id"": 166, ""states"": [""OPEN"", ""OFF""]}]",8,"[""[WALK] <creamybuns> (188)"", ""[GRAB] <creamybuns> (188)"", ""[WALK] <microwave> (166)"", ""[PUTIN] <creamybuns> (188) <microwave> (166)"", ""[WALK] <creamybuns> (189)"", ""[GRAB] <creamybuns> (189)"", ""[WALK] <microwave> (166)"", ""[PUTIN] <creamybuns> (189) <microwave> (166)""]"
placement_task,Put all creamybuns in the microwave,Put all bellpeppers in the microwave,example_task8,0.6402214765548706,Put all juices in the microwave,0.6308796405792236,0.009341835975646973,1,1,25,1,kitchen,"[{""id"": 313, ""states"": [""CLOSED"", ""OFF""]}]","[""[WALK] <bellpepper> (320)"", ""[GRAB] <bellpepper> (320)"", ""[WALK] <microwave> (313)"", ""[OPEN] <microwave> (313)"", ""[PUTIN] <bellpepper> (320) <microwave> (313)"", ""[WALK] <bellpepper> (321)"", ""[GRAB] <bellpepper> (321)"", ""[WALK] <microwave> (313)"", ""[PUTIN] <bellpepper> (321) <microwave> (313)"", ""[WALK] <bellpepper> (322)"", ""[GRAB] <bellpepper> (322)"", ""[WALK] <microwave> (313)"", ""[PUTIN] <bellpepper> (322) <microwave> (313)"", ""[WALK] <bellpepper> (323)"", ""[GRAB] <bellpepper> (323)"", ""[WALK] <microwave> (313)"", ""[PUTIN] <bellpepper> (323) <microwave> (313)"", ""[WALK] <bellpepper> (324)"", ""[GRAB] <bellpepper> (324)"", ""[WALK] <microwave> (313)"", ""[PUTIN] <bellpepper> (324) <microwave> (313)"", ""[WALK] <bellpepper> (325)"", ""[GRAB] <bellpepper> (325)"", ""[WALK] <microwave> (313)"", ""[PUTIN] <bellpepper> (325) <microwave> (313)""]",False,True,True,False,test_task93,7,livingroom,"[{""id"": 166, ""states"": [""CLOSED"", ""OFF""]}]",9,"[""[WALK] <creamybuns> (188)"", ""[GRAB] <creamybuns> (188)"", ""[WALK] <microwave> (166)"", ""[OPEN] <microwave> (166)"", ""[PUTIN] <creamybuns> (188) <microwave> (166)"", ""[WALK] <creamybuns> (189)"", ""[GRAB] <creamybuns> (189)"", ""[WALK] <microwave> (166)"", ""[PUTIN] <creamybuns> (189) <microwave> (166)""]"
placement_task,Put all chips in the microwave,Put all chips in the fridge,example_task10,0.8086038827896118,Put all bellpeppers in the microwave,0.6759386658668518,0.13266521692276,1,1,9,1,kitchen,"[{""id"": 305, ""states"": [""CLOSED""]}]","[""[WALK] <chips> (328)"", ""[GRAB] <chips> (328)"", ""[WALK] <fridge> (305)"", ""[OPEN] <fridge> (305)"", ""[PUTIN] <chips> (328) <fridge> (305)"", ""[WALK] <chips> (329)"", ""[GRAB] <chips> (329)"", ""[WALK] <fridge> (305)"", ""[PUTIN] <chips> (329) <fridge> (305)""]",True,True,False,False,test_task94,7,kitchen,"[{""id"": 166, ""states"": [""OPEN"", ""OFF""]}]",8,"[""[WALK] <chips> (190)"", ""[GRAB] <chips> (190)"", ""[WALK] <microwave> (166)"", ""[PUTIN] <chips> (190) <microwave> (166)"", ""[WALK] <chips> (191)"", ""[GRAB] <chips> (191)"", ""[WALK] <microwave> (166)"", ""[PUTIN] <chips> (191) <microwave> (166)""]"
placement_task,Put all chips in the microwave,Put all chips in the fridge,example_task10,0.8086038827896118,Put all bellpeppers in the microwave,0.6759386658668518,0.13266521692276,1,1,9,1,kitchen,"[{""id"": 305, ""states"": [""CLOSED""]}]","[""[WALK] <chips> (328)"", ""[GRAB] <chips> (328)"", ""[WALK] <fridge> (305)"", ""[OPEN] <fridge> (305)"", ""[PUTIN] <chips> (328) <fridge> (305)"", ""[WALK] <chips> (329)"", ""[GRAB] <chips> (329)"", ""[WALK] <fridge> (305)"", ""[PUTIN] <chips> (329) <fridge> (305)""]",True,True,False,False,test_task95,7,bedroom,"[{""id"": 166, ""states"": [""CLOSED"", ""OFF""]}]",9,"[""[WALK] <chips> (190)"", ""[GRAB] <chips> (190)"", ""[WALK] <microwave> (166)"", ""[OPEN] <microwave> (166)"", ""[PUTIN] <chips> (190) <microwave> (166)"", ""[WALK] <chips> (191)"", ""[GRAB] <chips> (191)"", ""[WALK] <microwave> (166)"", ""[PUTIN] <chips> (191) <microwave> (166)""]"
placement_task,Put all alcohols in the microwave,Put all juices in the microwave,example_task25,0.7385367751121521,Put all bellpeppers in the microwave,0.6585888266563416,0.07994794845581055,1,1,9,3,kitchen,"[{""id"": 171, ""states"": [""CLOSED"", ""OFF""]}]","[""[WALK] <juice> (173)"", ""[GRAB] <juice> (173)"", ""[WALK] <microwave> (171)"", ""[OPEN] <microwave> (171)"", ""[PUTIN] <juice> (173) <microwave> (171)"", ""[WALK] <juice> (174)"", ""[GRAB] <juice> (174)"", ""[WALK] <microwave> (171)"", ""[PUTIN] <juice> (174) <microwave> (171)""]",False,True,True,False,test_task96,7,bedroom,"[{""id"": 166, ""states"": [""OPEN"", ""OFF""]}]",8,"[""[WALK] <alcohol> (196)"", ""[GRAB] <alcohol> (196)"", ""[WALK] <microwave> (166)"", ""[PUTIN] <alcohol> (196) <microwave> (166)"", ""[WALK] <alcohol> (248)"", ""[GRAB] <alcohol> (248)"", ""[WALK] <microwave> (166)"", ""[PUTIN] <alcohol> (248) <microwave> (166)""]"
placement_task,Put all alcohols in the microwave,Put all juices in the microwave,example_task25,0.7385367751121521,Put all bellpeppers in the microwave,0.6585888266563416,0.07994794845581055,1,1,9,3,kitchen,"[{""id"": 171, ""states"": [""CLOSED"", ""OFF""]}]","[""[WALK] <juice> (173)"", ""[GRAB] <juice> (173)"", ""[WALK] <microwave> (171)"", ""[OPEN] <microwave> (171)"", ""[PUTIN] <juice> (173) <microwave> (171)"", ""[WALK] <juice> (174)"", ""[GRAB] <juice> (174)"", ""[WALK] <microwave> (171)"", ""[PUTIN] <juice> (174) <microwave> (171)""]",False,True,True,False,test_task97,7,livingroom,"[{""id"": 166, ""states"": [""CLOSED"", ""OFF""]}]",9,"[""[WALK] <alcohol> (196)"", ""[GRAB] <alcohol> (196)"", ""[WALK] <microwave> (166)"", ""[OPEN] <microwave> (166)"", ""[PUTIN] <alcohol> (196) <microwave> (166)"", ""[WALK] <alcohol> (248)"", ""[GRAB] <alcohol> (248)"", ""[WALK] <microwave> (166)"", ""[PUTIN] <alcohol> (248) <microwave> (166)""]"
placement_task,Put all peaches in the microwave,Put all peaches on the oventray,example_task30,0.8025043606758118,Put all apples in the microwave,0.7549737691879272,0.04753059148788452,1,1,12,4,kitchen,[],"[""[WALK] <peach> (51)"", ""[GRAB] <peach> (51)"", ""[WALK] <oventray> (106)"", ""[PUT] <peach> (51) <oventray> (106)"", ""[WALK] <peach> (52)"", ""[GRAB] <peach> (52)"", ""[WALK] <oventray> (106)"", ""[PUT] <peach> (52) <oventray> (106)"", ""[WALK] <peach> (65)"", ""[GRAB] <peach> (65)"", ""[WALK] <oventray> (106)"", ""[PUT] <peach> (65) <oventray> (106)""]",True,False,False,False,test_task98,7,livingroom,"[{""id"": 166, ""states"": [""OPEN"", ""OFF""]}]",8,"[""[WALK] <peach> (253)"", ""[GRAB] <peach> (253)"", ""[WALK] <microwave> (166)"", ""[PUTIN] <peach> (253) <microwave> (166)"", ""[WALK] <peach> (254)"", ""[GRAB] <peach> (254)"", ""[WALK] <microwave> (166)"", ""[PUTIN] <peach> (254) <microwave> (166)""]"
placement_task,Put all peaches in the microwave,Put all peaches on the oventray,example_task30,0.8025043606758118,Put all apples in the microwave,0.7549737691879272,0.04753059148788452,1,1,12,4,kitchen,[],"[""[WALK] <peach> (51)"", ""[GRAB] <peach> (51)"", ""[WALK] <oventray> (106)"", ""[PUT] <peach> (51) <oventray> (106)"", ""[WALK] <peach> (52)"", ""[GRAB] <peach> (52)"", ""[WALK] <oventray> (106)"", ""[PUT] <peach> (52) <oventray> (106)"", ""[WALK] <peach> (65)"", ""[GRAB] <peach> (65)"", ""[WALK] <oventray> (106)"", ""[PUT] <peach> (65) <oventray> (106)""]",True,False,False,False,test_task99,7,kitchen,"[{""id"": 166, ""states"": [""CLOSED"", ""OFF""]}]",9,"[""[WALK] <peach> (253)"", ""[GRAB] <peach> (253)"", ""[WALK] <microwave> (166)"", ""[OPEN] <microwave> (166)"", ""[PUTIN] <peach> (253) <microwave> (166)"", ""[WALK] <peach> (254)"", ""[GRAB] <peach> (254)"", ""[WALK] <microwave> (166)"", ""[PUTIN] <peach> (254) <microwave> (166)""]"
placement_task,Put all plums in the microwave,Put all plums on the kitchentable,example_task4,0.7624219059944153,Put all plums on the oventray,0.758360743522644,0.00406116247177124,1,1,8,1,livingroom,[],"[""[WALK] <plum> (443)"", ""[GRAB] <plum> (443)"", ""[WALK] <kitchentable> (231)"", ""[PUT] <plum> (443) <kitchentable> (231)"", ""[WALK] <plum> (444)"", ""[GRAB] <plum> (444)"", ""[WALK] <kitchentable> (231)"", ""[PUT] <plum> (444) <kitchentable> (231)""]",True,False,False,False,test_task100,7,bathroom,"[{""id"": 166, ""states"": [""OPEN"", ""OFF""]}]",8,"[""[WALK] <plum> (255)"", ""[GRAB] <plum> (255)"", ""[WALK] <microwave> (166)"", ""[PUTIN] <plum> (255) <microwave> (166)"", ""[WALK] <plum> (256)"", ""[GRAB] <plum> (256)"", ""[WALK] <microwave> (166)"", ""[PUTIN] <plum> (256) <microwave> (166)""]"
placement_task,Put all plums in the microwave,Put all plums on the kitchentable,example_task4,0.7624219059944153,Put all plums on the oventray,0.758360743522644,0.00406116247177124,1,1,8,1,livingroom,[],"[""[WALK] <plum> (443)"", ""[GRAB] <plum> (443)"", ""[WALK] <kitchentable> (231)"", ""[PUT] <plum> (443) <kitchentable> (231)"", ""[WALK] <plum> (444)"", ""[GRAB] <plum> (444)"", ""[WALK] <kitchentable> (231)"", ""[PUT] <plum> (444) <kitchentable> (231)""]",True,False,False,False,test_task101,7,kitchen,"[{""id"": 166, ""states"": [""CLOSED"", ""OFF""]}]",9,"[""[WALK] <plum> (255)"", ""[GRAB] <plum> (255)"", ""[WALK] <microwave> (166)"", ""[OPEN] <microwave> (166)"", ""[PUTIN] <plum> (255) <microwave> (166)"", ""[WALK] <plum> (256)"", ""[GRAB] <plum> (256)"", ""[WALK] <microwave> (166)"", ""[PUTIN] <plum> (256) <microwave> (166)""]"
placement_task,Put all cupcakes in the microwave,Put all cupcakes in the fridge,example_task29,0.8067172765731812,Put all cupcakes on the kitchentable,0.7639733552932739,0.04274392127990723,1,1,17,3,livingroom,"[{""id"": 162, ""states"": [""CLOSED""]}]","[""[WALK] <cupcake> (225)"", ""[GRAB] <cupcake> (225)"", ""[WALK] <fridge> (162)"", ""[OPEN] <fridge> (162)"", ""[PUTIN] <cupcake> (225) <fridge> (162)"", ""[WALK] <cupcake> (226)"", ""[GRAB] <cupcake> (226)"", ""[WALK] <fridge> (162)"", ""[PUTIN] <cupcake> (226) <fridge> (162)"", ""[WALK] <cupcake> (227)"", ""[GRAB] <cupcake> (227)"", ""[WALK] <fridge> (162)"", ""[PUTIN] <cupcake> (227) <fridge> (162)"", ""[WALK] <cupcake> (385)"", ""[GRAB] <cupcake> (385)"", ""[WALK] <fridge> (162)"", ""[PUTIN] <cupcake> (385) <fridge> (162)""]",True,True,False,False,test_task102,7,bedroom,"[{""id"": 166, ""states"": [""OPEN"", ""OFF""]}]",8,"[""[WALK] <cupcake> (319)"", ""[GRAB] <cupcake> (319)"", ""[WALK] <microwave> (166)"", ""[PUTIN] <cupcake> (319) <microwave> (166)"", ""[WALK] <cupcake> (320)"", ""[GRAB] <cupcake> (320)"", ""[WALK] <microwave> (166)"", ""[PUTIN] <cupcake> (320) <microwave> (166)""]"
placement_task,Put all cupcakes in the microwave,Put all cupcakes in the fridge,example_task29,0.8067172765731812,Put all cupcakes on the kitchentable,0.7639733552932739,0.04274392127990723,1,1,17,3,livingroom,"[{""id"": 162, ""states"": [""CLOSED""]}]","[""[WALK] <cupcake> (225)"", ""[GRAB] <cupcake> (225)"", ""[WALK] <fridge> (162)"", ""[OPEN] <fridge> (162)"", ""[PUTIN] <cupcake> (225) <fridge> (162)"", ""[WALK] <cupcake> (226)"", ""[GRAB] <cupcake> (226)"", ""[WALK] <fridge> (162)"", ""[PUTIN] <cupcake> (226) <fridge> (162)"", ""[WALK] <cupcake> (227)"", ""[GRAB] <cupcake> (227)"", ""[WALK] <fridge> (162)"", ""[PUTIN] <cupcake> (227) <fridge> (162)"", ""[WALK] <cupcake> (385)"", ""[GRAB] <cupcake> (385)"", ""[WALK] <fridge> (162)"", ""[PUTIN] <cupcake> (385) <fridge> (162)""]",True,True,False,False,test_task103,7,bedroom,"[{""id"": 166, ""states"": [""CLOSED"", ""OFF""]}]",9,"[""[WALK] <cupcake> (319)"", ""[GRAB] <cupcake> (319)"", ""[WALK] <microwave> (166)"", ""[OPEN] <microwave> (166)"", ""[PUTIN] <cupcake> (319) <microwave> (166)"", ""[WALK] <cupcake> (320)"", ""[GRAB] <cupcake> (320)"", ""[WALK] <microwave> (166)"", ""[PUTIN] <cupcake> (320) <microwave> (166)""]"
