task_type,split,task_id,task_name,template,operation,object,destination,scene,initial_room,initial_states,goal_states,goal_count,required_state_changes,reference_length,reference_actions,initially_complete_proxy
state_change_task,test,test_task1,Turn on all lightswitches,Turn {state} all {object},on,lightswitches,,1,livingroom,"[{""id"": 71, ""states"": [""ON""]}, {""id"": 173, ""states"": [""ON""]}, {""id"": 261, ""states"": [""ON""]}, {""id"": 427, ""states"": [""ON""]}]","[{""id"": 71, ""states"": [""ON""]}, {""id"": 173, ""states"": [""ON""]}, {""id"": 261, ""states"": [""ON""]}, {""id"": 427, ""states"": [""ON""]}]",4,0,0,[],True
state_change_task,test,test_task2,Turn on all lightswitches,Turn {state} all {object},on,lightswitches,,1,bathroom,"[{""id"": 71, ""states"": [""ON""]}, {""id"": 173, ""states"": [""ON""]}, {""id"": 261, ""states"": [""ON""]}, {""id"": 427, ""states"": [""OFF""]}]","[{""id"": 71, ""states"": [""ON""]}, {""id"": 173, ""states"": [""ON""]}, {""id"": 261, ""states"": [""ON""]}, {""id"": 427, ""states"": [""ON""]}]",4,1,2,"[""[WALK] <lightswitch> (427)"", ""[SWITCHON] <lightswitch> (427)""]",False
state_change_task,test,test_task3,Turn on all lightswitches,Turn {state} all {object},on,lightswitches,,1,kitchen,"[{""id"": 71, ""states"": [""ON""]}, {""id"": 173, ""states"": [""ON""]}, {""id"": 261, ""states"": [""OFF""]}, {""id"": 427, ""states"": [""ON""]}]","[{""id"": 71, ""states"": [""ON""]}, {""id"": 173, ""states"": [""ON""]}, {""id"": 261, ""states"": [""ON""]}, {""id"": 427, ""states"": [""ON""]}]",4,1,2,"[""[WALK] <lightswitch> (261)"", ""[SWITCHON] <lightswitch> (261)""]",False
state_change_task,test,test_task4,Turn on all lightswitches,Turn {state} all {object},on,lightswitches,,1,kitchen,"[{""id"": 71, ""states"": [""ON""]}, {""id"": 173, ""states"": [""ON""]}, {""id"": 261, ""states"": [""OFF""]}, {""id"": 427, ""states"": [""OFF""]}]","[{""id"": 71, ""states"": [""ON""]}, {""id"": 173, ""states"": [""ON""]}, {""id"": 261, ""states"": [""ON""]}, {""id"": 427, ""states"": [""ON""]}]",4,2,4,"[""[WALK] <lightswitch> (261)"", ""[SWITCHON] <lightswitch> (261)"", ""[WALK] <lightswitch> (427)"", ""[SWITCHON] <lightswitch> (427)""]",False
state_change_task,test,test_task5,Turn on all lightswitches,Turn {state} all {object},on,lightswitches,,1,bathroom,"[{""id"": 71, ""states"": [""ON""]}, {""id"": 173, ""states"": [""OFF""]}, {""id"": 261, ""states"": [""ON""]}, {""id"": 427, ""states"": [""ON""]}]","[{""id"": 71, ""states"": [""ON""]}, {""id"": 173, ""states"": [""ON""]}, {""id"": 261, ""states"": [""ON""]}, {""id"": 427, ""states"": [""ON""]}]",4,1,2,"[""[WALK] <lightswitch> (173)"", ""[SWITCHON] <lightswitch> (173)""]",False
state_change_task,test,test_task6,Turn on all lightswitches,Turn {state} all {object},on,lightswitches,,1,kitchen,"[{""id"": 71, ""states"": [""ON""]}, {""id"": 173, ""states"": [""OFF""]}, {""id"": 261, ""states"": [""ON""]}, {""id"": 427, ""states"": [""OFF""]}]","[{""id"": 71, ""states"": [""ON""]}, {""id"": 173, ""states"": [""ON""]}, {""id"": 261, ""states"": [""ON""]}, {""id"": 427, ""states"": [""ON""]}]",4,2,4,"[""[WALK] <lightswitch> (173)"", ""[SWITCHON] <lightswitch> (173)"", ""[WALK] <lightswitch> (427)"", ""[SWITCHON] <lightswitch> (427)""]",False
state_change_task,test,test_task7,Turn on all lightswitches,Turn {state} all {object},on,lightswitches,,1,kitchen,"[{""id"": 71, ""states"": [""ON""]}, {""id"": 173, ""states"": [""OFF""]}, {""id"": 261, ""states"": [""OFF""]}, {""id"": 427, ""states"": [""ON""]}]","[{""id"": 71, ""states"": [""ON""]}, {""id"": 173, ""states"": [""ON""]}, {""id"": 261, ""states"": [""ON""]}, {""id"": 427, ""states"": [""ON""]}]",4,2,4,"[""[WALK] <lightswitch> (173)"", ""[SWITCHON] <lightswitch> (173)"", ""[WALK] <lightswitch> (261)"", ""[SWITCHON] <lightswitch> (261)""]",False
state_change_task,test,test_task8,Turn on all lightswitches,Turn {state} all {object},on,lightswitches,,1,kitchen,"[{""id"": 71, ""states"": [""ON""]}, {""id"": 173, ""states"": [""OFF""]}, {""id"": 261, ""states"": [""OFF""]}, {""id"": 427, ""states"": [""OFF""]}]","[{""id"": 71, ""states"": [""ON""]}, {""id"": 173, ""states"": [""ON""]}, {""id"": 261, ""states"": [""ON""]}, {""id"": 427, ""states"": [""ON""]}]",4,3,6,"[""[WALK] <lightswitch> (173)"", ""[SWITCHON] <lightswitch> (173)"", ""[WALK] <lightswitch> (261)"", ""[SWITCHON] <lightswitch> (261)"", ""[WALK] <lightswitch> (427)"", ""[SWITCHON] <lightswitch> (427)""]",False
state_change_task,test,test_task9,Turn on all lightswitches,Turn {state} all {object},on,lightswitches,,1,bedroom,"[{""id"": 71, ""states"": [""OFF""]}, {""id"": 173, ""states"": [""ON""]}, {""id"": 261, ""states"": [""ON""]}, {""id"": 427, ""states"": [""ON""]}]","[{""id"": 71, ""states"": [""ON""]}, {""id"": 173, ""states"": [""ON""]}, {""id"": 261, ""states"": [""ON""]}, {""id"": 427, ""states"": [""ON""]}]",4,1,2,"[""[WALK] <lightswitch> (71)"", ""[SWITCHON] <lightswitch> (71)""]",False
state_change_task,test,test_task10,Turn on all lightswitches,Turn {state} all {object},on,lightswitches,,1,bedroom,"[{""id"": 71, ""states"": [""OFF""]}, {""id"": 173, ""states"": [""ON""]}, {""id"": 261, ""states"": [""ON""]}, {""id"": 427, ""states"": [""OFF""]}]","[{""id"": 71, ""states"": [""ON""]}, {""id"": 173, ""states"": [""ON""]}, {""id"": 261, ""states"": [""ON""]}, {""id"": 427, ""states"": [""ON""]}]",4,2,4,"[""[WALK] <lightswitch> (71)"", ""[SWITCHON] <lightswitch> (71)"", ""[WALK] <lightswitch> (427)"", ""[SWITCHON] <lightswitch> (427)""]",False
state_change_task,test,test_task11,Turn on all lightswitches,Turn {state} all {object},on,lightswitches,,1,bedroom,"[{""id"": 71, ""states"": [""OFF""]}, {""id"": 173, ""states"": [""ON""]}, {""id"": 261, ""states"": [""OFF""]}, {""id"": 427, ""states"": [""ON""]}]","[{""id"": 71, ""states"": [""ON""]}, {""id"": 173, ""states"": [""ON""]}, {""id"": 261, ""states"": [""ON""]}, {""id"": 427, ""states"": [""ON""]}]",4,2,4,"[""[WALK] <lightswitch> (71)"", ""[SWITCHON] <lightswitch> (71)"", ""[WALK] <lightswitch> (261)"", ""[SWITCHON] <lightswitch> (261)""]",False
state_change_task,test,test_task12,Turn on all lightswitches,Turn {state} all {object},on,lightswitches,,1,bathroom,"[{""id"": 71, ""states"": [""OFF""]}, {""id"": 173, ""states"": [""ON""]}, {""id"": 261, ""states"": [""OFF""]}, {""id"": 427, ""states"": [""OFF""]}]","[{""id"": 71, ""states"": [""ON""]}, {""id"": 173, ""states"": [""ON""]}, {""id"": 261, ""states"": [""ON""]}, {""id"": 427, ""states"": [""ON""]}]",4,3,6,"[""[WALK] <lightswitch> (71)"", ""[SWITCHON] <lightswitch> (71)"", ""[WALK] <lightswitch> (261)"", ""[SWITCHON] <lightswitch> (261)"", ""[WALK] <lightswitch> (427)"", ""[SWITCHON] <lightswitch> (427)""]",False
state_change_task,test,test_task13,Turn on all lightswitches,Turn {state} all {object},on,lightswitches,,1,bathroom,"[{""id"": 71, ""states"": [""OFF""]}, {""id"": 173, ""states"": [""OFF""]}, {""id"": 261, ""states"": [""ON""]}, {""id"": 427, ""states"": [""ON""]}]","[{""id"": 71, ""states"": [""ON""]}, {""id"": 173, ""states"": [""ON""]}, {""id"": 261, ""states"": [""ON""]}, {""id"": 427, ""states"": [""ON""]}]",4,2,4,"[""[WALK] <lightswitch> (71)"", ""[SWITCHON] <lightswitch> (71)"", ""[WALK] <lightswitch> (173)"", ""[SWITCHON] <lightswitch> (173)""]",False
state_change_task,test,test_task14,Turn on all lightswitches,Turn {state} all {object},on,lightswitches,,1,bathroom,"[{""id"": 71, ""states"": [""OFF""]}, {""id"": 173, ""states"": [""OFF""]}, {""id"": 261, ""states"": [""ON""]}, {""id"": 427, ""states"": [""OFF""]}]","[{""id"": 71, ""states"": [""ON""]}, {""id"": 173, ""states"": [""ON""]}, {""id"": 261, ""states"": [""ON""]}, {""id"": 427, ""states"": [""ON""]}]",4,3,6,"[""[WALK] <lightswitch> (71)"", ""[SWITCHON] <lightswitch> (71)"", ""[WALK] <lightswitch> (173)"", ""[SWITCHON] <lightswitch> (173)"", ""[WALK] <lightswitch> (427)"", ""[SWITCHON] <lightswitch> (427)""]",False
state_change_task,test,test_task15,Turn on all lightswitches,Turn {state} all {object},on,lightswitches,,1,bathroom,"[{""id"": 71, ""states"": [""OFF""]}, {""id"": 173, ""states"": [""OFF""]}, {""id"": 261, ""states"": [""OFF""]}, {""id"": 427, ""states"": [""ON""]}]","[{""id"": 71, ""states"": [""ON""]}, {""id"": 173, ""states"": [""ON""]}, {""id"": 261, ""states"": [""ON""]}, {""id"": 427, ""states"": [""ON""]}]",4,3,6,"[""[WALK] <lightswitch> (71)"", ""[SWITCHON] <lightswitch> (71)"", ""[WALK] <lightswitch> (173)"", ""[SWITCHON] <lightswitch> (173)"", ""[WALK] <lightswitch> (261)"", ""[SWITCHON] <lightswitch> (261)""]",False
state_change_task,test,test_task16,Turn on all lightswitches,Turn {state} all {object},on,lightswitches,,1,bedroom,"[{""id"": 71, ""states"": [""OFF""]}, {""id"": 173, ""states"": [""OFF""]}, {""id"": 261, ""states"": [""OFF""]}, {""id"": 427, ""states"": [""OFF""]}]","[{""id"": 71, ""states"": [""ON""]}, {""id"": 173, ""states"": [""ON""]}, {""id"": 261, ""states"": [""ON""]}, {""id"": 427, ""states"": [""ON""]}]",4,4,8,"[""[WALK] <lightswitch> (71)"", ""[SWITCHON] <lightswitch> (71)"", ""[WALK] <lightswitch> (173)"", ""[SWITCHON] <lightswitch> (173)"", ""[WALK] <lightswitch> (261)"", ""[SWITCHON] <lightswitch> (261)"", ""[WALK] <lightswitch> (427)"", ""[SWITCHON] <lightswitch> (427)""]",False
state_change_task,test,test_task17,Turn on all tvs,Turn {state} all {object},on,tvs,,1,bathroom,"[{""id"": 264, ""states"": [""ON""]}, {""id"": 426, ""states"": [""ON""]}]","[{""id"": 264, ""states"": [""ON""]}, {""id"": 426, ""states"": [""ON""]}]",2,0,0,[],True
state_change_task,test,test_task18,Turn on all tvs,Turn {state} all {object},on,tvs,,1,bedroom,"[{""id"": 264, ""states"": [""ON""]}, {""id"": 426, ""states"": [""OFF""]}]","[{""id"": 264, ""states"": [""ON""]}, {""id"": 426, ""states"": [""ON""]}]",2,1,2,"[""[WALK] <tv> (426)"", ""[SWITCHON] <tv> (426)""]",False
state_change_task,test,test_task19,Turn on all tvs,Turn {state} all {object},on,tvs,,1,kitchen,"[{""id"": 264, ""states"": [""OFF""]}, {""id"": 426, ""states"": [""ON""]}]","[{""id"": 264, ""states"": [""ON""]}, {""id"": 426, ""states"": [""ON""]}]",2,1,2,"[""[WALK] <tv> (264)"", ""[SWITCHON] <tv> (264)""]",False
state_change_task,test,test_task20,Turn on all tvs,Turn {state} all {object},on,tvs,,1,kitchen,"[{""id"": 264, ""states"": [""OFF""]}, {""id"": 426, ""states"": [""OFF""]}]","[{""id"": 264, ""states"": [""ON""]}, {""id"": 426, ""states"": [""ON""]}]",2,2,4,"[""[WALK] <tv> (264)"", ""[SWITCHON] <tv> (264)"", ""[WALK] <tv> (426)"", ""[SWITCHON] <tv> (426)""]",False
state_change_task,test,test_task21,Turn off all lightswitches,Turn {state} all {object},off,lightswitches,,1,livingroom,"[{""id"": 71, ""states"": [""ON""]}, {""id"": 173, ""states"": [""ON""]}, {""id"": 261, ""states"": [""ON""]}, {""id"": 427, ""states"": [""ON""]}]","[{""id"": 71, ""states"": [""OFF""]}, {""id"": 173, ""states"": [""OFF""]}, {""id"": 261, ""states"": [""OFF""]}, {""id"": 427, ""states"": [""OFF""]}]",4,4,8,"[""[WALK] <lightswitch> (71)"", ""[SWITCHOFF] <lightswitch> (71)"", ""[WALK] <lightswitch> (173)"", ""[SWITCHOFF] <lightswitch> (173)"", ""[WALK] <lightswitch> (261)"", ""[SWITCHOFF] <lightswitch> (261)"", ""[WALK] <lightswitch> (427)"", ""[SWITCHOFF] <lightswitch> (427)""]",False
state_change_task,test,test_task22,Turn off all lightswitches,Turn {state} all {object},off,lightswitches,,1,livingroom,"[{""id"": 71, ""states"": [""ON""]}, {""id"": 173, ""states"": [""ON""]}, {""id"": 261, ""states"": [""ON""]}, {""id"": 427, ""states"": [""OFF""]}]","[{""id"": 71, ""states"": [""OFF""]}, {""id"": 173, ""states"": [""OFF""]}, {""id"": 261, ""states"": [""OFF""]}, {""id"": 427, ""states"": [""OFF""]}]",4,3,6,"[""[WALK] <lightswitch> (71)"", ""[SWITCHOFF] <lightswitch> (71)"", ""[WALK] <lightswitch> (173)"", ""[SWITCHOFF] <lightswitch> (173)"", ""[WALK] <lightswitch> (261)"", ""[SWITCHOFF] <lightswitch> (261)""]",False
state_change_task,test,test_task23,Turn off all lightswitches,Turn {state} all {object},off,lightswitches,,1,livingroom,"[{""id"": 71, ""states"": [""ON""]}, {""id"": 173, ""states"": [""ON""]}, {""id"": 261, ""states"": [""OFF""]}, {""id"": 427, ""states"": [""ON""]}]","[{""id"": 71, ""states"": [""OFF""]}, {""id"": 173, ""states"": [""OFF""]}, {""id"": 261, ""states"": [""OFF""]}, {""id"": 427, ""states"": [""OFF""]}]",4,3,6,"[""[WALK] <lightswitch> (71)"", ""[SWITCHOFF] <lightswitch> (71)"", ""[WALK] <lightswitch> (173)"", ""[SWITCHOFF] <lightswitch> (173)"", ""[WALK] <lightswitch> (427)"", ""[SWITCHOFF] <lightswitch> (427)""]",False
state_change_task,test,test_task24,Turn off all lightswitches,Turn {state} all {object},off,lightswitches,,1,livingroom,"[{""id"": 71, ""states"": [""ON""]}, {""id"": 173, ""states"": [""ON""]}, {""id"": 261, ""states"": [""OFF""]}, {""id"": 427, ""states"": [""OFF""]}]","[{""id"": 71, ""states"": [""OFF""]}, {""id"": 173, ""states"": [""OFF""]}, {""id"": 261, ""states"": [""OFF""]}, {""id"": 427, ""states"": [""OFF""]}]",4,2,4,"[""[WALK] <lightswitch> (71)"", ""[SWITCHOFF] <lightswitch> (71)"", ""[WALK] <lightswitch> (173)"", ""[SWITCHOFF] <lightswitch> (173)""]",False
state_change_task,test,test_task25,Turn off all lightswitches,Turn {state} all {object},off,lightswitches,,1,bathroom,"[{""id"": 71, ""states"": [""ON""]}, {""id"": 173, ""states"": [""OFF""]}, {""id"": 261, ""states"": [""ON""]}, {""id"": 427, ""states"": [""ON""]}]","[{""id"": 71, ""states"": [""OFF""]}, {""id"": 173, ""states"": [""OFF""]}, {""id"": 261, ""states"": [""OFF""]}, {""id"": 427, ""states"": [""OFF""]}]",4,3,6,"[""[WALK] <lightswitch> (71)"", ""[SWITCHOFF] <lightswitch> (71)"", ""[WALK] <lightswitch> (261)"", ""[SWITCHOFF] <lightswitch> (261)"", ""[WALK] <lightswitch> (427)"", ""[SWITCHOFF] <lightswitch> (427)""]",False
state_change_task,test,test_task26,Turn off all lightswitches,Turn {state} all {object},off,lightswitches,,1,livingroom,"[{""id"": 71, ""states"": [""ON""]}, {""id"": 173, ""states"": [""OFF""]}, {""id"": 261, ""states"": [""ON""]}, {""id"": 427, ""states"": [""OFF""]}]","[{""id"": 71, ""states"": [""OFF""]}, {""id"": 173, ""states"": [""OFF""]}, {""id"": 261, ""states"": [""OFF""]}, {""id"": 427, ""states"": [""OFF""]}]",4,2,4,"[""[WALK] <lightswitch> (71)"", ""[SWITCHOFF] <lightswitch> (71)"", ""[WALK] <lightswitch> (261)"", ""[SWITCHOFF] <lightswitch> (261)""]",False
state_change_task,test,test_task27,Turn off all lightswitches,Turn {state} all {object},off,lightswitches,,1,kitchen,"[{""id"": 71, ""states"": [""ON""]}, {""id"": 173, ""states"": [""OFF""]}, {""id"": 261, ""states"": [""OFF""]}, {""id"": 427, ""states"": [""ON""]}]","[{""id"": 71, ""states"": [""OFF""]}, {""id"": 173, ""states"": [""OFF""]}, {""id"": 261, ""states"": [""OFF""]}, {""id"": 427, ""states"": [""OFF""]}]",4,2,4,"[""[WALK] <lightswitch> (71)"", ""[SWITCHOFF] <lightswitch> (71)"", ""[WALK] <lightswitch> (427)"", ""[SWITCHOFF] <lightswitch> (427)""]",False
state_change_task,test,test_task28,Turn off all lightswitches,Turn {state} all {object},off,lightswitches,,1,livingroom,"[{""id"": 71, ""states"": [""ON""]}, {""id"": 173, ""states"": [""OFF""]}, {""id"": 261, ""states"": [""OFF""]}, {""id"": 427, ""states"": [""OFF""]}]","[{""id"": 71, ""states"": [""OFF""]}, {""id"": 173, ""states"": [""OFF""]}, {""id"": 261, ""states"": [""OFF""]}, {""id"": 427, ""states"": [""OFF""]}]",4,1,2,"[""[WALK] <lightswitch> (71)"", ""[SWITCHOFF] <lightswitch> (71)""]",False
state_change_task,test,test_task29,Turn off all lightswitches,Turn {state} all {object},off,lightswitches,,1,livingroom,"[{""id"": 71, ""states"": [""OFF""]}, {""id"": 173, ""states"": [""ON""]}, {""id"": 261, ""states"": [""ON""]}, {""id"": 427, ""states"": [""ON""]}]","[{""id"": 71, ""states"": [""OFF""]}, {""id"": 173, ""states"": [""OFF""]}, {""id"": 261, ""states"": [""OFF""]}, {""id"": 427, ""states"": [""OFF""]}]",4,3,6,"[""[WALK] <lightswitch> (173)"", ""[SWITCHOFF] <lightswitch> (173)"", ""[WALK] <lightswitch> (261)"", ""[SWITCHOFF] <lightswitch> (261)"", ""[WALK] <lightswitch> (427)"", ""[SWITCHOFF] <lightswitch> (427)""]",False
state_change_task,test,test_task30,Turn off all lightswitches,Turn {state} all {object},off,lightswitches,,1,bedroom,"[{""id"": 71, ""states"": [""OFF""]}, {""id"": 173, ""states"": [""ON""]}, {""id"": 261, ""states"": [""ON""]}, {""id"": 427, ""states"": [""OFF""]}]","[{""id"": 71, ""states"": [""OFF""]}, {""id"": 173, ""states"": [""OFF""]}, {""id"": 261, ""states"": [""OFF""]}, {""id"": 427, ""states"": [""OFF""]}]",4,2,4,"[""[WALK] <lightswitch> (173)"", ""[SWITCHOFF] <lightswitch> (173)"", ""[WALK] <lightswitch> (261)"", ""[SWITCHOFF] <lightswitch> (261)""]",False
state_change_task,test,test_task31,Turn off all lightswitches,Turn {state} all {object},off,lightswitches,,1,bedroom,"[{""id"": 71, ""states"": [""OFF""]}, {""id"": 173, ""states"": [""ON""]}, {""id"": 261, ""states"": [""OFF""]}, {""id"": 427, ""states"": [""ON""]}]","[{""id"": 71, ""states"": [""OFF""]}, {""id"": 173, ""states"": [""OFF""]}, {""id"": 261, ""states"": [""OFF""]}, {""id"": 427, ""states"": [""OFF""]}]",4,2,4,"[""[WALK] <lightswitch> (173)"", ""[SWITCHOFF] <lightswitch> (173)"", ""[WALK] <lightswitch> (427)"", ""[SWITCHOFF] <lightswitch> (427)""]",False
state_change_task,test,test_task32,Turn off all lightswitches,Turn {state} all {object},off,lightswitches,,1,livingroom,"[{""id"": 71, ""states"": [""OFF""]}, {""id"": 173, ""states"": [""ON""]}, {""id"": 261, ""states"": [""OFF""]}, {""id"": 427, ""states"": [""OFF""]}]","[{""id"": 71, ""states"": [""OFF""]}, {""id"": 173, ""states"": [""OFF""]}, {""id"": 261, ""states"": [""OFF""]}, {""id"": 427, ""states"": [""OFF""]}]",4,1,2,"[""[WALK] <lightswitch> (173)"", ""[SWITCHOFF] <lightswitch> (173)""]",False
state_change_task,test,test_task33,Turn off all lightswitches,Turn {state} all {object},off,lightswitches,,1,kitchen,"[{""id"": 71, ""states"": [""OFF""]}, {""id"": 173, ""states"": [""OFF""]}, {""id"": 261, ""states"": [""ON""]}, {""id"": 427, ""states"": [""ON""]}]","[{""id"": 71, ""states"": [""OFF""]}, {""id"": 173, ""states"": [""OFF""]}, {""id"": 261, ""states"": [""OFF""]}, {""id"": 427, ""states"": [""OFF""]}]",4,2,4,"[""[WALK] <lightswitch> (261)"", ""[SWITCHOFF] <lightswitch> (261)"", ""[WALK] <lightswitch> (427)"", ""[SWITCHOFF] <lightswitch> (427)""]",False
state_change_task,test,test_task34,Turn off all lightswitches,Turn {state} all {object},off,lightswitches,,1,bedroom,"[{""id"": 71, ""states"": [""OFF""]}, {""id"": 173, ""states"": [""OFF""]}, {""id"": 261, ""states"": [""ON""]}, {""id"": 427, ""states"": [""OFF""]}]","[{""id"": 71, ""states"": [""OFF""]}, {""id"": 173, ""states"": [""OFF""]}, {""id"": 261, ""states"": [""OFF""]}, {""id"": 427, ""states"": [""OFF""]}]",4,1,2,"[""[WALK] <lightswitch> (261)"", ""[SWITCHOFF] <lightswitch> (261)""]",False
state_change_task,test,test_task35,Turn off all lightswitches,Turn {state} all {object},off,lightswitches,,1,bathroom,"[{""id"": 71, ""states"": [""OFF""]}, {""id"": 173, ""states"": [""OFF""]}, {""id"": 261, ""states"": [""OFF""]}, {""id"": 427, ""states"": [""ON""]}]","[{""id"": 71, ""states"": [""OFF""]}, {""id"": 173, ""states"": [""OFF""]}, {""id"": 261, ""states"": [""OFF""]}, {""id"": 427, ""states"": [""OFF""]}]",4,1,2,"[""[WALK] <lightswitch> (427)"", ""[SWITCHOFF] <lightswitch> (427)""]",False
state_change_task,test,test_task36,Turn off all lightswitches,Turn {state} all {object},off,lightswitches,,1,livingroom,"[{""id"": 71, ""states"": [""OFF""]}, {""id"": 173, ""states"": [""OFF""]}, {""id"": 261, ""states"": [""OFF""]}, {""id"": 427, ""states"": [""OFF""]}]","[{""id"": 71, ""states"": [""OFF""]}, {""id"": 173, ""states"": [""OFF""]}, {""id"": 261, ""states"": [""OFF""]}, {""id"": 427, ""states"": [""OFF""]}]",4,0,0,[],True
state_change_task,test,test_task37,Turn off all tablelamps,Turn {state} all {object},off,tablelamps,,1,livingroom,"[{""id"": 102, ""states"": [""ON""]}, {""id"": 103, ""states"": [""ON""]}]","[{""id"": 102, ""states"": [""OFF""]}, {""id"": 103, ""states"": [""OFF""]}]",2,2,4,"[""[WALK] <tablelamp> (102)"", ""[SWITCHOFF] <tablelamp> (102)"", ""[WALK] <tablelamp> (103)"", ""[SWITCHOFF] <tablelamp> (103)""]",False
state_change_task,test,test_task38,Turn off all tablelamps,Turn {state} all {object},off,tablelamps,,1,bedroom,"[{""id"": 102, ""states"": [""ON""]}, {""id"": 103, ""states"": [""OFF""]}]","[{""id"": 102, ""states"": [""OFF""]}, {""id"": 103, ""states"": [""OFF""]}]",2,1,2,"[""[WALK] <tablelamp> (102)"", ""[SWITCHOFF] <tablelamp> (102)""]",False
state_change_task,test,test_task39,Turn off all tablelamps,Turn {state} all {object},off,tablelamps,,1,kitchen,"[{""id"": 102, ""states"": [""OFF""]}, {""id"": 103, ""states"": [""ON""]}]","[{""id"": 102, ""states"": [""OFF""]}, {""id"": 103, ""states"": [""OFF""]}]",2,1,2,"[""[WALK] <tablelamp> (103)"", ""[SWITCHOFF] <tablelamp> (103)""]",False
state_change_task,test,test_task40,Turn off all tablelamps,Turn {state} all {object},off,tablelamps,,1,kitchen,"[{""id"": 102, ""states"": [""OFF""]}, {""id"": 103, ""states"": [""OFF""]}]","[{""id"": 102, ""states"": [""OFF""]}, {""id"": 103, ""states"": [""OFF""]}]",2,0,0,[],True
state_change_task,test,test_task41,Turn off all computers,Turn {state} all {object},off,computers,,1,bedroom,"[{""id"": 174, ""states"": [""ON""]}, {""id"": 433, ""states"": [""ON""]}]","[{""id"": 174, ""states"": [""OFF""]}, {""id"": 433, ""states"": [""OFF""]}]",2,2,4,"[""[WALK] <computer> (174)"", ""[SWITCHOFF] <computer> (174)"", ""[WALK] <computer> (433)"", ""[SWITCHOFF] <computer> (433)""]",False
state_change_task,test,test_task42,Turn off all computers,Turn {state} all {object},off,computers,,1,kitchen,"[{""id"": 174, ""states"": [""ON""]}, {""id"": 433, ""states"": [""OFF""]}]","[{""id"": 174, ""states"": [""OFF""]}, {""id"": 433, ""states"": [""OFF""]}]",2,1,2,"[""[WALK] <computer> (174)"", ""[SWITCHOFF] <computer> (174)""]",False
state_change_task,test,test_task43,Turn off all computers,Turn {state} all {object},off,computers,,1,livingroom,"[{""id"": 174, ""states"": [""OFF""]}, {""id"": 433, ""states"": [""ON""]}]","[{""id"": 174, ""states"": [""OFF""]}, {""id"": 433, ""states"": [""OFF""]}]",2,1,2,"[""[WALK] <computer> (433)"", ""[SWITCHOFF] <computer> (433)""]",False
state_change_task,test,test_task44,Turn off all computers,Turn {state} all {object},off,computers,,1,bathroom,"[{""id"": 174, ""states"": [""OFF""]}, {""id"": 433, ""states"": [""OFF""]}]","[{""id"": 174, ""states"": [""OFF""]}, {""id"": 433, ""states"": [""OFF""]}]",2,0,0,[],True
state_change_task,test,test_task45,Turn off all tvs,Turn {state} all {object},off,tvs,,1,livingroom,"[{""id"": 264, ""states"": [""ON""]}, {""id"": 426, ""states"": [""ON""]}]","[{""id"": 264, ""states"": [""OFF""]}, {""id"": 426, ""states"": [""OFF""]}]",2,2,4,"[""[WALK] <tv> (264)"", ""[SWITCHOFF] <tv> (264)"", ""[WALK] <tv> (426)"", ""[SWITCHOFF] <tv> (426)""]",False
state_change_task,test,test_task46,Turn off all tvs,Turn {state} all {object},off,tvs,,1,bedroom,"[{""id"": 264, ""states"": [""ON""]}, {""id"": 426, ""states"": [""OFF""]}]","[{""id"": 264, ""states"": [""OFF""]}, {""id"": 426, ""states"": [""OFF""]}]",2,1,2,"[""[WALK] <tv> (264)"", ""[SWITCHOFF] <tv> (264)""]",False
state_change_task,test,test_task47,Turn off all tvs,Turn {state} all {object},off,tvs,,1,kitchen,"[{""id"": 264, ""states"": [""OFF""]}, {""id"": 426, ""states"": [""ON""]}]","[{""id"": 264, ""states"": [""OFF""]}, {""id"": 426, ""states"": [""OFF""]}]",2,1,2,"[""[WALK] <tv> (426)"", ""[SWITCHOFF] <tv> (426)""]",False
state_change_task,test,test_task48,Turn off all tvs,Turn {state} all {object},off,tvs,,1,kitchen,"[{""id"": 264, ""states"": [""OFF""]}, {""id"": 426, ""states"": [""OFF""]}]","[{""id"": 264, ""states"": [""OFF""]}, {""id"": 426, ""states"": [""OFF""]}]",2,0,0,[],True
state_change_task,test,test_task49,Turn on all lightswitches,Turn {state} all {object},on,lightswitches,,2,bedroom,"[{""id"": 48, ""states"": [""ON""]}, {""id"": 97, ""states"": [""ON""]}, {""id"": 157, ""states"": [""ON""]}, {""id"": 302, ""states"": [""ON""]}]","[{""id"": 48, ""states"": [""ON""]}, {""id"": 97, ""states"": [""ON""]}, {""id"": 157, ""states"": [""ON""]}, {""id"": 302, ""states"": [""ON""]}]",4,0,0,[],True
state_change_task,test,test_task50,Turn on all lightswitches,Turn {state} all {object},on,lightswitches,,2,kitchen,"[{""id"": 48, ""states"": [""ON""]}, {""id"": 97, ""states"": [""ON""]}, {""id"": 157, ""states"": [""ON""]}, {""id"": 302, ""states"": [""OFF""]}]","[{""id"": 48, ""states"": [""ON""]}, {""id"": 97, ""states"": [""ON""]}, {""id"": 157, ""states"": [""ON""]}, {""id"": 302, ""states"": [""ON""]}]",4,1,2,"[""[WALK] <lightswitch> (302)"", ""[SWITCHON] <lightswitch> (302)""]",False
state_change_task,test,test_task51,Turn on all lightswitches,Turn {state} all {object},on,lightswitches,,2,bathroom,"[{""id"": 48, ""states"": [""ON""]}, {""id"": 97, ""states"": [""ON""]}, {""id"": 157, ""states"": [""OFF""]}, {""id"": 302, ""states"": [""ON""]}]","[{""id"": 48, ""states"": [""ON""]}, {""id"": 97, ""states"": [""ON""]}, {""id"": 157, ""states"": [""ON""]}, {""id"": 302, ""states"": [""ON""]}]",4,1,2,"[""[WALK] <lightswitch> (157)"", ""[SWITCHON] <lightswitch> (157)""]",False
state_change_task,test,test_task52,Turn on all lightswitches,Turn {state} all {object},on,lightswitches,,2,livingroom,"[{""id"": 48, ""states"": [""ON""]}, {""id"": 97, ""states"": [""ON""]}, {""id"": 157, ""states"": [""OFF""]}, {""id"": 302, ""states"": [""OFF""]}]","[{""id"": 48, ""states"": [""ON""]}, {""id"": 97, ""states"": [""ON""]}, {""id"": 157, ""states"": [""ON""]}, {""id"": 302, ""states"": [""ON""]}]",4,2,4,"[""[WALK] <lightswitch> (157)"", ""[SWITCHON] <lightswitch> (157)"", ""[WALK] <lightswitch> (302)"", ""[SWITCHON] <lightswitch> (302)""]",False
state_change_task,test,test_task53,Turn on all lightswitches,Turn {state} all {object},on,lightswitches,,2,bedroom,"[{""id"": 48, ""states"": [""ON""]}, {""id"": 97, ""states"": [""OFF""]}, {""id"": 157, ""states"": [""ON""]}, {""id"": 302, ""states"": [""ON""]}]","[{""id"": 48, ""states"": [""ON""]}, {""id"": 97, ""states"": [""ON""]}, {""id"": 157, ""states"": [""ON""]}, {""id"": 302, ""states"": [""ON""]}]",4,1,2,"[""[WALK] <lightswitch> (97)"", ""[SWITCHON] <lightswitch> (97)""]",False
state_change_task,test,test_task54,Turn on all lightswitches,Turn {state} all {object},on,lightswitches,,2,bathroom,"[{""id"": 48, ""states"": [""ON""]}, {""id"": 97, ""states"": [""OFF""]}, {""id"": 157, ""states"": [""ON""]}, {""id"": 302, ""states"": [""OFF""]}]","[{""id"": 48, ""states"": [""ON""]}, {""id"": 97, ""states"": [""ON""]}, {""id"": 157, ""states"": [""ON""]}, {""id"": 302, ""states"": [""ON""]}]",4,2,4,"[""[WALK] <lightswitch> (97)"", ""[SWITCHON] <lightswitch> (97)"", ""[WALK] <lightswitch> (302)"", ""[SWITCHON] <lightswitch> (302)""]",False
state_change_task,test,test_task55,Turn on all lightswitches,Turn {state} all {object},on,lightswitches,,2,kitchen,"[{""id"": 48, ""states"": [""ON""]}, {""id"": 97, ""states"": [""OFF""]}, {""id"": 157, ""states"": [""OFF""]}, {""id"": 302, ""states"": [""ON""]}]","[{""id"": 48, ""states"": [""ON""]}, {""id"": 97, ""states"": [""ON""]}, {""id"": 157, ""states"": [""ON""]}, {""id"": 302, ""states"": [""ON""]}]",4,2,4,"[""[WALK] <lightswitch> (97)"", ""[SWITCHON] <lightswitch> (97)"", ""[WALK] <lightswitch> (157)"", ""[SWITCHON] <lightswitch> (157)""]",False
state_change_task,test,test_task56,Turn on all lightswitches,Turn {state} all {object},on,lightswitches,,2,bedroom,"[{""id"": 48, ""states"": [""ON""]}, {""id"": 97, ""states"": [""OFF""]}, {""id"": 157, ""states"": [""OFF""]}, {""id"": 302, ""states"": [""OFF""]}]","[{""id"": 48, ""states"": [""ON""]}, {""id"": 97, ""states"": [""ON""]}, {""id"": 157, ""states"": [""ON""]}, {""id"": 302, ""states"": [""ON""]}]",4,3,6,"[""[WALK] <lightswitch> (97)"", ""[SWITCHON] <lightswitch> (97)"", ""[WALK] <lightswitch> (157)"", ""[SWITCHON] <lightswitch> (157)"", ""[WALK] <lightswitch> (302)"", ""[SWITCHON] <lightswitch> (302)""]",False
state_change_task,test,test_task57,Turn on all lightswitches,Turn {state} all {object},on,lightswitches,,2,kitchen,"[{""id"": 48, ""states"": [""OFF""]}, {""id"": 97, ""states"": [""ON""]}, {""id"": 157, ""states"": [""ON""]}, {""id"": 302, ""states"": [""ON""]}]","[{""id"": 48, ""states"": [""ON""]}, {""id"": 97, ""states"": [""ON""]}, {""id"": 157, ""states"": [""ON""]}, {""id"": 302, ""states"": [""ON""]}]",4,1,2,"[""[WALK] <lightswitch> (48)"", ""[SWITCHON] <lightswitch> (48)""]",False
state_change_task,test,test_task58,Turn on all lightswitches,Turn {state} all {object},on,lightswitches,,2,bedroom,"[{""id"": 48, ""states"": [""OFF""]}, {""id"": 97, ""states"": [""ON""]}, {""id"": 157, ""states"": [""ON""]}, {""id"": 302, ""states"": [""OFF""]}]","[{""id"": 48, ""states"": [""ON""]}, {""id"": 97, ""states"": [""ON""]}, {""id"": 157, ""states"": [""ON""]}, {""id"": 302, ""states"": [""ON""]}]",4,2,4,"[""[WALK] <lightswitch> (48)"", ""[SWITCHON] <lightswitch> (48)"", ""[WALK] <lightswitch> (302)"", ""[SWITCHON] <lightswitch> (302)""]",False
state_change_task,test,test_task59,Turn on all lightswitches,Turn {state} all {object},on,lightswitches,,2,bathroom,"[{""id"": 48, ""states"": [""OFF""]}, {""id"": 97, ""states"": [""ON""]}, {""id"": 157, ""states"": [""OFF""]}, {""id"": 302, ""states"": [""ON""]}]","[{""id"": 48, ""states"": [""ON""]}, {""id"": 97, ""states"": [""ON""]}, {""id"": 157, ""states"": [""ON""]}, {""id"": 302, ""states"": [""ON""]}]",4,2,4,"[""[WALK] <lightswitch> (48)"", ""[SWITCHON] <lightswitch> (48)"", ""[WALK] <lightswitch> (157)"", ""[SWITCHON] <lightswitch> (157)""]",False
state_change_task,test,test_task60,Turn on all lightswitches,Turn {state} all {object},on,lightswitches,,2,bathroom,"[{""id"": 48, ""states"": [""OFF""]}, {""id"": 97, ""states"": [""ON""]}, {""id"": 157, ""states"": [""OFF""]}, {""id"": 302, ""states"": [""OFF""]}]","[{""id"": 48, ""states"": [""ON""]}, {""id"": 97, ""states"": [""ON""]}, {""id"": 157, ""states"": [""ON""]}, {""id"": 302, ""states"": [""ON""]}]",4,3,6,"[""[WALK] <lightswitch> (48)"", ""[SWITCHON] <lightswitch> (48)"", ""[WALK] <lightswitch> (157)"", ""[SWITCHON] <lightswitch> (157)"", ""[WALK] <lightswitch> (302)"", ""[SWITCHON] <lightswitch> (302)""]",False
state_change_task,test,test_task61,Turn on all lightswitches,Turn {state} all {object},on,lightswitches,,2,kitchen,"[{""id"": 48, ""states"": [""OFF""]}, {""id"": 97, ""states"": [""OFF""]}, {""id"": 157, ""states"": [""ON""]}, {""id"": 302, ""states"": [""ON""]}]","[{""id"": 48, ""states"": [""ON""]}, {""id"": 97, ""states"": [""ON""]}, {""id"": 157, ""states"": [""ON""]}, {""id"": 302, ""states"": [""ON""]}]",4,2,4,"[""[WALK] <lightswitch> (48)"", ""[SWITCHON] <lightswitch> (48)"", ""[WALK] <lightswitch> (97)"", ""[SWITCHON] <lightswitch> (97)""]",False
state_change_task,test,test_task62,Turn on all lightswitches,Turn {state} all {object},on,lightswitches,,2,kitchen,"[{""id"": 48, ""states"": [""OFF""]}, {""id"": 97, ""states"": [""OFF""]}, {""id"": 157, ""states"": [""ON""]}, {""id"": 302, ""states"": [""OFF""]}]","[{""id"": 48, ""states"": [""ON""]}, {""id"": 97, ""states"": [""ON""]}, {""id"": 157, ""states"": [""ON""]}, {""id"": 302, ""states"": [""ON""]}]",4,3,6,"[""[WALK] <lightswitch> (48)"", ""[SWITCHON] <lightswitch> (48)"", ""[WALK] <lightswitch> (97)"", ""[SWITCHON] <lightswitch> (97)"", ""[WALK] <lightswitch> (302)"", ""[SWITCHON] <lightswitch> (302)""]",False
state_change_task,test,test_task63,Turn on all lightswitches,Turn {state} all {object},on,lightswitches,,2,livingroom,"[{""id"": 48, ""states"": [""OFF""]}, {""id"": 97, ""states"": [""OFF""]}, {""id"": 157, ""states"": [""OFF""]}, {""id"": 302, ""states"": [""ON""]}]","[{""id"": 48, ""states"": [""ON""]}, {""id"": 97, ""states"": [""ON""]}, {""id"": 157, ""states"": [""ON""]}, {""id"": 302, ""states"": [""ON""]}]",4,3,6,"[""[WALK] <lightswitch> (48)"", ""[SWITCHON] <lightswitch> (48)"", ""[WALK] <lightswitch> (97)"", ""[SWITCHON] <lightswitch> (97)"", ""[WALK] <lightswitch> (157)"", ""[SWITCHON] <lightswitch> (157)""]",False
state_change_task,test,test_task64,Turn on all lightswitches,Turn {state} all {object},on,lightswitches,,2,bedroom,"[{""id"": 48, ""states"": [""OFF""]}, {""id"": 97, ""states"": [""OFF""]}, {""id"": 157, ""states"": [""OFF""]}, {""id"": 302, ""states"": [""OFF""]}]","[{""id"": 48, ""states"": [""ON""]}, {""id"": 97, ""states"": [""ON""]}, {""id"": 157, ""states"": [""ON""]}, {""id"": 302, ""states"": [""ON""]}]",4,4,8,"[""[WALK] <lightswitch> (48)"", ""[SWITCHON] <lightswitch> (48)"", ""[WALK] <lightswitch> (97)"", ""[SWITCHON] <lightswitch> (97)"", ""[WALK] <lightswitch> (157)"", ""[SWITCHON] <lightswitch> (157)"", ""[WALK] <lightswitch> (302)"", ""[SWITCHON] <lightswitch> (302)""]",False
state_change_task,test,test_task65,Turn off all lightswitches,Turn {state} all {object},off,lightswitches,,2,livingroom,"[{""id"": 48, ""states"": [""ON""]}, {""id"": 97, ""states"": [""ON""]}, {""id"": 157, ""states"": [""ON""]}, {""id"": 302, ""states"": [""ON""]}]","[{""id"": 48, ""states"": [""OFF""]}, {""id"": 97, ""states"": [""OFF""]}, {""id"": 157, ""states"": [""OFF""]}, {""id"": 302, ""states"": [""OFF""]}]",4,4,8,"[""[WALK] <lightswitch> (48)"", ""[SWITCHOFF] <lightswitch> (48)"", ""[WALK] <lightswitch> (97)"", ""[SWITCHOFF] <lightswitch> (97)"", ""[WALK] <lightswitch> (157)"", ""[SWITCHOFF] <lightswitch> (157)"", ""[WALK] <lightswitch> (302)"", ""[SWITCHOFF] <lightswitch> (302)""]",False
state_change_task,test,test_task66,Turn off all lightswitches,Turn {state} all {object},off,lightswitches,,2,livingroom,"[{""id"": 48, ""states"": [""ON""]}, {""id"": 97, ""states"": [""ON""]}, {""id"": 157, ""states"": [""ON""]}, {""id"": 302, ""states"": [""OFF""]}]","[{""id"": 48, ""states"": [""OFF""]}, {""id"": 97, ""states"": [""OFF""]}, {""id"": 157, ""states"": [""OFF""]}, {""id"": 302, ""states"": [""OFF""]}]",4,3,6,"[""[WALK] <lightswitch> (48)"", ""[SWITCHOFF] <lightswitch> (48)"", ""[WALK] <lightswitch> (97)"", ""[SWITCHOFF] <lightswitch> (97)"", ""[WALK] <lightswitch> (157)"", ""[SWITCHOFF] <lightswitch> (157)""]",False
state_change_task,test,test_task67,Turn off all lightswitches,Turn {state} all {object},off,lightswitches,,2,bedroom,"[{""id"": 48, ""states"": [""ON""]}, {""id"": 97, ""states"": [""ON""]}, {""id"": 157, ""states"": [""OFF""]}, {""id"": 302, ""states"": [""ON""]}]","[{""id"": 48, ""states"": [""OFF""]}, {""id"": 97, ""states"": [""OFF""]}, {""id"": 157, ""states"": [""OFF""]}, {""id"": 302, ""states"": [""OFF""]}]",4,3,6,"[""[WALK] <lightswitch> (48)"", ""[SWITCHOFF] <lightswitch> (48)"", ""[WALK] <lightswitch> (97)"", ""[SWITCHOFF] <lightswitch> (97)"", ""[WALK] <lightswitch> (302)"", ""[SWITCHOFF] <lightswitch> (302)""]",False
state_change_task,test,test_task68,Turn off all lightswitches,Turn {state} all {object},off,lightswitches,,2,bedroom,"[{""id"": 48, ""states"": [""ON""]}, {""id"": 97, ""states"": [""ON""]}, {""id"": 157, ""states"": [""OFF""]}, {""id"": 302, ""states"": [""OFF""]}]","[{""id"": 48, ""states"": [""OFF""]}, {""id"": 97, ""states"": [""OFF""]}, {""id"": 157, ""states"": [""OFF""]}, {""id"": 302, ""states"": [""OFF""]}]",4,2,4,"[""[WALK] <lightswitch> (48)"", ""[SWITCHOFF] <lightswitch> (48)"", ""[WALK] <lightswitch> (97)"", ""[SWITCHOFF] <lightswitch> (97)""]",False
state_change_task,test,test_task69,Turn off all lightswitches,Turn {state} all {object},off,lightswitches,,2,bedroom,"[{""id"": 48, ""states"": [""ON""]}, {""id"": 97, ""states"": [""OFF""]}, {""id"": 157, ""states"": [""ON""]}, {""id"": 302, ""states"": [""ON""]}]","[{""id"": 48, ""states"": [""OFF""]}, {""id"": 97, ""states"": [""OFF""]}, {""id"": 157, ""states"": [""OFF""]}, {""id"": 302, ""states"": [""OFF""]}]",4,3,6,"[""[WALK] <lightswitch> (48)"", ""[SWITCHOFF] <lightswitch> (48)"", ""[WALK] <lightswitch> (157)"", ""[SWITCHOFF] <lightswitch> (157)"", ""[WALK] <lightswitch> (302)"", ""[SWITCHOFF] <lightswitch> (302)""]",False
state_change_task,test,test_task70,Turn off all lightswitches,Turn {state} all {object},off,lightswitches,,2,livingroom,"[{""id"": 48, ""states"": [""ON""]}, {""id"": 97, ""states"": [""OFF""]}, {""id"": 157, ""states"": [""ON""]}, {""id"": 302, ""states"": [""OFF""]}]","[{""id"": 48, ""states"": [""OFF""]}, {""id"": 97, ""states"": [""OFF""]}, {""id"": 157, ""states"": [""OFF""]}, {""id"": 302, ""states"": [""OFF""]}]",4,2,4,"[""[WALK] <lightswitch> (48)"", ""[SWITCHOFF] <lightswitch> (48)"", ""[WALK] <lightswitch> (157)"", ""[SWITCHOFF] <lightswitch> (157)""]",False
state_change_task,test,test_task71,Turn off all lightswitches,Turn {state} all {object},off,lightswitches,,2,bathroom,"[{""id"": 48, ""states"": [""ON""]}, {""id"": 97, ""states"": [""OFF""]}, {""id"": 157, ""states"": [""OFF""]}, {""id"": 302, ""states"": [""ON""]}]","[{""id"": 48, ""states"": [""OFF""]}, {""id"": 97, ""states"": [""OFF""]}, {""id"": 157, ""states"": [""OFF""]}, {""id"": 302, ""states"": [""OFF""]}]",4,2,4,"[""[WALK] <lightswitch> (48)"", ""[SWITCHOFF] <lightswitch> (48)"", ""[WALK] <lightswitch> (302)"", ""[SWITCHOFF] <lightswitch> (302)""]",False
state_change_task,test,test_task72,Turn off all lightswitches,Turn {state} all {object},off,lightswitches,,2,bathroom,"[{""id"": 48, ""states"": [""ON""]}, {""id"": 97, ""states"": [""OFF""]}, {""id"": 157, ""states"": [""OFF""]}, {""id"": 302, ""states"": [""OFF""]}]","[{""id"": 48, ""states"": [""OFF""]}, {""id"": 97, ""states"": [""OFF""]}, {""id"": 157, ""states"": [""OFF""]}, {""id"": 302, ""states"": [""OFF""]}]",4,1,2,"[""[WALK] <lightswitch> (48)"", ""[SWITCHOFF] <lightswitch> (48)""]",False
state_change_task,test,test_task73,Turn off all lightswitches,Turn {state} all {object},off,lightswitches,,2,kitchen,"[{""id"": 48, ""states"": [""OFF""]}, {""id"": 97, ""states"": [""ON""]}, {""id"": 157, ""states"": [""ON""]}, {""id"": 302, ""states"": [""ON""]}]","[{""id"": 48, ""states"": [""OFF""]}, {""id"": 97, ""states"": [""OFF""]}, {""id"": 157, ""states"": [""OFF""]}, {""id"": 302, ""states"": [""OFF""]}]",4,3,6,"[""[WALK] <lightswitch> (97)"", ""[SWITCHOFF] <lightswitch> (97)"", ""[WALK] <lightswitch> (157)"", ""[SWITCHOFF] <lightswitch> (157)"", ""[WALK] <lightswitch> (302)"", ""[SWITCHOFF] <lightswitch> (302)""]",False
state_change_task,test,test_task74,Turn off all lightswitches,Turn {state} all {object},off,lightswitches,,2,bathroom,"[{""id"": 48, ""states"": [""OFF""]}, {""id"": 97, ""states"": [""ON""]}, {""id"": 157, ""states"": [""ON""]}, {""id"": 302, ""states"": [""OFF""]}]","[{""id"": 48, ""states"": [""OFF""]}, {""id"": 97, ""states"": [""OFF""]}, {""id"": 157, ""states"": [""OFF""]}, {""id"": 302, ""states"": [""OFF""]}]",4,2,4,"[""[WALK] <lightswitch> (97)"", ""[SWITCHOFF] <lightswitch> (97)"", ""[WALK] <lightswitch> (157)"", ""[SWITCHOFF] <lightswitch> (157)""]",False
state_change_task,test,test_task75,Turn off all lightswitches,Turn {state} all {object},off,lightswitches,,2,kitchen,"[{""id"": 48, ""states"": [""OFF""]}, {""id"": 97, ""states"": [""ON""]}, {""id"": 157, ""states"": [""OFF""]}, {""id"": 302, ""states"": [""ON""]}]","[{""id"": 48, ""states"": [""OFF""]}, {""id"": 97, ""states"": [""OFF""]}, {""id"": 157, ""states"": [""OFF""]}, {""id"": 302, ""states"": [""OFF""]}]",4,2,4,"[""[WALK] <lightswitch> (97)"", ""[SWITCHOFF] <lightswitch> (97)"", ""[WALK] <lightswitch> (302)"", ""[SWITCHOFF] <lightswitch> (302)""]",False
state_change_task,test,test_task76,Turn off all lightswitches,Turn {state} all {object},off,lightswitches,,2,bathroom,"[{""id"": 48, ""states"": [""OFF""]}, {""id"": 97, ""states"": [""ON""]}, {""id"": 157, ""states"": [""OFF""]}, {""id"": 302, ""states"": [""OFF""]}]","[{""id"": 48, ""states"": [""OFF""]}, {""id"": 97, ""states"": [""OFF""]}, {""id"": 157, ""states"": [""OFF""]}, {""id"": 302, ""states"": [""OFF""]}]",4,1,2,"[""[WALK] <lightswitch> (97)"", ""[SWITCHOFF] <lightswitch> (97)""]",False
state_change_task,test,test_task77,Turn off all lightswitches,Turn {state} all {object},off,lightswitches,,2,livingroom,"[{""id"": 48, ""states"": [""OFF""]}, {""id"": 97, ""states"": [""OFF""]}, {""id"": 157, ""states"": [""ON""]}, {""id"": 302, ""states"": [""ON""]}]","[{""id"": 48, ""states"": [""OFF""]}, {""id"": 97, ""states"": [""OFF""]}, {""id"": 157, ""states"": [""OFF""]}, {""id"": 302, ""states"": [""OFF""]}]",4,2,4,"[""[WALK] <lightswitch> (157)"", ""[SWITCHOFF] <lightswitch> (157)"", ""[WALK] <lightswitch> (302)"", ""[SWITCHOFF] <lightswitch> (302)""]",False
state_change_task,test,test_task78,Turn off all lightswitches,Turn {state} all {object},off,lightswitches,,2,bedroom,"[{""id"": 48, ""states"": [""OFF""]}, {""id"": 97, ""states"": [""OFF""]}, {""id"": 157, ""states"": [""ON""]}, {""id"": 302, ""states"": [""OFF""]}]","[{""id"": 48, ""states"": [""OFF""]}, {""id"": 97, ""states"": [""OFF""]}, {""id"": 157, ""states"": [""OFF""]}, {""id"": 302, ""states"": [""OFF""]}]",4,1,2,"[""[WALK] <lightswitch> (157)"", ""[SWITCHOFF] <lightswitch> (157)""]",False
state_change_task,test,test_task79,Turn off all lightswitches,Turn {state} all {object},off,lightswitches,,2,bathroom,"[{""id"": 48, ""states"": [""OFF""]}, {""id"": 97, ""states"": [""OFF""]}, {""id"": 157, ""states"": [""OFF""]}, {""id"": 302, ""states"": [""ON""]}]","[{""id"": 48, ""states"": [""OFF""]}, {""id"": 97, ""states"": [""OFF""]}, {""id"": 157, ""states"": [""OFF""]}, {""id"": 302, ""states"": [""OFF""]}]",4,1,2,"[""[WALK] <lightswitch> (302)"", ""[SWITCHOFF] <lightswitch> (302)""]",False
state_change_task,test,test_task80,Turn off all lightswitches,Turn {state} all {object},off,lightswitches,,2,bedroom,"[{""id"": 48, ""states"": [""OFF""]}, {""id"": 97, ""states"": [""OFF""]}, {""id"": 157, ""states"": [""OFF""]}, {""id"": 302, ""states"": [""OFF""]}]","[{""id"": 48, ""states"": [""OFF""]}, {""id"": 97, ""states"": [""OFF""]}, {""id"": 157, ""states"": [""OFF""]}, {""id"": 302, ""states"": [""OFF""]}]",4,0,0,[],True
state_change_task,test,test_task81,Turn off all computers,Turn {state} all {object},off,computers,,2,kitchen,"[{""id"": 94, ""states"": [""ON""]}, {""id"": 295, ""states"": [""ON""]}]","[{""id"": 94, ""states"": [""OFF""]}, {""id"": 295, ""states"": [""OFF""]}]",2,2,4,"[""[WALK] <computer> (94)"", ""[SWITCHOFF] <computer> (94)"", ""[WALK] <computer> (295)"", ""[SWITCHOFF] <computer> (295)""]",False
state_change_task,test,test_task82,Turn off all computers,Turn {state} all {object},off,computers,,2,kitchen,"[{""id"": 94, ""states"": [""ON""]}, {""id"": 295, ""states"": [""OFF""]}]","[{""id"": 94, ""states"": [""OFF""]}, {""id"": 295, ""states"": [""OFF""]}]",2,1,2,"[""[WALK] <computer> (94)"", ""[SWITCHOFF] <computer> (94)""]",False
state_change_task,test,test_task83,Turn off all computers,Turn {state} all {object},off,computers,,2,bedroom,"[{""id"": 94, ""states"": [""OFF""]}, {""id"": 295, ""states"": [""ON""]}]","[{""id"": 94, ""states"": [""OFF""]}, {""id"": 295, ""states"": [""OFF""]}]",2,1,2,"[""[WALK] <computer> (295)"", ""[SWITCHOFF] <computer> (295)""]",False
state_change_task,test,test_task84,Turn off all computers,Turn {state} all {object},off,computers,,2,bathroom,"[{""id"": 94, ""states"": [""OFF""]}, {""id"": 295, ""states"": [""OFF""]}]","[{""id"": 94, ""states"": [""OFF""]}, {""id"": 295, ""states"": [""OFF""]}]",2,0,0,[],True
state_change_task,test,test_task85,Turn off all tablelamps,Turn {state} all {object},off,tablelamps,,2,kitchen,"[{""id"": 124, ""states"": [""ON""]}, {""id"": 125, ""states"": [""ON""]}]","[{""id"": 124, ""states"": [""OFF""]}, {""id"": 125, ""states"": [""OFF""]}]",2,2,4,"[""[WALK] <tablelamp> (124)"", ""[SWITCHOFF] <tablelamp> (124)"", ""[WALK] <tablelamp> (125)"", ""[SWITCHOFF] <tablelamp> (125)""]",False
state_change_task,test,test_task86,Turn off all tablelamps,Turn {state} all {object},off,tablelamps,,2,bathroom,"[{""id"": 124, ""states"": [""ON""]}, {""id"": 125, ""states"": [""OFF""]}]","[{""id"": 124, ""states"": [""OFF""]}, {""id"": 125, ""states"": [""OFF""]}]",2,1,2,"[""[WALK] <tablelamp> (124)"", ""[SWITCHOFF] <tablelamp> (124)""]",False
state_change_task,test,test_task87,Turn off all tablelamps,Turn {state} all {object},off,tablelamps,,2,kitchen,"[{""id"": 124, ""states"": [""OFF""]}, {""id"": 125, ""states"": [""ON""]}]","[{""id"": 124, ""states"": [""OFF""]}, {""id"": 125, ""states"": [""OFF""]}]",2,1,2,"[""[WALK] <tablelamp> (125)"", ""[SWITCHOFF] <tablelamp> (125)""]",False
state_change_task,test,test_task88,Turn off all tablelamps,Turn {state} all {object},off,tablelamps,,2,bathroom,"[{""id"": 124, ""states"": [""OFF""]}, {""id"": 125, ""states"": [""OFF""]}]","[{""id"": 124, ""states"": [""OFF""]}, {""id"": 125, ""states"": [""OFF""]}]",2,0,0,[],True
state_change_task,test,test_task89,Turn on all lightswitches,Turn {state} all {object},on,lightswitches,,3,livingroom,"[{""id"": 58, ""states"": [""ON""]}, {""id"": 239, ""states"": [""ON""]}, {""id"": 278, ""states"": [""ON""]}, {""id"": 344, ""states"": [""ON""]}, {""id"": 402, ""states"": [""ON""]}]","[{""id"": 58, ""states"": [""ON""]}, {""id"": 239, ""states"": [""ON""]}, {""id"": 278, ""states"": [""ON""]}, {""id"": 344, ""states"": [""ON""]}, {""id"": 402, ""states"": [""ON""]}]",5,0,0,[],True
state_change_task,test,test_task90,Turn on all lightswitches,Turn {state} all {object},on,lightswitches,,3,bedroom,"[{""id"": 58, ""states"": [""ON""]}, {""id"": 239, ""states"": [""ON""]}, {""id"": 278, ""states"": [""ON""]}, {""id"": 344, ""states"": [""ON""]}, {""id"": 402, ""states"": [""OFF""]}]","[{""id"": 58, ""states"": [""ON""]}, {""id"": 239, ""states"": [""ON""]}, {""id"": 278, ""states"": [""ON""]}, {""id"": 344, ""states"": [""ON""]}, {""id"": 402, ""states"": [""ON""]}]",5,1,2,"[""[WALK] <lightswitch> (402)"", ""[SWITCHON] <lightswitch> (402)""]",False
state_change_task,test,test_task91,Turn on all lightswitches,Turn {state} all {object},on,lightswitches,,3,livingroom,"[{""id"": 58, ""states"": [""ON""]}, {""id"": 239, ""states"": [""ON""]}, {""id"": 278, ""states"": [""ON""]}, {""id"": 344, ""states"": [""OFF""]}, {""id"": 402, ""states"": [""ON""]}]","[{""id"": 58, ""states"": [""ON""]}, {""id"": 239, ""states"": [""ON""]}, {""id"": 278, ""states"": [""ON""]}, {""id"": 344, ""states"": [""ON""]}, {""id"": 402, ""states"": [""ON""]}]",5,1,2,"[""[WALK] <lightswitch> (344)"", ""[SWITCHON] <lightswitch> (344)""]",False
state_change_task,test,test_task92,Turn on all lightswitches,Turn {state} all {object},on,lightswitches,,3,kitchen,"[{""id"": 58, ""states"": [""ON""]}, {""id"": 239, ""states"": [""ON""]}, {""id"": 278, ""states"": [""ON""]}, {""id"": 344, ""states"": [""OFF""]}, {""id"": 402, ""states"": [""OFF""]}]","[{""id"": 58, ""states"": [""ON""]}, {""id"": 239, ""states"": [""ON""]}, {""id"": 278, ""states"": [""ON""]}, {""id"": 344, ""states"": [""ON""]}, {""id"": 402, ""states"": [""ON""]}]",5,2,4,"[""[WALK] <lightswitch> (344)"", ""[SWITCHON] <lightswitch> (344)"", ""[WALK] <lightswitch> (402)"", ""[SWITCHON] <lightswitch> (402)""]",False
state_change_task,test,test_task93,Turn on all lightswitches,Turn {state} all {object},on,lightswitches,,3,kitchen,"[{""id"": 58, ""states"": [""ON""]}, {""id"": 239, ""states"": [""ON""]}, {""id"": 278, ""states"": [""OFF""]}, {""id"": 344, ""states"": [""ON""]}, {""id"": 402, ""states"": [""ON""]}]","[{""id"": 58, ""states"": [""ON""]}, {""id"": 239, ""states"": [""ON""]}, {""id"": 278, ""states"": [""ON""]}, {""id"": 344, ""states"": [""ON""]}, {""id"": 402, ""states"": [""ON""]}]",5,1,2,"[""[WALK] <lightswitch> (278)"", ""[SWITCHON] <lightswitch> (278)""]",False
state_change_task,test,test_task94,Turn on all lightswitches,Turn {state} all {object},on,lightswitches,,3,kitchen,"[{""id"": 58, ""states"": [""ON""]}, {""id"": 239, ""states"": [""ON""]}, {""id"": 278, ""states"": [""OFF""]}, {""id"": 344, ""states"": [""ON""]}, {""id"": 402, ""states"": [""OFF""]}]","[{""id"": 58, ""states"": [""ON""]}, {""id"": 239, ""states"": [""ON""]}, {""id"": 278, ""states"": [""ON""]}, {""id"": 344, ""states"": [""ON""]}, {""id"": 402, ""states"": [""ON""]}]",5,2,4,"[""[WALK] <lightswitch> (278)"", ""[SWITCHON] <lightswitch> (278)"", ""[WALK] <lightswitch> (402)"", ""[SWITCHON] <lightswitch> (402)""]",False
state_change_task,test,test_task95,Turn on all lightswitches,Turn {state} all {object},on,lightswitches,,3,bathroom,"[{""id"": 58, ""states"": [""ON""]}, {""id"": 239, ""states"": [""ON""]}, {""id"": 278, ""states"": [""OFF""]}, {""id"": 344, ""states"": [""OFF""]}, {""id"": 402, ""states"": [""ON""]}]","[{""id"": 58, ""states"": [""ON""]}, {""id"": 239, ""states"": [""ON""]}, {""id"": 278, ""states"": [""ON""]}, {""id"": 344, ""states"": [""ON""]}, {""id"": 402, ""states"": [""ON""]}]",5,2,4,"[""[WALK] <lightswitch> (278)"", ""[SWITCHON] <lightswitch> (278)"", ""[WALK] <lightswitch> (344)"", ""[SWITCHON] <lightswitch> (344)""]",False
state_change_task,test,test_task96,Turn on all lightswitches,Turn {state} all {object},on,lightswitches,,3,livingroom,"[{""id"": 58, ""states"": [""ON""]}, {""id"": 239, ""states"": [""ON""]}, {""id"": 278, ""states"": [""OFF""]}, {""id"": 344, ""states"": [""OFF""]}, {""id"": 402, ""states"": [""OFF""]}]","[{""id"": 58, ""states"": [""ON""]}, {""id"": 239, ""states"": [""ON""]}, {""id"": 278, ""states"": [""ON""]}, {""id"": 344, ""states"": [""ON""]}, {""id"": 402, ""states"": [""ON""]}]",5,3,6,"[""[WALK] <lightswitch> (278)"", ""[SWITCHON] <lightswitch> (278)"", ""[WALK] <lightswitch> (344)"", ""[SWITCHON] <lightswitch> (344)"", ""[WALK] <lightswitch> (402)"", ""[SWITCHON] <lightswitch> (402)""]",False
state_change_task,test,test_task97,Turn on all lightswitches,Turn {state} all {object},on,lightswitches,,3,kitchen,"[{""id"": 58, ""states"": [""ON""]}, {""id"": 239, ""states"": [""OFF""]}, {""id"": 278, ""states"": [""ON""]}, {""id"": 344, ""states"": [""ON""]}, {""id"": 402, ""states"": [""ON""]}]","[{""id"": 58, ""states"": [""ON""]}, {""id"": 239, ""states"": [""ON""]}, {""id"": 278, ""states"": [""ON""]}, {""id"": 344, ""states"": [""ON""]}, {""id"": 402, ""states"": [""ON""]}]",5,1,2,"[""[WALK] <lightswitch> (239)"", ""[SWITCHON] <lightswitch> (239)""]",False
state_change_task,test,test_task98,Turn on all lightswitches,Turn {state} all {object},on,lightswitches,,3,livingroom,"[{""id"": 58, ""states"": [""ON""]}, {""id"": 239, ""states"": [""OFF""]}, {""id"": 278, ""states"": [""ON""]}, {""id"": 344, ""states"": [""ON""]}, {""id"": 402, ""states"": [""OFF""]}]","[{""id"": 58, ""states"": [""ON""]}, {""id"": 239, ""states"": [""ON""]}, {""id"": 278, ""states"": [""ON""]}, {""id"": 344, ""states"": [""ON""]}, {""id"": 402, ""states"": [""ON""]}]",5,2,4,"[""[WALK] <lightswitch> (239)"", ""[SWITCHON] <lightswitch> (239)"", ""[WALK] <lightswitch> (402)"", ""[SWITCHON] <lightswitch> (402)""]",False
state_change_task,test,test_task99,Turn on all lightswitches,Turn {state} all {object},on,lightswitches,,3,livingroom,"[{""id"": 58, ""states"": [""ON""]}, {""id"": 239, ""states"": [""OFF""]}, {""id"": 278, ""states"": [""ON""]}, {""id"": 344, ""states"": [""OFF""]}, {""id"": 402, ""states"": [""ON""]}]","[{""id"": 58, ""states"": [""ON""]}, {""id"": 239, ""states"": [""ON""]}, {""id"": 278, ""states"": [""ON""]}, {""id"": 344, ""states"": [""ON""]}, {""id"": 402, ""states"": [""ON""]}]",5,2,4,"[""[WALK] <lightswitch> (239)"", ""[SWITCHON] <lightswitch> (239)"", ""[WALK] <lightswitch> (344)"", ""[SWITCHON] <lightswitch> (344)""]",False
state_change_task,test,test_task100,Turn on all lightswitches,Turn {state} all {object},on,lightswitches,,3,kitchen,"[{""id"": 58, ""states"": [""ON""]}, {""id"": 239, ""states"": [""OFF""]}, {""id"": 278, ""states"": [""ON""]}, {""id"": 344, ""states"": [""OFF""]}, {""id"": 402, ""states"": [""OFF""]}]","[{""id"": 58, ""states"": [""ON""]}, {""id"": 239, ""states"": [""ON""]}, {""id"": 278, ""states"": [""ON""]}, {""id"": 344, ""states"": [""ON""]}, {""id"": 402, ""states"": [""ON""]}]",5,3,6,"[""[WALK] <lightswitch> (239)"", ""[SWITCHON] <lightswitch> (239)"", ""[WALK] <lightswitch> (344)"", ""[SWITCHON] <lightswitch> (344)"", ""[WALK] <lightswitch> (402)"", ""[SWITCHON] <lightswitch> (402)""]",False
state_change_task,test,test_task101,Turn on all lightswitches,Turn {state} all {object},on,lightswitches,,3,kitchen,"[{""id"": 58, ""states"": [""ON""]}, {""id"": 239, ""states"": [""OFF""]}, {""id"": 278, ""states"": [""OFF""]}, {""id"": 344, ""states"": [""ON""]}, {""id"": 402, ""states"": [""ON""]}]","[{""id"": 58, ""states"": [""ON""]}, {""id"": 239, ""states"": [""ON""]}, {""id"": 278, ""states"": [""ON""]}, {""id"": 344, ""states"": [""ON""]}, {""id"": 402, ""states"": [""ON""]}]",5,2,4,"[""[WALK] <lightswitch> (239)"", ""[SWITCHON] <lightswitch> (239)"", ""[WALK] <lightswitch> (278)"", ""[SWITCHON] <lightswitch> (278)""]",False
state_change_task,test,test_task102,Turn on all lightswitches,Turn {state} all {object},on,lightswitches,,3,bathroom,"[{""id"": 58, ""states"": [""ON""]}, {""id"": 239, ""states"": [""OFF""]}, {""id"": 278, ""states"": [""OFF""]}, {""id"": 344, ""states"": [""ON""]}, {""id"": 402, ""states"": [""OFF""]}]","[{""id"": 58, ""states"": [""ON""]}, {""id"": 239, ""states"": [""ON""]}, {""id"": 278, ""states"": [""ON""]}, {""id"": 344, ""states"": [""ON""]}, {""id"": 402, ""states"": [""ON""]}]",5,3,6,"[""[WALK] <lightswitch> (239)"", ""[SWITCHON] <lightswitch> (239)"", ""[WALK] <lightswitch> (278)"", ""[SWITCHON] <lightswitch> (278)"", ""[WALK] <lightswitch> (402)"", ""[SWITCHON] <lightswitch> (402)""]",False
state_change_task,test,test_task103,Turn on all lightswitches,Turn {state} all {object},on,lightswitches,,3,kitchen,"[{""id"": 58, ""states"": [""ON""]}, {""id"": 239, ""states"": [""OFF""]}, {""id"": 278, ""states"": [""OFF""]}, {""id"": 344, ""states"": [""OFF""]}, {""id"": 402, ""states"": [""ON""]}]","[{""id"": 58, ""states"": [""ON""]}, {""id"": 239, ""states"": [""ON""]}, {""id"": 278, ""states"": [""ON""]}, {""id"": 344, ""states"": [""ON""]}, {""id"": 402, ""states"": [""ON""]}]",5,3,6,"[""[WALK] <lightswitch> (239)"", ""[SWITCHON] <lightswitch> (239)"", ""[WALK] <lightswitch> (278)"", ""[SWITCHON] <lightswitch> (278)"", ""[WALK] <lightswitch> (344)"", ""[SWITCHON] <lightswitch> (344)""]",False
state_change_task,test,test_task104,Turn on all lightswitches,Turn {state} all {object},on,lightswitches,,3,bathroom,"[{""id"": 58, ""states"": [""ON""]}, {""id"": 239, ""states"": [""OFF""]}, {""id"": 278, ""states"": [""OFF""]}, {""id"": 344, ""states"": [""OFF""]}, {""id"": 402, ""states"": [""OFF""]}]","[{""id"": 58, ""states"": [""ON""]}, {""id"": 239, ""states"": [""ON""]}, {""id"": 278, ""states"": [""ON""]}, {""id"": 344, ""states"": [""ON""]}, {""id"": 402, ""states"": [""ON""]}]",5,4,8,"[""[WALK] <lightswitch> (239)"", ""[SWITCHON] <lightswitch> (239)"", ""[WALK] <lightswitch> (278)"", ""[SWITCHON] <lightswitch> (278)"", ""[WALK] <lightswitch> (344)"", ""[SWITCHON] <lightswitch> (344)"", ""[WALK] <lightswitch> (402)"", ""[SWITCHON] <lightswitch> (402)""]",False
state_change_task,test,test_task105,Turn on all lightswitches,Turn {state} all {object},on,lightswitches,,3,bedroom,"[{""id"": 58, ""states"": [""OFF""]}, {""id"": 239, ""states"": [""ON""]}, {""id"": 278, ""states"": [""ON""]}, {""id"": 344, ""states"": [""ON""]}, {""id"": 402, ""states"": [""ON""]}]","[{""id"": 58, ""states"": [""ON""]}, {""id"": 239, ""states"": [""ON""]}, {""id"": 278, ""states"": [""ON""]}, {""id"": 344, ""states"": [""ON""]}, {""id"": 402, ""states"": [""ON""]}]",5,1,2,"[""[WALK] <lightswitch> (58)"", ""[SWITCHON] <lightswitch> (58)""]",False
state_change_task,test,test_task106,Turn on all lightswitches,Turn {state} all {object},on,lightswitches,,3,kitchen,"[{""id"": 58, ""states"": [""OFF""]}, {""id"": 239, ""states"": [""ON""]}, {""id"": 278, ""states"": [""ON""]}, {""id"": 344, ""states"": [""ON""]}, {""id"": 402, ""states"": [""OFF""]}]","[{""id"": 58, ""states"": [""ON""]}, {""id"": 239, ""states"": [""ON""]}, {""id"": 278, ""states"": [""ON""]}, {""id"": 344, ""states"": [""ON""]}, {""id"": 402, ""states"": [""ON""]}]",5,2,4,"[""[WALK] <lightswitch> (58)"", ""[SWITCHON] <lightswitch> (58)"", ""[WALK] <lightswitch> (402)"", ""[SWITCHON] <lightswitch> (402)""]",False
state_change_task,test,test_task107,Turn on all lightswitches,Turn {state} all {object},on,lightswitches,,3,bedroom,"[{""id"": 58, ""states"": [""OFF""]}, {""id"": 239, ""states"": [""ON""]}, {""id"": 278, ""states"": [""ON""]}, {""id"": 344, ""states"": [""OFF""]}, {""id"": 402, ""states"": [""ON""]}]","[{""id"": 58, ""states"": [""ON""]}, {""id"": 239, ""states"": [""ON""]}, {""id"": 278, ""states"": [""ON""]}, {""id"": 344, ""states"": [""ON""]}, {""id"": 402, ""states"": [""ON""]}]",5,2,4,"[""[WALK] <lightswitch> (58)"", ""[SWITCHON] <lightswitch> (58)"", ""[WALK] <lightswitch> (344)"", ""[SWITCHON] <lightswitch> (344)""]",False
state_change_task,test,test_task108,Turn on all lightswitches,Turn {state} all {object},on,lightswitches,,3,bedroom,"[{""id"": 58, ""states"": [""OFF""]}, {""id"": 239, ""states"": [""ON""]}, {""id"": 278, ""states"": [""ON""]}, {""id"": 344, ""states"": [""OFF""]}, {""id"": 402, ""states"": [""OFF""]}]","[{""id"": 58, ""states"": [""ON""]}, {""id"": 239, ""states"": [""ON""]}, {""id"": 278, ""states"": [""ON""]}, {""id"": 344, ""states"": [""ON""]}, {""id"": 402, ""states"": [""ON""]}]",5,3,6,"[""[WALK] <lightswitch> (58)"", ""[SWITCHON] <lightswitch> (58)"", ""[WALK] <lightswitch> (344)"", ""[SWITCHON] <lightswitch> (344)"", ""[WALK] <lightswitch> (402)"", ""[SWITCHON] <lightswitch> (402)""]",False
state_change_task,test,test_task109,Turn on all lightswitches,Turn {state} all {object},on,lightswitches,,3,kitchen,"[{""id"": 58, ""states"": [""OFF""]}, {""id"": 239, ""states"": [""ON""]}, {""id"": 278, ""states"": [""OFF""]}, {""id"": 344, ""states"": [""ON""]}, {""id"": 402, ""states"": [""ON""]}]","[{""id"": 58, ""states"": [""ON""]}, {""id"": 239, ""states"": [""ON""]}, {""id"": 278, ""states"": [""ON""]}, {""id"": 344, ""states"": [""ON""]}, {""id"": 402, ""states"": [""ON""]}]",5,2,4,"[""[WALK] <lightswitch> (58)"", ""[SWITCHON] <lightswitch> (58)"", ""[WALK] <lightswitch> (278)"", ""[SWITCHON] <lightswitch> (278)""]",False
state_change_task,test,test_task110,Turn on all lightswitches,Turn {state} all {object},on,lightswitches,,3,bedroom,"[{""id"": 58, ""states"": [""OFF""]}, {""id"": 239, ""states"": [""ON""]}, {""id"": 278, ""states"": [""OFF""]}, {""id"": 344, ""states"": [""ON""]}, {""id"": 402, ""states"": [""OFF""]}]","[{""id"": 58, ""states"": [""ON""]}, {""id"": 239, ""states"": [""ON""]}, {""id"": 278, ""states"": [""ON""]}, {""id"": 344, ""states"": [""ON""]}, {""id"": 402, ""states"": [""ON""]}]",5,3,6,"[""[WALK] <lightswitch> (58)"", ""[SWITCHON] <lightswitch> (58)"", ""[WALK] <lightswitch> (278)"", ""[SWITCHON] <lightswitch> (278)"", ""[WALK] <lightswitch> (402)"", ""[SWITCHON] <lightswitch> (402)""]",False
state_change_task,test,test_task111,Turn on all lightswitches,Turn {state} all {object},on,lightswitches,,3,bedroom,"[{""id"": 58, ""states"": [""OFF""]}, {""id"": 239, ""states"": [""ON""]}, {""id"": 278, ""states"": [""OFF""]}, {""id"": 344, ""states"": [""OFF""]}, {""id"": 402, ""states"": [""ON""]}]","[{""id"": 58, ""states"": [""ON""]}, {""id"": 239, ""states"": [""ON""]}, {""id"": 278, ""states"": [""ON""]}, {""id"": 344, ""states"": [""ON""]}, {""id"": 402, ""states"": [""ON""]}]",5,3,6,"[""[WALK] <lightswitch> (58)"", ""[SWITCHON] <lightswitch> (58)"", ""[WALK] <lightswitch> (278)"", ""[SWITCHON] <lightswitch> (278)"", ""[WALK] <lightswitch> (344)"", ""[SWITCHON] <lightswitch> (344)""]",False
state_change_task,test,test_task112,Turn on all lightswitches,Turn {state} all {object},on,lightswitches,,3,bedroom,"[{""id"": 58, ""states"": [""OFF""]}, {""id"": 239, ""states"": [""ON""]}, {""id"": 278, ""states"": [""OFF""]}, {""id"": 344, ""states"": [""OFF""]}, {""id"": 402, ""states"": [""OFF""]}]","[{""id"": 58, ""states"": [""ON""]}, {""id"": 239, ""states"": [""ON""]}, {""id"": 278, ""states"": [""ON""]}, {""id"": 344, ""states"": [""ON""]}, {""id"": 402, ""states"": [""ON""]}]",5,4,8,"[""[WALK] <lightswitch> (58)"", ""[SWITCHON] <lightswitch> (58)"", ""[WALK] <lightswitch> (278)"", ""[SWITCHON] <lightswitch> (278)"", ""[WALK] <lightswitch> (344)"", ""[SWITCHON] <lightswitch> (344)"", ""[WALK] <lightswitch> (402)"", ""[SWITCHON] <lightswitch> (402)""]",False
state_change_task,test,test_task113,Turn on all lightswitches,Turn {state} all {object},on,lightswitches,,3,livingroom,"[{""id"": 58, ""states"": [""OFF""]}, {""id"": 239, ""states"": [""OFF""]}, {""id"": 278, ""states"": [""ON""]}, {""id"": 344, ""states"": [""ON""]}, {""id"": 402, ""states"": [""ON""]}]","[{""id"": 58, ""states"": [""ON""]}, {""id"": 239, ""states"": [""ON""]}, {""id"": 278, ""states"": [""ON""]}, {""id"": 344, ""states"": [""ON""]}, {""id"": 402, ""states"": [""ON""]}]",5,2,4,"[""[WALK] <lightswitch> (58)"", ""[SWITCHON] <lightswitch> (58)"", ""[WALK] <lightswitch> (239)"", ""[SWITCHON] <lightswitch> (239)""]",False
state_change_task,test,test_task114,Turn on all lightswitches,Turn {state} all {object},on,lightswitches,,3,kitchen,"[{""id"": 58, ""states"": [""OFF""]}, {""id"": 239, ""states"": [""OFF""]}, {""id"": 278, ""states"": [""ON""]}, {""id"": 344, ""states"": [""ON""]}, {""id"": 402, ""states"": [""OFF""]}]","[{""id"": 58, ""states"": [""ON""]}, {""id"": 239, ""states"": [""ON""]}, {""id"": 278, ""states"": [""ON""]}, {""id"": 344, ""states"": [""ON""]}, {""id"": 402, ""states"": [""ON""]}]",5,3,6,"[""[WALK] <lightswitch> (58)"", ""[SWITCHON] <lightswitch> (58)"", ""[WALK] <lightswitch> (239)"", ""[SWITCHON] <lightswitch> (239)"", ""[WALK] <lightswitch> (402)"", ""[SWITCHON] <lightswitch> (402)""]",False
state_change_task,test,test_task115,Turn on all lightswitches,Turn {state} all {object},on,lightswitches,,3,livingroom,"[{""id"": 58, ""states"": [""OFF""]}, {""id"": 239, ""states"": [""OFF""]}, {""id"": 278, ""states"": [""ON""]}, {""id"": 344, ""states"": [""OFF""]}, {""id"": 402, ""states"": [""ON""]}]","[{""id"": 58, ""states"": [""ON""]}, {""id"": 239, ""states"": [""ON""]}, {""id"": 278, ""states"": [""ON""]}, {""id"": 344, ""states"": [""ON""]}, {""id"": 402, ""states"": [""ON""]}]",5,3,6,"[""[WALK] <lightswitch> (58)"", ""[SWITCHON] <lightswitch> (58)"", ""[WALK] <lightswitch> (239)"", ""[SWITCHON] <lightswitch> (239)"", ""[WALK] <lightswitch> (344)"", ""[SWITCHON] <lightswitch> (344)""]",False
state_change_task,test,test_task116,Turn on all lightswitches,Turn {state} all {object},on,lightswitches,,3,bedroom,"[{""id"": 58, ""states"": [""OFF""]}, {""id"": 239, ""states"": [""OFF""]}, {""id"": 278, ""states"": [""ON""]}, {""id"": 344, ""states"": [""OFF""]}, {""id"": 402, ""states"": [""OFF""]}]","[{""id"": 58, ""states"": [""ON""]}, {""id"": 239, ""states"": [""ON""]}, {""id"": 278, ""states"": [""ON""]}, {""id"": 344, ""states"": [""ON""]}, {""id"": 402, ""states"": [""ON""]}]",5,4,8,"[""[WALK] <lightswitch> (58)"", ""[SWITCHON] <lightswitch> (58)"", ""[WALK] <lightswitch> (239)"", ""[SWITCHON] <lightswitch> (239)"", ""[WALK] <lightswitch> (344)"", ""[SWITCHON] <lightswitch> (344)"", ""[WALK] <lightswitch> (402)"", ""[SWITCHON] <lightswitch> (402)""]",False
state_change_task,test,test_task117,Turn on all lightswitches,Turn {state} all {object},on,lightswitches,,3,livingroom,"[{""id"": 58, ""states"": [""OFF""]}, {""id"": 239, ""states"": [""OFF""]}, {""id"": 278, ""states"": [""OFF""]}, {""id"": 344, ""states"": [""ON""]}, {""id"": 402, ""states"": [""ON""]}]","[{""id"": 58, ""states"": [""ON""]}, {""id"": 239, ""states"": [""ON""]}, {""id"": 278, ""states"": [""ON""]}, {""id"": 344, ""states"": [""ON""]}, {""id"": 402, ""states"": [""ON""]}]",5,3,6,"[""[WALK] <lightswitch> (58)"", ""[SWITCHON] <lightswitch> (58)"", ""[WALK] <lightswitch> (239)"", ""[SWITCHON] <lightswitch> (239)"", ""[WALK] <lightswitch> (278)"", ""[SWITCHON] <lightswitch> (278)""]",False
state_change_task,test,test_task118,Turn on all lightswitches,Turn {state} all {object},on,lightswitches,,3,bedroom,"[{""id"": 58, ""states"": [""OFF""]}, {""id"": 239, ""states"": [""OFF""]}, {""id"": 278, ""states"": [""OFF""]}, {""id"": 344, ""states"": [""ON""]}, {""id"": 402, ""states"": [""OFF""]}]","[{""id"": 58, ""states"": [""ON""]}, {""id"": 239, ""states"": [""ON""]}, {""id"": 278, ""states"": [""ON""]}, {""id"": 344, ""states"": [""ON""]}, {""id"": 402, ""states"": [""ON""]}]",5,4,8,"[""[WALK] <lightswitch> (58)"", ""[SWITCHON] <lightswitch> (58)"", ""[WALK] <lightswitch> (239)"", ""[SWITCHON] <lightswitch> (239)"", ""[WALK] <lightswitch> (278)"", ""[SWITCHON] <lightswitch> (278)"", ""[WALK] <lightswitch> (402)"", ""[SWITCHON] <lightswitch> (402)""]",False
state_change_task,test,test_task119,Turn on all lightswitches,Turn {state} all {object},on,lightswitches,,3,bathroom,"[{""id"": 58, ""states"": [""OFF""]}, {""id"": 239, ""states"": [""OFF""]}, {""id"": 278, ""states"": [""OFF""]}, {""id"": 344, ""states"": [""OFF""]}, {""id"": 402, ""states"": [""ON""]}]","[{""id"": 58, ""states"": [""ON""]}, {""id"": 239, ""states"": [""ON""]}, {""id"": 278, ""states"": [""ON""]}, {""id"": 344, ""states"": [""ON""]}, {""id"": 402, ""states"": [""ON""]}]",5,4,8,"[""[WALK] <lightswitch> (58)"", ""[SWITCHON] <lightswitch> (58)"", ""[WALK] <lightswitch> (239)"", ""[SWITCHON] <lightswitch> (239)"", ""[WALK] <lightswitch> (278)"", ""[SWITCHON] <lightswitch> (278)"", ""[WALK] <lightswitch> (344)"", ""[SWITCHON] <lightswitch> (344)""]",False
state_change_task,test,test_task120,Turn on all lightswitches,Turn {state} all {object},on,lightswitches,,3,bedroom,"[{""id"": 58, ""states"": [""OFF""]}, {""id"": 239, ""states"": [""OFF""]}, {""id"": 278, ""states"": [""OFF""]}, {""id"": 344, ""states"": [""OFF""]}, {""id"": 402, ""states"": [""OFF""]}]","[{""id"": 58, ""states"": [""ON""]}, {""id"": 239, ""states"": [""ON""]}, {""id"": 278, ""states"": [""ON""]}, {""id"": 344, ""states"": [""ON""]}, {""id"": 402, ""states"": [""ON""]}]",5,5,10,"[""[WALK] <lightswitch> (58)"", ""[SWITCHON] <lightswitch> (58)"", ""[WALK] <lightswitch> (239)"", ""[SWITCHON] <lightswitch> (239)"", ""[WALK] <lightswitch> (278)"", ""[SWITCHON] <lightswitch> (278)"", ""[WALK] <lightswitch> (344)"", ""[SWITCHON] <lightswitch> (344)"", ""[WALK] <lightswitch> (402)"", ""[SWITCHON] <lightswitch> (402)""]",False
state_change_task,test,test_task121,Turn off all lightswitches,Turn {state} all {object},off,lightswitches,,3,kitchen,"[{""id"": 58, ""states"": [""ON""]}, {""id"": 239, ""states"": [""ON""]}, {""id"": 278, ""states"": [""ON""]}, {""id"": 344, ""states"": [""ON""]}, {""id"": 402, ""states"": [""ON""]}]","[{""id"": 58, ""states"": [""OFF""]}, {""id"": 239, ""states"": [""OFF""]}, {""id"": 278, ""states"": [""OFF""]}, {""id"": 344, ""states"": [""OFF""]}, {""id"": 402, ""states"": [""OFF""]}]",5,5,10,"[""[WALK] <lightswitch> (58)"", ""[SWITCHOFF] <lightswitch> (58)"", ""[WALK] <lightswitch> (239)"", ""[SWITCHOFF] <lightswitch> (239)"", ""[WALK] <lightswitch> (278)"", ""[SWITCHOFF] <lightswitch> (278)"", ""[WALK] <lightswitch> (344)"", ""[SWITCHOFF] <lightswitch> (344)"", ""[WALK] <lightswitch> (402)"", ""[SWITCHOFF] <lightswitch> (402)""]",False
state_change_task,test,test_task122,Turn off all lightswitches,Turn {state} all {object},off,lightswitches,,3,bathroom,"[{""id"": 58, ""states"": [""ON""]}, {""id"": 239, ""states"": [""ON""]}, {""id"": 278, ""states"": [""ON""]}, {""id"": 344, ""states"": [""ON""]}, {""id"": 402, ""states"": [""OFF""]}]","[{""id"": 58, ""states"": [""OFF""]}, {""id"": 239, ""states"": [""OFF""]}, {""id"": 278, ""states"": [""OFF""]}, {""id"": 344, ""states"": [""OFF""]}, {""id"": 402, ""states"": [""OFF""]}]",5,4,8,"[""[WALK] <lightswitch> (58)"", ""[SWITCHOFF] <lightswitch> (58)"", ""[WALK] <lightswitch> (239)"", ""[SWITCHOFF] <lightswitch> (239)"", ""[WALK] <lightswitch> (278)"", ""[SWITCHOFF] <lightswitch> (278)"", ""[WALK] <lightswitch> (344)"", ""[SWITCHOFF] <lightswitch> (344)""]",False
state_change_task,test,test_task123,Turn off all lightswitches,Turn {state} all {object},off,lightswitches,,3,kitchen,"[{""id"": 58, ""states"": [""ON""]}, {""id"": 239, ""states"": [""ON""]}, {""id"": 278, ""states"": [""ON""]}, {""id"": 344, ""states"": [""OFF""]}, {""id"": 402, ""states"": [""ON""]}]","[{""id"": 58, ""states"": [""OFF""]}, {""id"": 239, ""states"": [""OFF""]}, {""id"": 278, ""states"": [""OFF""]}, {""id"": 344, ""states"": [""OFF""]}, {""id"": 402, ""states"": [""OFF""]}]",5,4,8,"[""[WALK] <lightswitch> (58)"", ""[SWITCHOFF] <lightswitch> (58)"", ""[WALK] <lightswitch> (239)"", ""[SWITCHOFF] <lightswitch> (239)"", ""[WALK] <lightswitch> (278)"", ""[SWITCHOFF] <lightswitch> (278)"", ""[WALK] <lightswitch> (402)"", ""[SWITCHOFF] <lightswitch> (402)""]",False
state_change_task,test,test_task124,Turn off all lightswitches,Turn {state} all {object},off,lightswitches,,3,bathroom,"[{""id"": 58, ""states"": [""ON""]}, {""id"": 239, ""states"": [""ON""]}, {""id"": 278, ""states"": [""ON""]}, {""id"": 344, ""states"": [""OFF""]}, {""id"": 402, ""states"": [""OFF""]}]","[{""id"": 58, ""states"": [""OFF""]}, {""id"": 239, ""states"": [""OFF""]}, {""id"": 278, ""states"": [""OFF""]}, {""id"": 344, ""states"": [""OFF""]}, {""id"": 402, ""states"": [""OFF""]}]",5,3,6,"[""[WALK] <lightswitch> (58)"", ""[SWITCHOFF] <lightswitch> (58)"", ""[WALK] <lightswitch> (239)"", ""[SWITCHOFF] <lightswitch> (239)"", ""[WALK] <lightswitch> (278)"", ""[SWITCHOFF] <lightswitch> (278)""]",False
state_change_task,test,test_task125,Turn off all lightswitches,Turn {state} all {object},off,lightswitches,,3,bathroom,"[{""id"": 58, ""states"": [""ON""]}, {""id"": 239, ""states"": [""ON""]}, {""id"": 278, ""states"": [""OFF""]}, {""id"": 344, ""states"": [""ON""]}, {""id"": 402, ""states"": [""ON""]}]","[{""id"": 58, ""states"": [""OFF""]}, {""id"": 239, ""states"": [""OFF""]}, {""id"": 278, ""states"": [""OFF""]}, {""id"": 344, ""states"": [""OFF""]}, {""id"": 402, ""states"": [""OFF""]}]",5,4,8,"[""[WALK] <lightswitch> (58)"", ""[SWITCHOFF] <lightswitch> (58)"", ""[WALK] <lightswitch> (239)"", ""[SWITCHOFF] <lightswitch> (239)"", ""[WALK] <lightswitch> (344)"", ""[SWITCHOFF] <lightswitch> (344)"", ""[WALK] <lightswitch> (402)"", ""[SWITCHOFF] <lightswitch> (402)""]",False
state_change_task,test,test_task126,Turn off all lightswitches,Turn {state} all {object},off,lightswitches,,3,livingroom,"[{""id"": 58, ""states"": [""ON""]}, {""id"": 239, ""states"": [""ON""]}, {""id"": 278, ""states"": [""OFF""]}, {""id"": 344, ""states"": [""ON""]}, {""id"": 402, ""states"": [""OFF""]}]","[{""id"": 58, ""states"": [""OFF""]}, {""id"": 239, ""states"": [""OFF""]}, {""id"": 278, ""states"": [""OFF""]}, {""id"": 344, ""states"": [""OFF""]}, {""id"": 402, ""states"": [""OFF""]}]",5,3,6,"[""[WALK] <lightswitch> (58)"", ""[SWITCHOFF] <lightswitch> (58)"", ""[WALK] <lightswitch> (239)"", ""[SWITCHOFF] <lightswitch> (239)"", ""[WALK] <lightswitch> (344)"", ""[SWITCHOFF] <lightswitch> (344)""]",False
state_change_task,test,test_task127,Turn off all lightswitches,Turn {state} all {object},off,lightswitches,,3,bathroom,"[{""id"": 58, ""states"": [""ON""]}, {""id"": 239, ""states"": [""ON""]}, {""id"": 278, ""states"": [""OFF""]}, {""id"": 344, ""states"": [""OFF""]}, {""id"": 402, ""states"": [""ON""]}]","[{""id"": 58, ""states"": [""OFF""]}, {""id"": 239, ""states"": [""OFF""]}, {""id"": 278, ""states"": [""OFF""]}, {""id"": 344, ""states"": [""OFF""]}, {""id"": 402, ""states"": [""OFF""]}]",5,3,6,"[""[WALK] <lightswitch> (58)"", ""[SWITCHOFF] <lightswitch> (58)"", ""[WALK] <lightswitch> (239)"", ""[SWITCHOFF] <lightswitch> (239)"", ""[WALK] <lightswitch> (402)"", ""[SWITCHOFF] <lightswitch> (402)""]",False
state_change_task,test,test_task128,Turn off all lightswitches,Turn {state} all {object},off,lightswitches,,3,bathroom,"[{""id"": 58, ""states"": [""ON""]}, {""id"": 239, ""states"": [""ON""]}, {""id"": 278, ""states"": [""OFF""]}, {""id"": 344, ""states"": [""OFF""]}, {""id"": 402, ""states"": [""OFF""]}]","[{""id"": 58, ""states"": [""OFF""]}, {""id"": 239, ""states"": [""OFF""]}, {""id"": 278, ""states"": [""OFF""]}, {""id"": 344, ""states"": [""OFF""]}, {""id"": 402, ""states"": [""OFF""]}]",5,2,4,"[""[WALK] <lightswitch> (58)"", ""[SWITCHOFF] <lightswitch> (58)"", ""[WALK] <lightswitch> (239)"", ""[SWITCHOFF] <lightswitch> (239)""]",False
state_change_task,test,test_task129,Turn off all lightswitches,Turn {state} all {object},off,lightswitches,,3,livingroom,"[{""id"": 58, ""states"": [""ON""]}, {""id"": 239, ""states"": [""OFF""]}, {""id"": 278, ""states"": [""ON""]}, {""id"": 344, ""states"": [""ON""]}, {""id"": 402, ""states"": [""ON""]}]","[{""id"": 58, ""states"": [""OFF""]}, {""id"": 239, ""states"": [""OFF""]}, {""id"": 278, ""states"": [""OFF""]}, {""id"": 344, ""states"": [""OFF""]}, {""id"": 402, ""states"": [""OFF""]}]",5,4,8,"[""[WALK] <lightswitch> (58)"", ""[SWITCHOFF] <lightswitch> (58)"", ""[WALK] <lightswitch> (278)"", ""[SWITCHOFF] <lightswitch> (278)"", ""[WALK] <lightswitch> (344)"", ""[SWITCHOFF] <lightswitch> (344)"", ""[WALK] <lightswitch> (402)"", ""[SWITCHOFF] <lightswitch> (402)""]",False
state_change_task,test,test_task130,Turn off all lightswitches,Turn {state} all {object},off,lightswitches,,3,bathroom,"[{""id"": 58, ""states"": [""ON""]}, {""id"": 239, ""states"": [""OFF""]}, {""id"": 278, ""states"": [""ON""]}, {""id"": 344, ""states"": [""ON""]}, {""id"": 402, ""states"": [""OFF""]}]","[{""id"": 58, ""states"": [""OFF""]}, {""id"": 239, ""states"": [""OFF""]}, {""id"": 278, ""states"": [""OFF""]}, {""id"": 344, ""states"": [""OFF""]}, {""id"": 402, ""states"": [""OFF""]}]",5,3,6,"[""[WALK] <lightswitch> (58)"", ""[SWITCHOFF] <lightswitch> (58)"", ""[WALK] <lightswitch> (278)"", ""[SWITCHOFF] <lightswitch> (278)"", ""[WALK] <lightswitch> (344)"", ""[SWITCHOFF] <lightswitch> (344)""]",False
state_change_task,test,test_task131,Turn off all lightswitches,Turn {state} all {object},off,lightswitches,,3,bathroom,"[{""id"": 58, ""states"": [""ON""]}, {""id"": 239, ""states"": [""OFF""]}, {""id"": 278, ""states"": [""ON""]}, {""id"": 344, ""states"": [""OFF""]}, {""id"": 402, ""states"": [""ON""]}]","[{""id"": 58, ""states"": [""OFF""]}, {""id"": 239, ""states"": [""OFF""]}, {""id"": 278, ""states"": [""OFF""]}, {""id"": 344, ""states"": [""OFF""]}, {""id"": 402, ""states"": [""OFF""]}]",5,3,6,"[""[WALK] <lightswitch> (58)"", ""[SWITCHOFF] <lightswitch> (58)"", ""[WALK] <lightswitch> (278)"", ""[SWITCHOFF] <lightswitch> (278)"", ""[WALK] <lightswitch> (402)"", ""[SWITCHOFF] <lightswitch> (402)""]",False
state_change_task,test,test_task132,Turn off all lightswitches,Turn {state} all {object},off,lightswitches,,3,bathroom,"[{""id"": 58, ""states"": [""ON""]}, {""id"": 239, ""states"": [""OFF""]}, {""id"": 278, ""states"": [""ON""]}, {""id"": 344, ""states"": [""OFF""]}, {""id"": 402, ""states"": [""OFF""]}]","[{""id"": 58, ""states"": [""OFF""]}, {""id"": 239, ""states"": [""OFF""]}, {""id"": 278, ""states"": [""OFF""]}, {""id"": 344, ""states"": [""OFF""]}, {""id"": 402, ""states"": [""OFF""]}]",5,2,4,"[""[WALK] <lightswitch> (58)"", ""[SWITCHOFF] <lightswitch> (58)"", ""[WALK] <lightswitch> (278)"", ""[SWITCHOFF] <lightswitch> (278)""]",False
state_change_task,test,test_task133,Turn off all lightswitches,Turn {state} all {object},off,lightswitches,,3,bathroom,"[{""id"": 58, ""states"": [""ON""]}, {""id"": 239, ""states"": [""OFF""]}, {""id"": 278, ""states"": [""OFF""]}, {""id"": 344, ""states"": [""ON""]}, {""id"": 402, ""states"": [""ON""]}]","[{""id"": 58, ""states"": [""OFF""]}, {""id"": 239, ""states"": [""OFF""]}, {""id"": 278, ""states"": [""OFF""]}, {""id"": 344, ""states"": [""OFF""]}, {""id"": 402, ""states"": [""OFF""]}]",5,3,6,"[""[WALK] <lightswitch> (58)"", ""[SWITCHOFF] <lightswitch> (58)"", ""[WALK] <lightswitch> (344)"", ""[SWITCHOFF] <lightswitch> (344)"", ""[WALK] <lightswitch> (402)"", ""[SWITCHOFF] <lightswitch> (402)""]",False
state_change_task,test,test_task134,Turn off all lightswitches,Turn {state} all {object},off,lightswitches,,3,bedroom,"[{""id"": 58, ""states"": [""ON""]}, {""id"": 239, ""states"": [""OFF""]}, {""id"": 278, ""states"": [""OFF""]}, {""id"": 344, ""states"": [""ON""]}, {""id"": 402, ""states"": [""OFF""]}]","[{""id"": 58, ""states"": [""OFF""]}, {""id"": 239, ""states"": [""OFF""]}, {""id"": 278, ""states"": [""OFF""]}, {""id"": 344, ""states"": [""OFF""]}, {""id"": 402, ""states"": [""OFF""]}]",5,2,4,"[""[WALK] <lightswitch> (58)"", ""[SWITCHOFF] <lightswitch> (58)"", ""[WALK] <lightswitch> (344)"", ""[SWITCHOFF] <lightswitch> (344)""]",False
state_change_task,test,test_task135,Turn off all lightswitches,Turn {state} all {object},off,lightswitches,,3,bedroom,"[{""id"": 58, ""states"": [""ON""]}, {""id"": 239, ""states"": [""OFF""]}, {""id"": 278, ""states"": [""OFF""]}, {""id"": 344, ""states"": [""OFF""]}, {""id"": 402, ""states"": [""ON""]}]","[{""id"": 58, ""states"": [""OFF""]}, {""id"": 239, ""states"": [""OFF""]}, {""id"": 278, ""states"": [""OFF""]}, {""id"": 344, ""states"": [""OFF""]}, {""id"": 402, ""states"": [""OFF""]}]",5,2,4,"[""[WALK] <lightswitch> (58)"", ""[SWITCHOFF] <lightswitch> (58)"", ""[WALK] <lightswitch> (402)"", ""[SWITCHOFF] <lightswitch> (402)""]",False
state_change_task,test,test_task136,Turn off all lightswitches,Turn {state} all {object},off,lightswitches,,3,livingroom,"[{""id"": 58, ""states"": [""ON""]}, {""id"": 239, ""states"": [""OFF""]}, {""id"": 278, ""states"": [""OFF""]}, {""id"": 344, ""states"": [""OFF""]}, {""id"": 402, ""states"": [""OFF""]}]","[{""id"": 58, ""states"": [""OFF""]}, {""id"": 239, ""states"": [""OFF""]}, {""id"": 278, ""states"": [""OFF""]}, {""id"": 344, ""states"": [""OFF""]}, {""id"": 402, ""states"": [""OFF""]}]",5,1,2,"[""[WALK] <lightswitch> (58)"", ""[SWITCHOFF] <lightswitch> (58)""]",False
state_change_task,test,test_task137,Turn off all lightswitches,Turn {state} all {object},off,lightswitches,,3,bedroom,"[{""id"": 58, ""states"": [""OFF""]}, {""id"": 239, ""states"": [""ON""]}, {""id"": 278, ""states"": [""ON""]}, {""id"": 344, ""states"": [""ON""]}, {""id"": 402, ""states"": [""ON""]}]","[{""id"": 58, ""states"": [""OFF""]}, {""id"": 239, ""states"": [""OFF""]}, {""id"": 278, ""states"": [""OFF""]}, {""id"": 344, ""states"": [""OFF""]}, {""id"": 402, ""states"": [""OFF""]}]",5,4,8,"[""[WALK] <lightswitch> (239)"", ""[SWITCHOFF] <lightswitch> (239)"", ""[WALK] <lightswitch> (278)"", ""[SWITCHOFF] <lightswitch> (278)"", ""[WALK] <lightswitch> (344)"", ""[SWITCHOFF] <lightswitch> (344)"", ""[WALK] <lightswitch> (402)"", ""[SWITCHOFF] <lightswitch> (402)""]",False
state_change_task,test,test_task138,Turn off all lightswitches,Turn {state} all {object},off,lightswitches,,3,livingroom,"[{""id"": 58, ""states"": [""OFF""]}, {""id"": 239, ""states"": [""ON""]}, {""id"": 278, ""states"": [""ON""]}, {""id"": 344, ""states"": [""ON""]}, {""id"": 402, ""states"": [""OFF""]}]","[{""id"": 58, ""states"": [""OFF""]}, {""id"": 239, ""states"": [""OFF""]}, {""id"": 278, ""states"": [""OFF""]}, {""id"": 344, ""states"": [""OFF""]}, {""id"": 402, ""states"": [""OFF""]}]",5,3,6,"[""[WALK] <lightswitch> (239)"", ""[SWITCHOFF] <lightswitch> (239)"", ""[WALK] <lightswitch> (278)"", ""[SWITCHOFF] <lightswitch> (278)"", ""[WALK] <lightswitch> (344)"", ""[SWITCHOFF] <lightswitch> (344)""]",False
state_change_task,test,test_task139,Turn off all lightswitches,Turn {state} all {object},off,lightswitches,,3,kitchen,"[{""id"": 58, ""states"": [""OFF""]}, {""id"": 239, ""states"": [""ON""]}, {""id"": 278, ""states"": [""ON""]}, {""id"": 344, ""states"": [""OFF""]}, {""id"": 402, ""states"": [""ON""]}]","[{""id"": 58, ""states"": [""OFF""]}, {""id"": 239, ""states"": [""OFF""]}, {""id"": 278, ""states"": [""OFF""]}, {""id"": 344, ""states"": [""OFF""]}, {""id"": 402, ""states"": [""OFF""]}]",5,3,6,"[""[WALK] <lightswitch> (239)"", ""[SWITCHOFF] <lightswitch> (239)"", ""[WALK] <lightswitch> (278)"", ""[SWITCHOFF] <lightswitch> (278)"", ""[WALK] <lightswitch> (402)"", ""[SWITCHOFF] <lightswitch> (402)""]",False
state_change_task,test,test_task140,Turn off all lightswitches,Turn {state} all {object},off,lightswitches,,3,bedroom,"[{""id"": 58, ""states"": [""OFF""]}, {""id"": 239, ""states"": [""ON""]}, {""id"": 278, ""states"": [""ON""]}, {""id"": 344, ""states"": [""OFF""]}, {""id"": 402, ""states"": [""OFF""]}]","[{""id"": 58, ""states"": [""OFF""]}, {""id"": 239, ""states"": [""OFF""]}, {""id"": 278, ""states"": [""OFF""]}, {""id"": 344, ""states"": [""OFF""]}, {""id"": 402, ""states"": [""OFF""]}]",5,2,4,"[""[WALK] <lightswitch> (239)"", ""[SWITCHOFF] <lightswitch> (239)"", ""[WALK] <lightswitch> (278)"", ""[SWITCHOFF] <lightswitch> (278)""]",False
state_change_task,test,test_task141,Turn off all lightswitches,Turn {state} all {object},off,lightswitches,,3,livingroom,"[{""id"": 58, ""states"": [""OFF""]}, {""id"": 239, ""states"": [""ON""]}, {""id"": 278, ""states"": [""OFF""]}, {""id"": 344, ""states"": [""ON""]}, {""id"": 402, ""states"": [""ON""]}]","[{""id"": 58, ""states"": [""OFF""]}, {""id"": 239, ""states"": [""OFF""]}, {""id"": 278, ""states"": [""OFF""]}, {""id"": 344, ""states"": [""OFF""]}, {""id"": 402, ""states"": [""OFF""]}]",5,3,6,"[""[WALK] <lightswitch> (239)"", ""[SWITCHOFF] <lightswitch> (239)"", ""[WALK] <lightswitch> (344)"", ""[SWITCHOFF] <lightswitch> (344)"", ""[WALK] <lightswitch> (402)"", ""[SWITCHOFF] <lightswitch> (402)""]",False
state_change_task,test,test_task142,Turn off all lightswitches,Turn {state} all {object},off,lightswitches,,3,bedroom,"[{""id"": 58, ""states"": [""OFF""]}, {""id"": 239, ""states"": [""ON""]}, {""id"": 278, ""states"": [""OFF""]}, {""id"": 344, ""states"": [""ON""]}, {""id"": 402, ""states"": [""OFF""]}]","[{""id"": 58, ""states"": [""OFF""]}, {""id"": 239, ""states"": [""OFF""]}, {""id"": 278, ""states"": [""OFF""]}, {""id"": 344, ""states"": [""OFF""]}, {""id"": 402, ""states"": [""OFF""]}]",5,2,4,"[""[WALK] <lightswitch> (239)"", ""[SWITCHOFF] <lightswitch> (239)"", ""[WALK] <lightswitch> (344)"", ""[SWITCHOFF] <lightswitch> (344)""]",False
state_change_task,test,test_task143,Turn off all lightswitches,Turn {state} all {object},off,lightswitches,,3,bathroom,"[{""id"": 58, ""states"": [""OFF""]}, {""id"": 239, ""states"": [""ON""]}, {""id"": 278, ""states"": [""OFF""]}, {""id"": 344, ""states"": [""OFF""]}, {""id"": 402, ""states"": [""ON""]}]","[{""id"": 58, ""states"": [""OFF""]}, {""id"": 239, ""states"": [""OFF""]}, {""id"": 278, ""states"": [""OFF""]}, {""id"": 344, ""states"": [""OFF""]}, {""id"": 402, ""states"": [""OFF""]}]",5,2,4,"[""[WALK] <lightswitch> (239)"", ""[SWITCHOFF] <lightswitch> (239)"", ""[WALK] <lightswitch> (402)"", ""[SWITCHOFF] <lightswitch> (402)""]",False
state_change_task,test,test_task144,Turn off all lightswitches,Turn {state} all {object},off,lightswitches,,3,kitchen,"[{""id"": 58, ""states"": [""OFF""]}, {""id"": 239, ""states"": [""ON""]}, {""id"": 278, ""states"": [""OFF""]}, {""id"": 344, ""states"": [""OFF""]}, {""id"": 402, ""states"": [""OFF""]}]","[{""id"": 58, ""states"": [""OFF""]}, {""id"": 239, ""states"": [""OFF""]}, {""id"": 278, ""states"": [""OFF""]}, {""id"": 344, ""states"": [""OFF""]}, {""id"": 402, ""states"": [""OFF""]}]",5,1,2,"[""[WALK] <lightswitch> (239)"", ""[SWITCHOFF] <lightswitch> (239)""]",False
state_change_task,test,test_task145,Turn off all lightswitches,Turn {state} all {object},off,lightswitches,,3,livingroom,"[{""id"": 58, ""states"": [""OFF""]}, {""id"": 239, ""states"": [""OFF""]}, {""id"": 278, ""states"": [""ON""]}, {""id"": 344, ""states"": [""ON""]}, {""id"": 402, ""states"": [""ON""]}]","[{""id"": 58, ""states"": [""OFF""]}, {""id"": 239, ""states"": [""OFF""]}, {""id"": 278, ""states"": [""OFF""]}, {""id"": 344, ""states"": [""OFF""]}, {""id"": 402, ""states"": [""OFF""]}]",5,3,6,"[""[WALK] <lightswitch> (278)"", ""[SWITCHOFF] <lightswitch> (278)"", ""[WALK] <lightswitch> (344)"", ""[SWITCHOFF] <lightswitch> (344)"", ""[WALK] <lightswitch> (402)"", ""[SWITCHOFF] <lightswitch> (402)""]",False
state_change_task,test,test_task146,Turn off all lightswitches,Turn {state} all {object},off,lightswitches,,3,bathroom,"[{""id"": 58, ""states"": [""OFF""]}, {""id"": 239, ""states"": [""OFF""]}, {""id"": 278, ""states"": [""ON""]}, {""id"": 344, ""states"": [""ON""]}, {""id"": 402, ""states"": [""OFF""]}]","[{""id"": 58, ""states"": [""OFF""]}, {""id"": 239, ""states"": [""OFF""]}, {""id"": 278, ""states"": [""OFF""]}, {""id"": 344, ""states"": [""OFF""]}, {""id"": 402, ""states"": [""OFF""]}]",5,2,4,"[""[WALK] <lightswitch> (278)"", ""[SWITCHOFF] <lightswitch> (278)"", ""[WALK] <lightswitch> (344)"", ""[SWITCHOFF] <lightswitch> (344)""]",False
state_change_task,test,test_task147,Turn off all lightswitches,Turn {state} all {object},off,lightswitches,,3,kitchen,"[{""id"": 58, ""states"": [""OFF""]}, {""id"": 239, ""states"": [""OFF""]}, {""id"": 278, ""states"": [""ON""]}, {""id"": 344, ""states"": [""OFF""]}, {""id"": 402, ""states"": [""ON""]}]","[{""id"": 58, ""states"": [""OFF""]}, {""id"": 239, ""states"": [""OFF""]}, {""id"": 278, ""states"": [""OFF""]}, {""id"": 344, ""states"": [""OFF""]}, {""id"": 402, ""states"": [""OFF""]}]",5,2,4,"[""[WALK] <lightswitch> (278)"", ""[SWITCHOFF] <lightswitch> (278)"", ""[WALK] <lightswitch> (402)"", ""[SWITCHOFF] <lightswitch> (402)""]",False
state_change_task,test,test_task148,Turn off all lightswitches,Turn {state} all {object},off,lightswitches,,3,bedroom,"[{""id"": 58, ""states"": [""OFF""]}, {""id"": 239, ""states"": [""OFF""]}, {""id"": 278, ""states"": [""ON""]}, {""id"": 344, ""states"": [""OFF""]}, {""id"": 402, ""states"": [""OFF""]}]","[{""id"": 58, ""states"": [""OFF""]}, {""id"": 239, ""states"": [""OFF""]}, {""id"": 278, ""states"": [""OFF""]}, {""id"": 344, ""states"": [""OFF""]}, {""id"": 402, ""states"": [""OFF""]}]",5,1,2,"[""[WALK] <lightswitch> (278)"", ""[SWITCHOFF] <lightswitch> (278)""]",False
state_change_task,test,test_task149,Turn off all lightswitches,Turn {state} all {object},off,lightswitches,,3,bedroom,"[{""id"": 58, ""states"": [""OFF""]}, {""id"": 239, ""states"": [""OFF""]}, {""id"": 278, ""states"": [""OFF""]}, {""id"": 344, ""states"": [""ON""]}, {""id"": 402, ""states"": [""ON""]}]","[{""id"": 58, ""states"": [""OFF""]}, {""id"": 239, ""states"": [""OFF""]}, {""id"": 278, ""states"": [""OFF""]}, {""id"": 344, ""states"": [""OFF""]}, {""id"": 402, ""states"": [""OFF""]}]",5,2,4,"[""[WALK] <lightswitch> (344)"", ""[SWITCHOFF] <lightswitch> (344)"", ""[WALK] <lightswitch> (402)"", ""[SWITCHOFF] <lightswitch> (402)""]",False
state_change_task,test,test_task150,Turn off all lightswitches,Turn {state} all {object},off,lightswitches,,3,kitchen,"[{""id"": 58, ""states"": [""OFF""]}, {""id"": 239, ""states"": [""OFF""]}, {""id"": 278, ""states"": [""OFF""]}, {""id"": 344, ""states"": [""ON""]}, {""id"": 402, ""states"": [""OFF""]}]","[{""id"": 58, ""states"": [""OFF""]}, {""id"": 239, ""states"": [""OFF""]}, {""id"": 278, ""states"": [""OFF""]}, {""id"": 344, ""states"": [""OFF""]}, {""id"": 402, ""states"": [""OFF""]}]",5,1,2,"[""[WALK] <lightswitch> (344)"", ""[SWITCHOFF] <lightswitch> (344)""]",False
state_change_task,test,test_task151,Turn off all lightswitches,Turn {state} all {object},off,lightswitches,,3,livingroom,"[{""id"": 58, ""states"": [""OFF""]}, {""id"": 239, ""states"": [""OFF""]}, {""id"": 278, ""states"": [""OFF""]}, {""id"": 344, ""states"": [""OFF""]}, {""id"": 402, ""states"": [""ON""]}]","[{""id"": 58, ""states"": [""OFF""]}, {""id"": 239, ""states"": [""OFF""]}, {""id"": 278, ""states"": [""OFF""]}, {""id"": 344, ""states"": [""OFF""]}, {""id"": 402, ""states"": [""OFF""]}]",5,1,2,"[""[WALK] <lightswitch> (402)"", ""[SWITCHOFF] <lightswitch> (402)""]",False
state_change_task,test,test_task152,Turn off all lightswitches,Turn {state} all {object},off,lightswitches,,3,livingroom,"[{""id"": 58, ""states"": [""OFF""]}, {""id"": 239, ""states"": [""OFF""]}, {""id"": 278, ""states"": [""OFF""]}, {""id"": 344, ""states"": [""OFF""]}, {""id"": 402, ""states"": [""OFF""]}]","[{""id"": 58, ""states"": [""OFF""]}, {""id"": 239, ""states"": [""OFF""]}, {""id"": 278, ""states"": [""OFF""]}, {""id"": 344, ""states"": [""OFF""]}, {""id"": 402, ""states"": [""OFF""]}]",5,0,0,[],True
state_change_task,test,test_task153,Turn off all tablelamps,Turn {state} all {object},off,tablelamps,,3,bathroom,"[{""id"": 256, ""states"": [""ON""]}, {""id"": 376, ""states"": [""ON""]}, {""id"": 377, ""states"": [""ON""]}]","[{""id"": 256, ""states"": [""OFF""]}, {""id"": 376, ""states"": [""OFF""]}, {""id"": 377, ""states"": [""OFF""]}]",3,3,6,"[""[WALK] <tablelamp> (256)"", ""[SWITCHOFF] <tablelamp> (256)"", ""[WALK] <tablelamp> (376)"", ""[SWITCHOFF] <tablelamp> (376)"", ""[WALK] <tablelamp> (377)"", ""[SWITCHOFF] <tablelamp> (377)""]",False
state_change_task,test,test_task154,Turn off all tablelamps,Turn {state} all {object},off,tablelamps,,3,livingroom,"[{""id"": 256, ""states"": [""ON""]}, {""id"": 376, ""states"": [""ON""]}, {""id"": 377, ""states"": [""OFF""]}]","[{""id"": 256, ""states"": [""OFF""]}, {""id"": 376, ""states"": [""OFF""]}, {""id"": 377, ""states"": [""OFF""]}]",3,2,4,"[""[WALK] <tablelamp> (256)"", ""[SWITCHOFF] <tablelamp> (256)"", ""[WALK] <tablelamp> (376)"", ""[SWITCHOFF] <tablelamp> (376)""]",False
state_change_task,test,test_task155,Turn off all tablelamps,Turn {state} all {object},off,tablelamps,,3,kitchen,"[{""id"": 256, ""states"": [""ON""]}, {""id"": 376, ""states"": [""OFF""]}, {""id"": 377, ""states"": [""ON""]}]","[{""id"": 256, ""states"": [""OFF""]}, {""id"": 376, ""states"": [""OFF""]}, {""id"": 377, ""states"": [""OFF""]}]",3,2,4,"[""[WALK] <tablelamp> (256)"", ""[SWITCHOFF] <tablelamp> (256)"", ""[WALK] <tablelamp> (377)"", ""[SWITCHOFF] <tablelamp> (377)""]",False
state_change_task,test,test_task156,Turn off all tablelamps,Turn {state} all {object},off,tablelamps,,3,bedroom,"[{""id"": 256, ""states"": [""ON""]}, {""id"": 376, ""states"": [""OFF""]}, {""id"": 377, ""states"": [""OFF""]}]","[{""id"": 256, ""states"": [""OFF""]}, {""id"": 376, ""states"": [""OFF""]}, {""id"": 377, ""states"": [""OFF""]}]",3,1,2,"[""[WALK] <tablelamp> (256)"", ""[SWITCHOFF] <tablelamp> (256)""]",False
state_change_task,test,test_task157,Turn off all tablelamps,Turn {state} all {object},off,tablelamps,,3,bathroom,"[{""id"": 256, ""states"": [""OFF""]}, {""id"": 376, ""states"": [""ON""]}, {""id"": 377, ""states"": [""ON""]}]","[{""id"": 256, ""states"": [""OFF""]}, {""id"": 376, ""states"": [""OFF""]}, {""id"": 377, ""states"": [""OFF""]}]",3,2,4,"[""[WALK] <tablelamp> (376)"", ""[SWITCHOFF] <tablelamp> (376)"", ""[WALK] <tablelamp> (377)"", ""[SWITCHOFF] <tablelamp> (377)""]",False
state_change_task,test,test_task158,Turn off all tablelamps,Turn {state} all {object},off,tablelamps,,3,bedroom,"[{""id"": 256, ""states"": [""OFF""]}, {""id"": 376, ""states"": [""ON""]}, {""id"": 377, ""states"": [""OFF""]}]","[{""id"": 256, ""states"": [""OFF""]}, {""id"": 376, ""states"": [""OFF""]}, {""id"": 377, ""states"": [""OFF""]}]",3,1,2,"[""[WALK] <tablelamp> (376)"", ""[SWITCHOFF] <tablelamp> (376)""]",False
state_change_task,test,test_task159,Turn off all tablelamps,Turn {state} all {object},off,tablelamps,,3,livingroom,"[{""id"": 256, ""states"": [""OFF""]}, {""id"": 376, ""states"": [""OFF""]}, {""id"": 377, ""states"": [""ON""]}]","[{""id"": 256, ""states"": [""OFF""]}, {""id"": 376, ""states"": [""OFF""]}, {""id"": 377, ""states"": [""OFF""]}]",3,1,2,"[""[WALK] <tablelamp> (377)"", ""[SWITCHOFF] <tablelamp> (377)""]",False
state_change_task,test,test_task160,Turn off all tablelamps,Turn {state} all {object},off,tablelamps,,3,kitchen,"[{""id"": 256, ""states"": [""OFF""]}, {""id"": 376, ""states"": [""OFF""]}, {""id"": 377, ""states"": [""OFF""]}]","[{""id"": 256, ""states"": [""OFF""]}, {""id"": 376, ""states"": [""OFF""]}, {""id"": 377, ""states"": [""OFF""]}]",3,0,0,[],True
state_change_task,test,test_task161,Turn on all lightswitches,Turn {state} all {object},on,lightswitches,,4,bedroom,"[{""id"": 169, ""states"": [""ON""]}, {""id"": 209, ""states"": [""ON""]}, {""id"": 218, ""states"": [""ON""]}, {""id"": 300, ""states"": [""ON""]}]","[{""id"": 169, ""states"": [""ON""]}, {""id"": 209, ""states"": [""ON""]}, {""id"": 218, ""states"": [""ON""]}, {""id"": 300, ""states"": [""ON""]}]",4,0,0,[],True
state_change_task,test,test_task162,Turn on all lightswitches,Turn {state} all {object},on,lightswitches,,4,bathroom,"[{""id"": 169, ""states"": [""ON""]}, {""id"": 209, ""states"": [""ON""]}, {""id"": 218, ""states"": [""ON""]}, {""id"": 300, ""states"": [""OFF""]}]","[{""id"": 169, ""states"": [""ON""]}, {""id"": 209, ""states"": [""ON""]}, {""id"": 218, ""states"": [""ON""]}, {""id"": 300, ""states"": [""ON""]}]",4,1,2,"[""[WALK] <lightswitch> (300)"", ""[SWITCHON] <lightswitch> (300)""]",False
state_change_task,test,test_task163,Turn on all lightswitches,Turn {state} all {object},on,lightswitches,,4,livingroom,"[{""id"": 169, ""states"": [""ON""]}, {""id"": 209, ""states"": [""ON""]}, {""id"": 218, ""states"": [""OFF""]}, {""id"": 300, ""states"": [""ON""]}]","[{""id"": 169, ""states"": [""ON""]}, {""id"": 209, ""states"": [""ON""]}, {""id"": 218, ""states"": [""ON""]}, {""id"": 300, ""states"": [""ON""]}]",4,1,2,"[""[WALK] <lightswitch> (218)"", ""[SWITCHON] <lightswitch> (218)""]",False
state_change_task,test,test_task164,Turn on all lightswitches,Turn {state} all {object},on,lightswitches,,4,bedroom,"[{""id"": 169, ""states"": [""ON""]}, {""id"": 209, ""states"": [""ON""]}, {""id"": 218, ""states"": [""OFF""]}, {""id"": 300, ""states"": [""OFF""]}]","[{""id"": 169, ""states"": [""ON""]}, {""id"": 209, ""states"": [""ON""]}, {""id"": 218, ""states"": [""ON""]}, {""id"": 300, ""states"": [""ON""]}]",4,2,4,"[""[WALK] <lightswitch> (218)"", ""[SWITCHON] <lightswitch> (218)"", ""[WALK] <lightswitch> (300)"", ""[SWITCHON] <lightswitch> (300)""]",False
state_change_task,test,test_task165,Turn on all lightswitches,Turn {state} all {object},on,lightswitches,,4,kitchen,"[{""id"": 169, ""states"": [""ON""]}, {""id"": 209, ""states"": [""OFF""]}, {""id"": 218, ""states"": [""ON""]}, {""id"": 300, ""states"": [""ON""]}]","[{""id"": 169, ""states"": [""ON""]}, {""id"": 209, ""states"": [""ON""]}, {""id"": 218, ""states"": [""ON""]}, {""id"": 300, ""states"": [""ON""]}]",4,1,2,"[""[WALK] <lightswitch> (209)"", ""[SWITCHON] <lightswitch> (209)""]",False
state_change_task,test,test_task166,Turn on all lightswitches,Turn {state} all {object},on,lightswitches,,4,kitchen,"[{""id"": 169, ""states"": [""ON""]}, {""id"": 209, ""states"": [""OFF""]}, {""id"": 218, ""states"": [""ON""]}, {""id"": 300, ""states"": [""OFF""]}]","[{""id"": 169, ""states"": [""ON""]}, {""id"": 209, ""states"": [""ON""]}, {""id"": 218, ""states"": [""ON""]}, {""id"": 300, ""states"": [""ON""]}]",4,2,4,"[""[WALK] <lightswitch> (209)"", ""[SWITCHON] <lightswitch> (209)"", ""[WALK] <lightswitch> (300)"", ""[SWITCHON] <lightswitch> (300)""]",False
state_change_task,test,test_task167,Turn on all lightswitches,Turn {state} all {object},on,lightswitches,,4,bathroom,"[{""id"": 169, ""states"": [""ON""]}, {""id"": 209, ""states"": [""OFF""]}, {""id"": 218, ""states"": [""OFF""]}, {""id"": 300, ""states"": [""ON""]}]","[{""id"": 169, ""states"": [""ON""]}, {""id"": 209, ""states"": [""ON""]}, {""id"": 218, ""states"": [""ON""]}, {""id"": 300, ""states"": [""ON""]}]",4,2,4,"[""[WALK] <lightswitch> (209)"", ""[SWITCHON] <lightswitch> (209)"", ""[WALK] <lightswitch> (218)"", ""[SWITCHON] <lightswitch> (218)""]",False
state_change_task,test,test_task168,Turn on all lightswitches,Turn {state} all {object},on,lightswitches,,4,bedroom,"[{""id"": 169, ""states"": [""ON""]}, {""id"": 209, ""states"": [""OFF""]}, {""id"": 218, ""states"": [""OFF""]}, {""id"": 300, ""states"": [""OFF""]}]","[{""id"": 169, ""states"": [""ON""]}, {""id"": 209, ""states"": [""ON""]}, {""id"": 218, ""states"": [""ON""]}, {""id"": 300, ""states"": [""ON""]}]",4,3,6,"[""[WALK] <lightswitch> (209)"", ""[SWITCHON] <lightswitch> (209)"", ""[WALK] <lightswitch> (218)"", ""[SWITCHON] <lightswitch> (218)"", ""[WALK] <lightswitch> (300)"", ""[SWITCHON] <lightswitch> (300)""]",False
state_change_task,test,test_task169,Turn on all lightswitches,Turn {state} all {object},on,lightswitches,,4,livingroom,"[{""id"": 169, ""states"": [""OFF""]}, {""id"": 209, ""states"": [""ON""]}, {""id"": 218, ""states"": [""ON""]}, {""id"": 300, ""states"": [""ON""]}]","[{""id"": 169, ""states"": [""ON""]}, {""id"": 209, ""states"": [""ON""]}, {""id"": 218, ""states"": [""ON""]}, {""id"": 300, ""states"": [""ON""]}]",4,1,2,"[""[WALK] <lightswitch> (169)"", ""[SWITCHON] <lightswitch> (169)""]",False
state_change_task,test,test_task170,Turn on all lightswitches,Turn {state} all {object},on,lightswitches,,4,bathroom,"[{""id"": 169, ""states"": [""OFF""]}, {""id"": 209, ""states"": [""ON""]}, {""id"": 218, ""states"": [""ON""]}, {""id"": 300, ""states"": [""OFF""]}]","[{""id"": 169, ""states"": [""ON""]}, {""id"": 209, ""states"": [""ON""]}, {""id"": 218, ""states"": [""ON""]}, {""id"": 300, ""states"": [""ON""]}]",4,2,4,"[""[WALK] <lightswitch> (169)"", ""[SWITCHON] <lightswitch> (169)"", ""[WALK] <lightswitch> (300)"", ""[SWITCHON] <lightswitch> (300)""]",False
state_change_task,test,test_task171,Turn on all lightswitches,Turn {state} all {object},on,lightswitches,,4,bedroom,"[{""id"": 169, ""states"": [""OFF""]}, {""id"": 209, ""states"": [""ON""]}, {""id"": 218, ""states"": [""OFF""]}, {""id"": 300, ""states"": [""ON""]}]","[{""id"": 169, ""states"": [""ON""]}, {""id"": 209, ""states"": [""ON""]}, {""id"": 218, ""states"": [""ON""]}, {""id"": 300, ""states"": [""ON""]}]",4,2,4,"[""[WALK] <lightswitch> (169)"", ""[SWITCHON] <lightswitch> (169)"", ""[WALK] <lightswitch> (218)"", ""[SWITCHON] <lightswitch> (218)""]",False
state_change_task,test,test_task172,Turn on all lightswitches,Turn {state} all {object},on,lightswitches,,4,bathroom,"[{""id"": 169, ""states"": [""OFF""]}, {""id"": 209, ""states"": [""ON""]}, {""id"": 218, ""states"": [""OFF""]}, {""id"": 300, ""states"": [""OFF""]}]","[{""id"": 169, ""states"": [""ON""]}, {""id"": 209, ""states"": [""ON""]}, {""id"": 218, ""states"": [""ON""]}, {""id"": 300, ""states"": [""ON""]}]",4,3,6,"[""[WALK] <lightswitch> (169)"", ""[SWITCHON] <lightswitch> (169)"", ""[WALK] <lightswitch> (218)"", ""[SWITCHON] <lightswitch> (218)"", ""[WALK] <lightswitch> (300)"", ""[SWITCHON] <lightswitch> (300)""]",False
state_change_task,test,test_task173,Turn on all lightswitches,Turn {state} all {object},on,lightswitches,,4,kitchen,"[{""id"": 169, ""states"": [""OFF""]}, {""id"": 209, ""states"": [""OFF""]}, {""id"": 218, ""states"": [""ON""]}, {""id"": 300, ""states"": [""ON""]}]","[{""id"": 169, ""states"": [""ON""]}, {""id"": 209, ""states"": [""ON""]}, {""id"": 218, ""states"": [""ON""]}, {""id"": 300, ""states"": [""ON""]}]",4,2,4,"[""[WALK] <lightswitch> (169)"", ""[SWITCHON] <lightswitch> (169)"", ""[WALK] <lightswitch> (209)"", ""[SWITCHON] <lightswitch> (209)""]",False
state_change_task,test,test_task174,Turn on all lightswitches,Turn {state} all {object},on,lightswitches,,4,livingroom,"[{""id"": 169, ""states"": [""OFF""]}, {""id"": 209, ""states"": [""OFF""]}, {""id"": 218, ""states"": [""ON""]}, {""id"": 300, ""states"": [""OFF""]}]","[{""id"": 169, ""states"": [""ON""]}, {""id"": 209, ""states"": [""ON""]}, {""id"": 218, ""states"": [""ON""]}, {""id"": 300, ""states"": [""ON""]}]",4,3,6,"[""[WALK] <lightswitch> (169)"", ""[SWITCHON] <lightswitch> (169)"", ""[WALK] <lightswitch> (209)"", ""[SWITCHON] <lightswitch> (209)"", ""[WALK] <lightswitch> (300)"", ""[SWITCHON] <lightswitch> (300)""]",False
state_change_task,test,test_task175,Turn on all lightswitches,Turn {state} all {object},on,lightswitches,,4,bathroom,"[{""id"": 169, ""states"": [""OFF""]}, {""id"": 209, ""states"": [""OFF""]}, {""id"": 218, ""states"": [""OFF""]}, {""id"": 300, ""states"": [""ON""]}]","[{""id"": 169, ""states"": [""ON""]}, {""id"": 209, ""states"": [""ON""]}, {""id"": 218, ""states"": [""ON""]}, {""id"": 300, ""states"": [""ON""]}]",4,3,6,"[""[WALK] <lightswitch> (169)"", ""[SWITCHON] <lightswitch> (169)"", ""[WALK] <lightswitch> (209)"", ""[SWITCHON] <lightswitch> (209)"", ""[WALK] <lightswitch> (218)"", ""[SWITCHON] <lightswitch> (218)""]",False
state_change_task,test,test_task176,Turn on all lightswitches,Turn {state} all {object},on,lightswitches,,4,kitchen,"[{""id"": 169, ""states"": [""OFF""]}, {""id"": 209, ""states"": [""OFF""]}, {""id"": 218, ""states"": [""OFF""]}, {""id"": 300, ""states"": [""OFF""]}]","[{""id"": 169, ""states"": [""ON""]}, {""id"": 209, ""states"": [""ON""]}, {""id"": 218, ""states"": [""ON""]}, {""id"": 300, ""states"": [""ON""]}]",4,4,8,"[""[WALK] <lightswitch> (169)"", ""[SWITCHON] <lightswitch> (169)"", ""[WALK] <lightswitch> (209)"", ""[SWITCHON] <lightswitch> (209)"", ""[WALK] <lightswitch> (218)"", ""[SWITCHON] <lightswitch> (218)"", ""[WALK] <lightswitch> (300)"", ""[SWITCHON] <lightswitch> (300)""]",False
state_change_task,test,test_task177,Turn off all lightswitches,Turn {state} all {object},off,lightswitches,,4,livingroom,"[{""id"": 169, ""states"": [""ON""]}, {""id"": 209, ""states"": [""ON""]}, {""id"": 218, ""states"": [""ON""]}, {""id"": 300, ""states"": [""ON""]}]","[{""id"": 169, ""states"": [""OFF""]}, {""id"": 209, ""states"": [""OFF""]}, {""id"": 218, ""states"": [""OFF""]}, {""id"": 300, ""states"": [""OFF""]}]",4,4,8,"[""[WALK] <lightswitch> (169)"", ""[SWITCHOFF] <lightswitch> (169)"", ""[WALK] <lightswitch> (209)"", ""[SWITCHOFF] <lightswitch> (209)"", ""[WALK] <lightswitch> (218)"", ""[SWITCHOFF] <lightswitch> (218)"", ""[WALK] <lightswitch> (300)"", ""[SWITCHOFF] <lightswitch> (300)""]",False
state_change_task,test,test_task178,Turn off all lightswitches,Turn {state} all {object},off,lightswitches,,4,kitchen,"[{""id"": 169, ""states"": [""ON""]}, {""id"": 209, ""states"": [""ON""]}, {""id"": 218, ""states"": [""ON""]}, {""id"": 300, ""states"": [""OFF""]}]","[{""id"": 169, ""states"": [""OFF""]}, {""id"": 209, ""states"": [""OFF""]}, {""id"": 218, ""states"": [""OFF""]}, {""id"": 300, ""states"": [""OFF""]}]",4,3,6,"[""[WALK] <lightswitch> (169)"", ""[SWITCHOFF] <lightswitch> (169)"", ""[WALK] <lightswitch> (209)"", ""[SWITCHOFF] <lightswitch> (209)"", ""[WALK] <lightswitch> (218)"", ""[SWITCHOFF] <lightswitch> (218)""]",False
state_change_task,test,test_task179,Turn off all lightswitches,Turn {state} all {object},off,lightswitches,,4,livingroom,"[{""id"": 169, ""states"": [""ON""]}, {""id"": 209, ""states"": [""ON""]}, {""id"": 218, ""states"": [""OFF""]}, {""id"": 300, ""states"": [""ON""]}]","[{""id"": 169, ""states"": [""OFF""]}, {""id"": 209, ""states"": [""OFF""]}, {""id"": 218, ""states"": [""OFF""]}, {""id"": 300, ""states"": [""OFF""]}]",4,3,6,"[""[WALK] <lightswitch> (169)"", ""[SWITCHOFF] <lightswitch> (169)"", ""[WALK] <lightswitch> (209)"", ""[SWITCHOFF] <lightswitch> (209)"", ""[WALK] <lightswitch> (300)"", ""[SWITCHOFF] <lightswitch> (300)""]",False
state_change_task,test,test_task180,Turn off all lightswitches,Turn {state} all {object},off,lightswitches,,4,kitchen,"[{""id"": 169, ""states"": [""ON""]}, {""id"": 209, ""states"": [""ON""]}, {""id"": 218, ""states"": [""OFF""]}, {""id"": 300, ""states"": [""OFF""]}]","[{""id"": 169, ""states"": [""OFF""]}, {""id"": 209, ""states"": [""OFF""]}, {""id"": 218, ""states"": [""OFF""]}, {""id"": 300, ""states"": [""OFF""]}]",4,2,4,"[""[WALK] <lightswitch> (169)"", ""[SWITCHOFF] <lightswitch> (169)"", ""[WALK] <lightswitch> (209)"", ""[SWITCHOFF] <lightswitch> (209)""]",False
state_change_task,test,test_task181,Turn off all lightswitches,Turn {state} all {object},off,lightswitches,,4,bathroom,"[{""id"": 169, ""states"": [""ON""]}, {""id"": 209, ""states"": [""OFF""]}, {""id"": 218, ""states"": [""ON""]}, {""id"": 300, ""states"": [""ON""]}]","[{""id"": 169, ""states"": [""OFF""]}, {""id"": 209, ""states"": [""OFF""]}, {""id"": 218, ""states"": [""OFF""]}, {""id"": 300, ""states"": [""OFF""]}]",4,3,6,"[""[WALK] <lightswitch> (169)"", ""[SWITCHOFF] <lightswitch> (169)"", ""[WALK] <lightswitch> (218)"", ""[SWITCHOFF] <lightswitch> (218)"", ""[WALK] <lightswitch> (300)"", ""[SWITCHOFF] <lightswitch> (300)""]",False
state_change_task,test,test_task182,Turn off all lightswitches,Turn {state} all {object},off,lightswitches,,4,livingroom,"[{""id"": 169, ""states"": [""ON""]}, {""id"": 209, ""states"": [""OFF""]}, {""id"": 218, ""states"": [""ON""]}, {""id"": 300, ""states"": [""OFF""]}]","[{""id"": 169, ""states"": [""OFF""]}, {""id"": 209, ""states"": [""OFF""]}, {""id"": 218, ""states"": [""OFF""]}, {""id"": 300, ""states"": [""OFF""]}]",4,2,4,"[""[WALK] <lightswitch> (169)"", ""[SWITCHOFF] <lightswitch> (169)"", ""[WALK] <lightswitch> (218)"", ""[SWITCHOFF] <lightswitch> (218)""]",False
state_change_task,test,test_task183,Turn off all lightswitches,Turn {state} all {object},off,lightswitches,,4,kitchen,"[{""id"": 169, ""states"": [""ON""]}, {""id"": 209, ""states"": [""OFF""]}, {""id"": 218, ""states"": [""OFF""]}, {""id"": 300, ""states"": [""ON""]}]","[{""id"": 169, ""states"": [""OFF""]}, {""id"": 209, ""states"": [""OFF""]}, {""id"": 218, ""states"": [""OFF""]}, {""id"": 300, ""states"": [""OFF""]}]",4,2,4,"[""[WALK] <lightswitch> (169)"", ""[SWITCHOFF] <lightswitch> (169)"", ""[WALK] <lightswitch> (300)"", ""[SWITCHOFF] <lightswitch> (300)""]",False
state_change_task,test,test_task184,Turn off all lightswitches,Turn {state} all {object},off,lightswitches,,4,livingroom,"[{""id"": 169, ""states"": [""ON""]}, {""id"": 209, ""states"": [""OFF""]}, {""id"": 218, ""states"": [""OFF""]}, {""id"": 300, ""states"": [""OFF""]}]","[{""id"": 169, ""states"": [""OFF""]}, {""id"": 209, ""states"": [""OFF""]}, {""id"": 218, ""states"": [""OFF""]}, {""id"": 300, ""states"": [""OFF""]}]",4,1,2,"[""[WALK] <lightswitch> (169)"", ""[SWITCHOFF] <lightswitch> (169)""]",False
state_change_task,test,test_task185,Turn off all lightswitches,Turn {state} all {object},off,lightswitches,,4,bathroom,"[{""id"": 169, ""states"": [""OFF""]}, {""id"": 209, ""states"": [""ON""]}, {""id"": 218, ""states"": [""ON""]}, {""id"": 300, ""states"": [""ON""]}]","[{""id"": 169, ""states"": [""OFF""]}, {""id"": 209, ""states"": [""OFF""]}, {""id"": 218, ""states"": [""OFF""]}, {""id"": 300, ""states"": [""OFF""]}]",4,3,6,"[""[WALK] <lightswitch> (209)"", ""[SWITCHOFF] <lightswitch> (209)"", ""[WALK] <lightswitch> (218)"", ""[SWITCHOFF] <lightswitch> (218)"", ""[WALK] <lightswitch> (300)"", ""[SWITCHOFF] <lightswitch> (300)""]",False
state_change_task,test,test_task186,Turn off all lightswitches,Turn {state} all {object},off,lightswitches,,4,bathroom,"[{""id"": 169, ""states"": [""OFF""]}, {""id"": 209, ""states"": [""ON""]}, {""id"": 218, ""states"": [""ON""]}, {""id"": 300, ""states"": [""OFF""]}]","[{""id"": 169, ""states"": [""OFF""]}, {""id"": 209, ""states"": [""OFF""]}, {""id"": 218, ""states"": [""OFF""]}, {""id"": 300, ""states"": [""OFF""]}]",4,2,4,"[""[WALK] <lightswitch> (209)"", ""[SWITCHOFF] <lightswitch> (209)"", ""[WALK] <lightswitch> (218)"", ""[SWITCHOFF] <lightswitch> (218)""]",False
state_change_task,test,test_task187,Turn off all lightswitches,Turn {state} all {object},off,lightswitches,,4,kitchen,"[{""id"": 169, ""states"": [""OFF""]}, {""id"": 209, ""states"": [""ON""]}, {""id"": 218, ""states"": [""OFF""]}, {""id"": 300, ""states"": [""ON""]}]","[{""id"": 169, ""states"": [""OFF""]}, {""id"": 209, ""states"": [""OFF""]}, {""id"": 218, ""states"": [""OFF""]}, {""id"": 300, ""states"": [""OFF""]}]",4,2,4,"[""[WALK] <lightswitch> (209)"", ""[SWITCHOFF] <lightswitch> (209)"", ""[WALK] <lightswitch> (300)"", ""[SWITCHOFF] <lightswitch> (300)""]",False
state_change_task,test,test_task188,Turn off all lightswitches,Turn {state} all {object},off,lightswitches,,4,bedroom,"[{""id"": 169, ""states"": [""OFF""]}, {""id"": 209, ""states"": [""ON""]}, {""id"": 218, ""states"": [""OFF""]}, {""id"": 300, ""states"": [""OFF""]}]","[{""id"": 169, ""states"": [""OFF""]}, {""id"": 209, ""states"": [""OFF""]}, {""id"": 218, ""states"": [""OFF""]}, {""id"": 300, ""states"": [""OFF""]}]",4,1,2,"[""[WALK] <lightswitch> (209)"", ""[SWITCHOFF] <lightswitch> (209)""]",False
state_change_task,test,test_task189,Turn off all lightswitches,Turn {state} all {object},off,lightswitches,,4,bedroom,"[{""id"": 169, ""states"": [""OFF""]}, {""id"": 209, ""states"": [""OFF""]}, {""id"": 218, ""states"": [""ON""]}, {""id"": 300, ""states"": [""ON""]}]","[{""id"": 169, ""states"": [""OFF""]}, {""id"": 209, ""states"": [""OFF""]}, {""id"": 218, ""states"": [""OFF""]}, {""id"": 300, ""states"": [""OFF""]}]",4,2,4,"[""[WALK] <lightswitch> (218)"", ""[SWITCHOFF] <lightswitch> (218)"", ""[WALK] <lightswitch> (300)"", ""[SWITCHOFF] <lightswitch> (300)""]",False
state_change_task,test,test_task190,Turn off all lightswitches,Turn {state} all {object},off,lightswitches,,4,livingroom,"[{""id"": 169, ""states"": [""OFF""]}, {""id"": 209, ""states"": [""OFF""]}, {""id"": 218, ""states"": [""ON""]}, {""id"": 300, ""states"": [""OFF""]}]","[{""id"": 169, ""states"": [""OFF""]}, {""id"": 209, ""states"": [""OFF""]}, {""id"": 218, ""states"": [""OFF""]}, {""id"": 300, ""states"": [""OFF""]}]",4,1,2,"[""[WALK] <lightswitch> (218)"", ""[SWITCHOFF] <lightswitch> (218)""]",False
state_change_task,test,test_task191,Turn off all lightswitches,Turn {state} all {object},off,lightswitches,,4,bathroom,"[{""id"": 169, ""states"": [""OFF""]}, {""id"": 209, ""states"": [""OFF""]}, {""id"": 218, ""states"": [""OFF""]}, {""id"": 300, ""states"": [""ON""]}]","[{""id"": 169, ""states"": [""OFF""]}, {""id"": 209, ""states"": [""OFF""]}, {""id"": 218, ""states"": [""OFF""]}, {""id"": 300, ""states"": [""OFF""]}]",4,1,2,"[""[WALK] <lightswitch> (300)"", ""[SWITCHOFF] <lightswitch> (300)""]",False
state_change_task,test,test_task192,Turn off all lightswitches,Turn {state} all {object},off,lightswitches,,4,livingroom,"[{""id"": 169, ""states"": [""OFF""]}, {""id"": 209, ""states"": [""OFF""]}, {""id"": 218, ""states"": [""OFF""]}, {""id"": 300, ""states"": [""OFF""]}]","[{""id"": 169, ""states"": [""OFF""]}, {""id"": 209, ""states"": [""OFF""]}, {""id"": 218, ""states"": [""OFF""]}, {""id"": 300, ""states"": [""OFF""]}]",4,0,0,[],True
state_change_task,test,test_task193,Turn on all lightswitches,Turn {state} all {object},on,lightswitches,,5,livingroom,"[{""id"": 103, ""states"": [""ON""]}, {""id"": 201, ""states"": [""ON""]}, {""id"": 249, ""states"": [""ON""]}, {""id"": 366, ""states"": [""ON""]}]","[{""id"": 103, ""states"": [""ON""]}, {""id"": 201, ""states"": [""ON""]}, {""id"": 249, ""states"": [""ON""]}, {""id"": 366, ""states"": [""ON""]}]",4,0,0,[],True
state_change_task,test,test_task194,Turn on all lightswitches,Turn {state} all {object},on,lightswitches,,5,bathroom,"[{""id"": 103, ""states"": [""ON""]}, {""id"": 201, ""states"": [""ON""]}, {""id"": 249, ""states"": [""ON""]}, {""id"": 366, ""states"": [""OFF""]}]","[{""id"": 103, ""states"": [""ON""]}, {""id"": 201, ""states"": [""ON""]}, {""id"": 249, ""states"": [""ON""]}, {""id"": 366, ""states"": [""ON""]}]",4,1,2,"[""[WALK] <lightswitch> (366)"", ""[SWITCHON] <lightswitch> (366)""]",False
state_change_task,test,test_task195,Turn on all lightswitches,Turn {state} all {object},on,lightswitches,,5,kitchen,"[{""id"": 103, ""states"": [""ON""]}, {""id"": 201, ""states"": [""ON""]}, {""id"": 249, ""states"": [""OFF""]}, {""id"": 366, ""states"": [""ON""]}]","[{""id"": 103, ""states"": [""ON""]}, {""id"": 201, ""states"": [""ON""]}, {""id"": 249, ""states"": [""ON""]}, {""id"": 366, ""states"": [""ON""]}]",4,1,2,"[""[WALK] <lightswitch> (249)"", ""[SWITCHON] <lightswitch> (249)""]",False
state_change_task,test,test_task196,Turn on all lightswitches,Turn {state} all {object},on,lightswitches,,5,livingroom,"[{""id"": 103, ""states"": [""ON""]}, {""id"": 201, ""states"": [""ON""]}, {""id"": 249, ""states"": [""OFF""]}, {""id"": 366, ""states"": [""OFF""]}]","[{""id"": 103, ""states"": [""ON""]}, {""id"": 201, ""states"": [""ON""]}, {""id"": 249, ""states"": [""ON""]}, {""id"": 366, ""states"": [""ON""]}]",4,2,4,"[""[WALK] <lightswitch> (249)"", ""[SWITCHON] <lightswitch> (249)"", ""[WALK] <lightswitch> (366)"", ""[SWITCHON] <lightswitch> (366)""]",False
state_change_task,test,test_task197,Turn on all lightswitches,Turn {state} all {object},on,lightswitches,,5,livingroom,"[{""id"": 103, ""states"": [""ON""]}, {""id"": 201, ""states"": [""OFF""]}, {""id"": 249, ""states"": [""ON""]}, {""id"": 366, ""states"": [""ON""]}]","[{""id"": 103, ""states"": [""ON""]}, {""id"": 201, ""states"": [""ON""]}, {""id"": 249, ""states"": [""ON""]}, {""id"": 366, ""states"": [""ON""]}]",4,1,2,"[""[WALK] <lightswitch> (201)"", ""[SWITCHON] <lightswitch> (201)""]",False
state_change_task,test,test_task198,Turn on all lightswitches,Turn {state} all {object},on,lightswitches,,5,livingroom,"[{""id"": 103, ""states"": [""ON""]}, {""id"": 201, ""states"": [""OFF""]}, {""id"": 249, ""states"": [""ON""]}, {""id"": 366, ""states"": [""OFF""]}]","[{""id"": 103, ""states"": [""ON""]}, {""id"": 201, ""states"": [""ON""]}, {""id"": 249, ""states"": [""ON""]}, {""id"": 366, ""states"": [""ON""]}]",4,2,4,"[""[WALK] <lightswitch> (201)"", ""[SWITCHON] <lightswitch> (201)"", ""[WALK] <lightswitch> (366)"", ""[SWITCHON] <lightswitch> (366)""]",False
state_change_task,test,test_task199,Turn on all lightswitches,Turn {state} all {object},on,lightswitches,,5,bedroom,"[{""id"": 103, ""states"": [""ON""]}, {""id"": 201, ""states"": [""OFF""]}, {""id"": 249, ""states"": [""OFF""]}, {""id"": 366, ""states"": [""ON""]}]","[{""id"": 103, ""states"": [""ON""]}, {""id"": 201, ""states"": [""ON""]}, {""id"": 249, ""states"": [""ON""]}, {""id"": 366, ""states"": [""ON""]}]",4,2,4,"[""[WALK] <lightswitch> (201)"", ""[SWITCHON] <lightswitch> (201)"", ""[WALK] <lightswitch> (249)"", ""[SWITCHON] <lightswitch> (249)""]",False
state_change_task,test,test_task200,Turn on all lightswitches,Turn {state} all {object},on,lightswitches,,5,bathroom,"[{""id"": 103, ""states"": [""ON""]}, {""id"": 201, ""states"": [""OFF""]}, {""id"": 249, ""states"": [""OFF""]}, {""id"": 366, ""states"": [""OFF""]}]","[{""id"": 103, ""states"": [""ON""]}, {""id"": 201, ""states"": [""ON""]}, {""id"": 249, ""states"": [""ON""]}, {""id"": 366, ""states"": [""ON""]}]",4,3,6,"[""[WALK] <lightswitch> (201)"", ""[SWITCHON] <lightswitch> (201)"", ""[WALK] <lightswitch> (249)"", ""[SWITCHON] <lightswitch> (249)"", ""[WALK] <lightswitch> (366)"", ""[SWITCHON] <lightswitch> (366)""]",False
state_change_task,test,test_task201,Turn on all lightswitches,Turn {state} all {object},on,lightswitches,,5,bedroom,"[{""id"": 103, ""states"": [""OFF""]}, {""id"": 201, ""states"": [""ON""]}, {""id"": 249, ""states"": [""ON""]}, {""id"": 366, ""states"": [""ON""]}]","[{""id"": 103, ""states"": [""ON""]}, {""id"": 201, ""states"": [""ON""]}, {""id"": 249, ""states"": [""ON""]}, {""id"": 366, ""states"": [""ON""]}]",4,1,2,"[""[WALK] <lightswitch> (103)"", ""[SWITCHON] <lightswitch> (103)""]",False
state_change_task,test,test_task202,Turn on all lightswitches,Turn {state} all {object},on,lightswitches,,5,bathroom,"[{""id"": 103, ""states"": [""OFF""]}, {""id"": 201, ""states"": [""ON""]}, {""id"": 249, ""states"": [""ON""]}, {""id"": 366, ""states"": [""OFF""]}]","[{""id"": 103, ""states"": [""ON""]}, {""id"": 201, ""states"": [""ON""]}, {""id"": 249, ""states"": [""ON""]}, {""id"": 366, ""states"": [""ON""]}]",4,2,4,"[""[WALK] <lightswitch> (103)"", ""[SWITCHON] <lightswitch> (103)"", ""[WALK] <lightswitch> (366)"", ""[SWITCHON] <lightswitch> (366)""]",False
state_change_task,test,test_task203,Turn on all lightswitches,Turn {state} all {object},on,lightswitches,,5,kitchen,"[{""id"": 103, ""states"": [""OFF""]}, {""id"": 201, ""states"": [""ON""]}, {""id"": 249, ""states"": [""OFF""]}, {""id"": 366, ""states"": [""ON""]}]","[{""id"": 103, ""states"": [""ON""]}, {""id"": 201, ""states"": [""ON""]}, {""id"": 249, ""states"": [""ON""]}, {""id"": 366, ""states"": [""ON""]}]",4,2,4,"[""[WALK] <lightswitch> (103)"", ""[SWITCHON] <lightswitch> (103)"", ""[WALK] <lightswitch> (249)"", ""[SWITCHON] <lightswitch> (249)""]",False
state_change_task,test,test_task204,Turn on all lightswitches,Turn {state} all {object},on,lightswitches,,5,bedroom,"[{""id"": 103, ""states"": [""OFF""]}, {""id"": 201, ""states"": [""ON""]}, {""id"": 249, ""states"": [""OFF""]}, {""id"": 366, ""states"": [""OFF""]}]","[{""id"": 103, ""states"": [""ON""]}, {""id"": 201, ""states"": [""ON""]}, {""id"": 249, ""states"": [""ON""]}, {""id"": 366, ""states"": [""ON""]}]",4,3,6,"[""[WALK] <lightswitch> (103)"", ""[SWITCHON] <lightswitch> (103)"", ""[WALK] <lightswitch> (249)"", ""[SWITCHON] <lightswitch> (249)"", ""[WALK] <lightswitch> (366)"", ""[SWITCHON] <lightswitch> (366)""]",False
state_change_task,test,test_task205,Turn on all lightswitches,Turn {state} all {object},on,lightswitches,,5,livingroom,"[{""id"": 103, ""states"": [""OFF""]}, {""id"": 201, ""states"": [""OFF""]}, {""id"": 249, ""states"": [""ON""]}, {""id"": 366, ""states"": [""ON""]}]","[{""id"": 103, ""states"": [""ON""]}, {""id"": 201, ""states"": [""ON""]}, {""id"": 249, ""states"": [""ON""]}, {""id"": 366, ""states"": [""ON""]}]",4,2,4,"[""[WALK] <lightswitch> (103)"", ""[SWITCHON] <lightswitch> (103)"", ""[WALK] <lightswitch> (201)"", ""[SWITCHON] <lightswitch> (201)""]",False
state_change_task,test,test_task206,Turn on all lightswitches,Turn {state} all {object},on,lightswitches,,5,kitchen,"[{""id"": 103, ""states"": [""OFF""]}, {""id"": 201, ""states"": [""OFF""]}, {""id"": 249, ""states"": [""ON""]}, {""id"": 366, ""states"": [""OFF""]}]","[{""id"": 103, ""states"": [""ON""]}, {""id"": 201, ""states"": [""ON""]}, {""id"": 249, ""states"": [""ON""]}, {""id"": 366, ""states"": [""ON""]}]",4,3,6,"[""[WALK] <lightswitch> (103)"", ""[SWITCHON] <lightswitch> (103)"", ""[WALK] <lightswitch> (201)"", ""[SWITCHON] <lightswitch> (201)"", ""[WALK] <lightswitch> (366)"", ""[SWITCHON] <lightswitch> (366)""]",False
state_change_task,test,test_task207,Turn on all lightswitches,Turn {state} all {object},on,lightswitches,,5,kitchen,"[{""id"": 103, ""states"": [""OFF""]}, {""id"": 201, ""states"": [""OFF""]}, {""id"": 249, ""states"": [""OFF""]}, {""id"": 366, ""states"": [""ON""]}]","[{""id"": 103, ""states"": [""ON""]}, {""id"": 201, ""states"": [""ON""]}, {""id"": 249, ""states"": [""ON""]}, {""id"": 366, ""states"": [""ON""]}]",4,3,6,"[""[WALK] <lightswitch> (103)"", ""[SWITCHON] <lightswitch> (103)"", ""[WALK] <lightswitch> (201)"", ""[SWITCHON] <lightswitch> (201)"", ""[WALK] <lightswitch> (249)"", ""[SWITCHON] <lightswitch> (249)""]",False
state_change_task,test,test_task208,Turn on all lightswitches,Turn {state} all {object},on,lightswitches,,5,bedroom,"[{""id"": 103, ""states"": [""OFF""]}, {""id"": 201, ""states"": [""OFF""]}, {""id"": 249, ""states"": [""OFF""]}, {""id"": 366, ""states"": [""OFF""]}]","[{""id"": 103, ""states"": [""ON""]}, {""id"": 201, ""states"": [""ON""]}, {""id"": 249, ""states"": [""ON""]}, {""id"": 366, ""states"": [""ON""]}]",4,4,8,"[""[WALK] <lightswitch> (103)"", ""[SWITCHON] <lightswitch> (103)"", ""[WALK] <lightswitch> (201)"", ""[SWITCHON] <lightswitch> (201)"", ""[WALK] <lightswitch> (249)"", ""[SWITCHON] <lightswitch> (249)"", ""[WALK] <lightswitch> (366)"", ""[SWITCHON] <lightswitch> (366)""]",False
state_change_task,test,test_task209,Turn on all tvs,Turn {state} all {object},on,tvs,,5,bedroom,"[{""id"": 108, ""states"": [""ON""]}, {""id"": 200, ""states"": [""ON""]}]","[{""id"": 108, ""states"": [""ON""]}, {""id"": 200, ""states"": [""ON""]}]",2,0,0,[],True
state_change_task,test,test_task210,Turn on all tvs,Turn {state} all {object},on,tvs,,5,livingroom,"[{""id"": 108, ""states"": [""ON""]}, {""id"": 200, ""states"": [""OFF""]}]","[{""id"": 108, ""states"": [""ON""]}, {""id"": 200, ""states"": [""ON""]}]",2,1,2,"[""[WALK] <tv> (200)"", ""[SWITCHON] <tv> (200)""]",False
state_change_task,test,test_task211,Turn on all tvs,Turn {state} all {object},on,tvs,,5,bathroom,"[{""id"": 108, ""states"": [""OFF""]}, {""id"": 200, ""states"": [""ON""]}]","[{""id"": 108, ""states"": [""ON""]}, {""id"": 200, ""states"": [""ON""]}]",2,1,2,"[""[WALK] <tv> (108)"", ""[SWITCHON] <tv> (108)""]",False
state_change_task,test,test_task212,Turn on all tvs,Turn {state} all {object},on,tvs,,5,bathroom,"[{""id"": 108, ""states"": [""OFF""]}, {""id"": 200, ""states"": [""OFF""]}]","[{""id"": 108, ""states"": [""ON""]}, {""id"": 200, ""states"": [""ON""]}]",2,2,4,"[""[WALK] <tv> (108)"", ""[SWITCHON] <tv> (108)"", ""[WALK] <tv> (200)"", ""[SWITCHON] <tv> (200)""]",False
state_change_task,test,test_task213,Turn off all tablelamps,Turn {state} all {object},off,tablelamps,,5,kitchen,"[{""id"": 78, ""states"": [""ON""]}, {""id"": 229, ""states"": [""ON""]}]","[{""id"": 78, ""states"": [""OFF""]}, {""id"": 229, ""states"": [""OFF""]}]",2,2,4,"[""[WALK] <tablelamp> (78)"", ""[SWITCHOFF] <tablelamp> (78)"", ""[WALK] <tablelamp> (229)"", ""[SWITCHOFF] <tablelamp> (229)""]",False
state_change_task,test,test_task214,Turn off all tablelamps,Turn {state} all {object},off,tablelamps,,5,kitchen,"[{""id"": 78, ""states"": [""ON""]}, {""id"": 229, ""states"": [""OFF""]}]","[{""id"": 78, ""states"": [""OFF""]}, {""id"": 229, ""states"": [""OFF""]}]",2,1,2,"[""[WALK] <tablelamp> (78)"", ""[SWITCHOFF] <tablelamp> (78)""]",False
state_change_task,test,test_task215,Turn off all tablelamps,Turn {state} all {object},off,tablelamps,,5,kitchen,"[{""id"": 78, ""states"": [""OFF""]}, {""id"": 229, ""states"": [""ON""]}]","[{""id"": 78, ""states"": [""OFF""]}, {""id"": 229, ""states"": [""OFF""]}]",2,1,2,"[""[WALK] <tablelamp> (229)"", ""[SWITCHOFF] <tablelamp> (229)""]",False
state_change_task,test,test_task216,Turn off all tablelamps,Turn {state} all {object},off,tablelamps,,5,kitchen,"[{""id"": 78, ""states"": [""OFF""]}, {""id"": 229, ""states"": [""OFF""]}]","[{""id"": 78, ""states"": [""OFF""]}, {""id"": 229, ""states"": [""OFF""]}]",2,0,0,[],True
state_change_task,test,test_task217,Turn off all lightswitches,Turn {state} all {object},off,lightswitches,,5,bedroom,"[{""id"": 103, ""states"": [""ON""]}, {""id"": 201, ""states"": [""ON""]}, {""id"": 249, ""states"": [""ON""]}, {""id"": 366, ""states"": [""ON""]}]","[{""id"": 103, ""states"": [""OFF""]}, {""id"": 201, ""states"": [""OFF""]}, {""id"": 249, ""states"": [""OFF""]}, {""id"": 366, ""states"": [""OFF""]}]",4,4,8,"[""[WALK] <lightswitch> (103)"", ""[SWITCHOFF] <lightswitch> (103)"", ""[WALK] <lightswitch> (201)"", ""[SWITCHOFF] <lightswitch> (201)"", ""[WALK] <lightswitch> (249)"", ""[SWITCHOFF] <lightswitch> (249)"", ""[WALK] <lightswitch> (366)"", ""[SWITCHOFF] <lightswitch> (366)""]",False
state_change_task,test,test_task218,Turn off all lightswitches,Turn {state} all {object},off,lightswitches,,5,kitchen,"[{""id"": 103, ""states"": [""ON""]}, {""id"": 201, ""states"": [""ON""]}, {""id"": 249, ""states"": [""ON""]}, {""id"": 366, ""states"": [""OFF""]}]","[{""id"": 103, ""states"": [""OFF""]}, {""id"": 201, ""states"": [""OFF""]}, {""id"": 249, ""states"": [""OFF""]}, {""id"": 366, ""states"": [""OFF""]}]",4,3,6,"[""[WALK] <lightswitch> (103)"", ""[SWITCHOFF] <lightswitch> (103)"", ""[WALK] <lightswitch> (201)"", ""[SWITCHOFF] <lightswitch> (201)"", ""[WALK] <lightswitch> (249)"", ""[SWITCHOFF] <lightswitch> (249)""]",False
state_change_task,test,test_task219,Turn off all lightswitches,Turn {state} all {object},off,lightswitches,,5,kitchen,"[{""id"": 103, ""states"": [""ON""]}, {""id"": 201, ""states"": [""ON""]}, {""id"": 249, ""states"": [""OFF""]}, {""id"": 366, ""states"": [""ON""]}]","[{""id"": 103, ""states"": [""OFF""]}, {""id"": 201, ""states"": [""OFF""]}, {""id"": 249, ""states"": [""OFF""]}, {""id"": 366, ""states"": [""OFF""]}]",4,3,6,"[""[WALK] <lightswitch> (103)"", ""[SWITCHOFF] <lightswitch> (103)"", ""[WALK] <lightswitch> (201)"", ""[SWITCHOFF] <lightswitch> (201)"", ""[WALK] <lightswitch> (366)"", ""[SWITCHOFF] <lightswitch> (366)""]",False
state_change_task,test,test_task220,Turn off all lightswitches,Turn {state} all {object},off,lightswitches,,5,bathroom,"[{""id"": 103, ""states"": [""ON""]}, {""id"": 201, ""states"": [""ON""]}, {""id"": 249, ""states"": [""OFF""]}, {""id"": 366, ""states"": [""OFF""]}]","[{""id"": 103, ""states"": [""OFF""]}, {""id"": 201, ""states"": [""OFF""]}, {""id"": 249, ""states"": [""OFF""]}, {""id"": 366, ""states"": [""OFF""]}]",4,2,4,"[""[WALK] <lightswitch> (103)"", ""[SWITCHOFF] <lightswitch> (103)"", ""[WALK] <lightswitch> (201)"", ""[SWITCHOFF] <lightswitch> (201)""]",False
state_change_task,test,test_task221,Turn off all lightswitches,Turn {state} all {object},off,lightswitches,,5,bathroom,"[{""id"": 103, ""states"": [""ON""]}, {""id"": 201, ""states"": [""OFF""]}, {""id"": 249, ""states"": [""ON""]}, {""id"": 366, ""states"": [""ON""]}]","[{""id"": 103, ""states"": [""OFF""]}, {""id"": 201, ""states"": [""OFF""]}, {""id"": 249, ""states"": [""OFF""]}, {""id"": 366, ""states"": [""OFF""]}]",4,3,6,"[""[WALK] <lightswitch> (103)"", ""[SWITCHOFF] <lightswitch> (103)"", ""[WALK] <lightswitch> (249)"", ""[SWITCHOFF] <lightswitch> (249)"", ""[WALK] <lightswitch> (366)"", ""[SWITCHOFF] <lightswitch> (366)""]",False
state_change_task,test,test_task222,Turn off all lightswitches,Turn {state} all {object},off,lightswitches,,5,livingroom,"[{""id"": 103, ""states"": [""ON""]}, {""id"": 201, ""states"": [""OFF""]}, {""id"": 249, ""states"": [""ON""]}, {""id"": 366, ""states"": [""OFF""]}]","[{""id"": 103, ""states"": [""OFF""]}, {""id"": 201, ""states"": [""OFF""]}, {""id"": 249, ""states"": [""OFF""]}, {""id"": 366, ""states"": [""OFF""]}]",4,2,4,"[""[WALK] <lightswitch> (103)"", ""[SWITCHOFF] <lightswitch> (103)"", ""[WALK] <lightswitch> (249)"", ""[SWITCHOFF] <lightswitch> (249)""]",False
state_change_task,test,test_task223,Turn off all lightswitches,Turn {state} all {object},off,lightswitches,,5,kitchen,"[{""id"": 103, ""states"": [""ON""]}, {""id"": 201, ""states"": [""OFF""]}, {""id"": 249, ""states"": [""OFF""]}, {""id"": 366, ""states"": [""ON""]}]","[{""id"": 103, ""states"": [""OFF""]}, {""id"": 201, ""states"": [""OFF""]}, {""id"": 249, ""states"": [""OFF""]}, {""id"": 366, ""states"": [""OFF""]}]",4,2,4,"[""[WALK] <lightswitch> (103)"", ""[SWITCHOFF] <lightswitch> (103)"", ""[WALK] <lightswitch> (366)"", ""[SWITCHOFF] <lightswitch> (366)""]",False
state_change_task,test,test_task224,Turn off all lightswitches,Turn {state} all {object},off,lightswitches,,5,livingroom,"[{""id"": 103, ""states"": [""ON""]}, {""id"": 201, ""states"": [""OFF""]}, {""id"": 249, ""states"": [""OFF""]}, {""id"": 366, ""states"": [""OFF""]}]","[{""id"": 103, ""states"": [""OFF""]}, {""id"": 201, ""states"": [""OFF""]}, {""id"": 249, ""states"": [""OFF""]}, {""id"": 366, ""states"": [""OFF""]}]",4,1,2,"[""[WALK] <lightswitch> (103)"", ""[SWITCHOFF] <lightswitch> (103)""]",False
state_change_task,test,test_task225,Turn off all lightswitches,Turn {state} all {object},off,lightswitches,,5,livingroom,"[{""id"": 103, ""states"": [""OFF""]}, {""id"": 201, ""states"": [""ON""]}, {""id"": 249, ""states"": [""ON""]}, {""id"": 366, ""states"": [""ON""]}]","[{""id"": 103, ""states"": [""OFF""]}, {""id"": 201, ""states"": [""OFF""]}, {""id"": 249, ""states"": [""OFF""]}, {""id"": 366, ""states"": [""OFF""]}]",4,3,6,"[""[WALK] <lightswitch> (201)"", ""[SWITCHOFF] <lightswitch> (201)"", ""[WALK] <lightswitch> (249)"", ""[SWITCHOFF] <lightswitch> (249)"", ""[WALK] <lightswitch> (366)"", ""[SWITCHOFF] <lightswitch> (366)""]",False
state_change_task,test,test_task226,Turn off all lightswitches,Turn {state} all {object},off,lightswitches,,5,bathroom,"[{""id"": 103, ""states"": [""OFF""]}, {""id"": 201, ""states"": [""ON""]}, {""id"": 249, ""states"": [""ON""]}, {""id"": 366, ""states"": [""OFF""]}]","[{""id"": 103, ""states"": [""OFF""]}, {""id"": 201, ""states"": [""OFF""]}, {""id"": 249, ""states"": [""OFF""]}, {""id"": 366, ""states"": [""OFF""]}]",4,2,4,"[""[WALK] <lightswitch> (201)"", ""[SWITCHOFF] <lightswitch> (201)"", ""[WALK] <lightswitch> (249)"", ""[SWITCHOFF] <lightswitch> (249)""]",False
state_change_task,test,test_task227,Turn off all lightswitches,Turn {state} all {object},off,lightswitches,,5,livingroom,"[{""id"": 103, ""states"": [""OFF""]}, {""id"": 201, ""states"": [""ON""]}, {""id"": 249, ""states"": [""OFF""]}, {""id"": 366, ""states"": [""ON""]}]","[{""id"": 103, ""states"": [""OFF""]}, {""id"": 201, ""states"": [""OFF""]}, {""id"": 249, ""states"": [""OFF""]}, {""id"": 366, ""states"": [""OFF""]}]",4,2,4,"[""[WALK] <lightswitch> (201)"", ""[SWITCHOFF] <lightswitch> (201)"", ""[WALK] <lightswitch> (366)"", ""[SWITCHOFF] <lightswitch> (366)""]",False
state_change_task,test,test_task228,Turn off all lightswitches,Turn {state} all {object},off,lightswitches,,5,bedroom,"[{""id"": 103, ""states"": [""OFF""]}, {""id"": 201, ""states"": [""ON""]}, {""id"": 249, ""states"": [""OFF""]}, {""id"": 366, ""states"": [""OFF""]}]","[{""id"": 103, ""states"": [""OFF""]}, {""id"": 201, ""states"": [""OFF""]}, {""id"": 249, ""states"": [""OFF""]}, {""id"": 366, ""states"": [""OFF""]}]",4,1,2,"[""[WALK] <lightswitch> (201)"", ""[SWITCHOFF] <lightswitch> (201)""]",False
state_change_task,test,test_task229,Turn off all lightswitches,Turn {state} all {object},off,lightswitches,,5,bathroom,"[{""id"": 103, ""states"": [""OFF""]}, {""id"": 201, ""states"": [""OFF""]}, {""id"": 249, ""states"": [""ON""]}, {""id"": 366, ""states"": [""ON""]}]","[{""id"": 103, ""states"": [""OFF""]}, {""id"": 201, ""states"": [""OFF""]}, {""id"": 249, ""states"": [""OFF""]}, {""id"": 366, ""states"": [""OFF""]}]",4,2,4,"[""[WALK] <lightswitch> (249)"", ""[SWITCHOFF] <lightswitch> (249)"", ""[WALK] <lightswitch> (366)"", ""[SWITCHOFF] <lightswitch> (366)""]",False
state_change_task,test,test_task230,Turn off all lightswitches,Turn {state} all {object},off,lightswitches,,5,kitchen,"[{""id"": 103, ""states"": [""OFF""]}, {""id"": 201, ""states"": [""OFF""]}, {""id"": 249, ""states"": [""ON""]}, {""id"": 366, ""states"": [""OFF""]}]","[{""id"": 103, ""states"": [""OFF""]}, {""id"": 201, ""states"": [""OFF""]}, {""id"": 249, ""states"": [""OFF""]}, {""id"": 366, ""states"": [""OFF""]}]",4,1,2,"[""[WALK] <lightswitch> (249)"", ""[SWITCHOFF] <lightswitch> (249)""]",False
state_change_task,test,test_task231,Turn off all lightswitches,Turn {state} all {object},off,lightswitches,,5,kitchen,"[{""id"": 103, ""states"": [""OFF""]}, {""id"": 201, ""states"": [""OFF""]}, {""id"": 249, ""states"": [""OFF""]}, {""id"": 366, ""states"": [""ON""]}]","[{""id"": 103, ""states"": [""OFF""]}, {""id"": 201, ""states"": [""OFF""]}, {""id"": 249, ""states"": [""OFF""]}, {""id"": 366, ""states"": [""OFF""]}]",4,1,2,"[""[WALK] <lightswitch> (366)"", ""[SWITCHOFF] <lightswitch> (366)""]",False
state_change_task,test,test_task232,Turn off all lightswitches,Turn {state} all {object},off,lightswitches,,5,livingroom,"[{""id"": 103, ""states"": [""OFF""]}, {""id"": 201, ""states"": [""OFF""]}, {""id"": 249, ""states"": [""OFF""]}, {""id"": 366, ""states"": [""OFF""]}]","[{""id"": 103, ""states"": [""OFF""]}, {""id"": 201, ""states"": [""OFF""]}, {""id"": 249, ""states"": [""OFF""]}, {""id"": 366, ""states"": [""OFF""]}]",4,0,0,[],True
state_change_task,test,test_task233,Turn off all tvs,Turn {state} all {object},off,tvs,,5,bedroom,"[{""id"": 108, ""states"": [""ON""]}, {""id"": 200, ""states"": [""ON""]}]","[{""id"": 108, ""states"": [""OFF""]}, {""id"": 200, ""states"": [""OFF""]}]",2,2,4,"[""[WALK] <tv> (108)"", ""[SWITCHOFF] <tv> (108)"", ""[WALK] <tv> (200)"", ""[SWITCHOFF] <tv> (200)""]",False
state_change_task,test,test_task234,Turn off all tvs,Turn {state} all {object},off,tvs,,5,kitchen,"[{""id"": 108, ""states"": [""ON""]}, {""id"": 200, ""states"": [""OFF""]}]","[{""id"": 108, ""states"": [""OFF""]}, {""id"": 200, ""states"": [""OFF""]}]",2,1,2,"[""[WALK] <tv> (108)"", ""[SWITCHOFF] <tv> (108)""]",False
state_change_task,test,test_task235,Turn off all tvs,Turn {state} all {object},off,tvs,,5,bedroom,"[{""id"": 108, ""states"": [""OFF""]}, {""id"": 200, ""states"": [""ON""]}]","[{""id"": 108, ""states"": [""OFF""]}, {""id"": 200, ""states"": [""OFF""]}]",2,1,2,"[""[WALK] <tv> (200)"", ""[SWITCHOFF] <tv> (200)""]",False
state_change_task,test,test_task236,Turn off all tvs,Turn {state} all {object},off,tvs,,5,kitchen,"[{""id"": 108, ""states"": [""OFF""]}, {""id"": 200, ""states"": [""OFF""]}]","[{""id"": 108, ""states"": [""OFF""]}, {""id"": 200, ""states"": [""OFF""]}]",2,0,0,[],True
state_change_task,test,test_task237,Turn on all lightswitches,Turn {state} all {object},on,lightswitches,,6,kitchen,"[{""id"": 67, ""states"": [""ON""]}, {""id"": 110, ""states"": [""ON""]}, {""id"": 205, ""states"": [""ON""]}, {""id"": 315, ""states"": [""ON""]}]","[{""id"": 67, ""states"": [""ON""]}, {""id"": 110, ""states"": [""ON""]}, {""id"": 205, ""states"": [""ON""]}, {""id"": 315, ""states"": [""ON""]}]",4,0,0,[],True
state_change_task,test,test_task238,Turn on all lightswitches,Turn {state} all {object},on,lightswitches,,6,livingroom,"[{""id"": 67, ""states"": [""ON""]}, {""id"": 110, ""states"": [""ON""]}, {""id"": 205, ""states"": [""ON""]}, {""id"": 315, ""states"": [""OFF""]}]","[{""id"": 67, ""states"": [""ON""]}, {""id"": 110, ""states"": [""ON""]}, {""id"": 205, ""states"": [""ON""]}, {""id"": 315, ""states"": [""ON""]}]",4,1,2,"[""[WALK] <lightswitch> (315)"", ""[SWITCHON] <lightswitch> (315)""]",False
state_change_task,test,test_task239,Turn on all lightswitches,Turn {state} all {object},on,lightswitches,,6,bedroom,"[{""id"": 67, ""states"": [""ON""]}, {""id"": 110, ""states"": [""ON""]}, {""id"": 205, ""states"": [""OFF""]}, {""id"": 315, ""states"": [""ON""]}]","[{""id"": 67, ""states"": [""ON""]}, {""id"": 110, ""states"": [""ON""]}, {""id"": 205, ""states"": [""ON""]}, {""id"": 315, ""states"": [""ON""]}]",4,1,2,"[""[WALK] <lightswitch> (205)"", ""[SWITCHON] <lightswitch> (205)""]",False
state_change_task,test,test_task240,Turn on all lightswitches,Turn {state} all {object},on,lightswitches,,6,kitchen,"[{""id"": 67, ""states"": [""ON""]}, {""id"": 110, ""states"": [""ON""]}, {""id"": 205, ""states"": [""OFF""]}, {""id"": 315, ""states"": [""OFF""]}]","[{""id"": 67, ""states"": [""ON""]}, {""id"": 110, ""states"": [""ON""]}, {""id"": 205, ""states"": [""ON""]}, {""id"": 315, ""states"": [""ON""]}]",4,2,4,"[""[WALK] <lightswitch> (205)"", ""[SWITCHON] <lightswitch> (205)"", ""[WALK] <lightswitch> (315)"", ""[SWITCHON] <lightswitch> (315)""]",False
state_change_task,test,test_task241,Turn on all lightswitches,Turn {state} all {object},on,lightswitches,,6,kitchen,"[{""id"": 67, ""states"": [""ON""]}, {""id"": 110, ""states"": [""OFF""]}, {""id"": 205, ""states"": [""ON""]}, {""id"": 315, ""states"": [""ON""]}]","[{""id"": 67, ""states"": [""ON""]}, {""id"": 110, ""states"": [""ON""]}, {""id"": 205, ""states"": [""ON""]}, {""id"": 315, ""states"": [""ON""]}]",4,1,2,"[""[WALK] <lightswitch> (110)"", ""[SWITCHON] <lightswitch> (110)""]",False
state_change_task,test,test_task242,Turn on all lightswitches,Turn {state} all {object},on,lightswitches,,6,livingroom,"[{""id"": 67, ""states"": [""ON""]}, {""id"": 110, ""states"": [""OFF""]}, {""id"": 205, ""states"": [""ON""]}, {""id"": 315, ""states"": [""OFF""]}]","[{""id"": 67, ""states"": [""ON""]}, {""id"": 110, ""states"": [""ON""]}, {""id"": 205, ""states"": [""ON""]}, {""id"": 315, ""states"": [""ON""]}]",4,2,4,"[""[WALK] <lightswitch> (110)"", ""[SWITCHON] <lightswitch> (110)"", ""[WALK] <lightswitch> (315)"", ""[SWITCHON] <lightswitch> (315)""]",False
state_change_task,test,test_task243,Turn on all lightswitches,Turn {state} all {object},on,lightswitches,,6,bathroom,"[{""id"": 67, ""states"": [""ON""]}, {""id"": 110, ""states"": [""OFF""]}, {""id"": 205, ""states"": [""OFF""]}, {""id"": 315, ""states"": [""ON""]}]","[{""id"": 67, ""states"": [""ON""]}, {""id"": 110, ""states"": [""ON""]}, {""id"": 205, ""states"": [""ON""]}, {""id"": 315, ""states"": [""ON""]}]",4,2,4,"[""[WALK] <lightswitch> (110)"", ""[SWITCHON] <lightswitch> (110)"", ""[WALK] <lightswitch> (205)"", ""[SWITCHON] <lightswitch> (205)""]",False
state_change_task,test,test_task244,Turn on all lightswitches,Turn {state} all {object},on,lightswitches,,6,kitchen,"[{""id"": 67, ""states"": [""ON""]}, {""id"": 110, ""states"": [""OFF""]}, {""id"": 205, ""states"": [""OFF""]}, {""id"": 315, ""states"": [""OFF""]}]","[{""id"": 67, ""states"": [""ON""]}, {""id"": 110, ""states"": [""ON""]}, {""id"": 205, ""states"": [""ON""]}, {""id"": 315, ""states"": [""ON""]}]",4,3,6,"[""[WALK] <lightswitch> (110)"", ""[SWITCHON] <lightswitch> (110)"", ""[WALK] <lightswitch> (205)"", ""[SWITCHON] <lightswitch> (205)"", ""[WALK] <lightswitch> (315)"", ""[SWITCHON] <lightswitch> (315)""]",False
state_change_task,test,test_task245,Turn on all lightswitches,Turn {state} all {object},on,lightswitches,,6,bathroom,"[{""id"": 67, ""states"": [""OFF""]}, {""id"": 110, ""states"": [""ON""]}, {""id"": 205, ""states"": [""ON""]}, {""id"": 315, ""states"": [""ON""]}]","[{""id"": 67, ""states"": [""ON""]}, {""id"": 110, ""states"": [""ON""]}, {""id"": 205, ""states"": [""ON""]}, {""id"": 315, ""states"": [""ON""]}]",4,1,2,"[""[WALK] <lightswitch> (67)"", ""[SWITCHON] <lightswitch> (67)""]",False
state_change_task,test,test_task246,Turn on all lightswitches,Turn {state} all {object},on,lightswitches,,6,livingroom,"[{""id"": 67, ""states"": [""OFF""]}, {""id"": 110, ""states"": [""ON""]}, {""id"": 205, ""states"": [""ON""]}, {""id"": 315, ""states"": [""OFF""]}]","[{""id"": 67, ""states"": [""ON""]}, {""id"": 110, ""states"": [""ON""]}, {""id"": 205, ""states"": [""ON""]}, {""id"": 315, ""states"": [""ON""]}]",4,2,4,"[""[WALK] <lightswitch> (67)"", ""[SWITCHON] <lightswitch> (67)"", ""[WALK] <lightswitch> (315)"", ""[SWITCHON] <lightswitch> (315)""]",False
state_change_task,test,test_task247,Turn on all lightswitches,Turn {state} all {object},on,lightswitches,,6,bathroom,"[{""id"": 67, ""states"": [""OFF""]}, {""id"": 110, ""states"": [""ON""]}, {""id"": 205, ""states"": [""OFF""]}, {""id"": 315, ""states"": [""ON""]}]","[{""id"": 67, ""states"": [""ON""]}, {""id"": 110, ""states"": [""ON""]}, {""id"": 205, ""states"": [""ON""]}, {""id"": 315, ""states"": [""ON""]}]",4,2,4,"[""[WALK] <lightswitch> (67)"", ""[SWITCHON] <lightswitch> (67)"", ""[WALK] <lightswitch> (205)"", ""[SWITCHON] <lightswitch> (205)""]",False
state_change_task,test,test_task248,Turn on all lightswitches,Turn {state} all {object},on,lightswitches,,6,livingroom,"[{""id"": 67, ""states"": [""OFF""]}, {""id"": 110, ""states"": [""ON""]}, {""id"": 205, ""states"": [""OFF""]}, {""id"": 315, ""states"": [""OFF""]}]","[{""id"": 67, ""states"": [""ON""]}, {""id"": 110, ""states"": [""ON""]}, {""id"": 205, ""states"": [""ON""]}, {""id"": 315, ""states"": [""ON""]}]",4,3,6,"[""[WALK] <lightswitch> (67)"", ""[SWITCHON] <lightswitch> (67)"", ""[WALK] <lightswitch> (205)"", ""[SWITCHON] <lightswitch> (205)"", ""[WALK] <lightswitch> (315)"", ""[SWITCHON] <lightswitch> (315)""]",False
state_change_task,test,test_task249,Turn on all lightswitches,Turn {state} all {object},on,lightswitches,,6,bedroom,"[{""id"": 67, ""states"": [""OFF""]}, {""id"": 110, ""states"": [""OFF""]}, {""id"": 205, ""states"": [""ON""]}, {""id"": 315, ""states"": [""ON""]}]","[{""id"": 67, ""states"": [""ON""]}, {""id"": 110, ""states"": [""ON""]}, {""id"": 205, ""states"": [""ON""]}, {""id"": 315, ""states"": [""ON""]}]",4,2,4,"[""[WALK] <lightswitch> (67)"", ""[SWITCHON] <lightswitch> (67)"", ""[WALK] <lightswitch> (110)"", ""[SWITCHON] <lightswitch> (110)""]",False
state_change_task,test,test_task250,Turn on all lightswitches,Turn {state} all {object},on,lightswitches,,6,bedroom,"[{""id"": 67, ""states"": [""OFF""]}, {""id"": 110, ""states"": [""OFF""]}, {""id"": 205, ""states"": [""ON""]}, {""id"": 315, ""states"": [""OFF""]}]","[{""id"": 67, ""states"": [""ON""]}, {""id"": 110, ""states"": [""ON""]}, {""id"": 205, ""states"": [""ON""]}, {""id"": 315, ""states"": [""ON""]}]",4,3,6,"[""[WALK] <lightswitch> (67)"", ""[SWITCHON] <lightswitch> (67)"", ""[WALK] <lightswitch> (110)"", ""[SWITCHON] <lightswitch> (110)"", ""[WALK] <lightswitch> (315)"", ""[SWITCHON] <lightswitch> (315)""]",False
state_change_task,test,test_task251,Turn on all lightswitches,Turn {state} all {object},on,lightswitches,,6,bathroom,"[{""id"": 67, ""states"": [""OFF""]}, {""id"": 110, ""states"": [""OFF""]}, {""id"": 205, ""states"": [""OFF""]}, {""id"": 315, ""states"": [""ON""]}]","[{""id"": 67, ""states"": [""ON""]}, {""id"": 110, ""states"": [""ON""]}, {""id"": 205, ""states"": [""ON""]}, {""id"": 315, ""states"": [""ON""]}]",4,3,6,"[""[WALK] <lightswitch> (67)"", ""[SWITCHON] <lightswitch> (67)"", ""[WALK] <lightswitch> (110)"", ""[SWITCHON] <lightswitch> (110)"", ""[WALK] <lightswitch> (205)"", ""[SWITCHON] <lightswitch> (205)""]",False
state_change_task,test,test_task252,Turn on all lightswitches,Turn {state} all {object},on,lightswitches,,6,bedroom,"[{""id"": 67, ""states"": [""OFF""]}, {""id"": 110, ""states"": [""OFF""]}, {""id"": 205, ""states"": [""OFF""]}, {""id"": 315, ""states"": [""OFF""]}]","[{""id"": 67, ""states"": [""ON""]}, {""id"": 110, ""states"": [""ON""]}, {""id"": 205, ""states"": [""ON""]}, {""id"": 315, ""states"": [""ON""]}]",4,4,8,"[""[WALK] <lightswitch> (67)"", ""[SWITCHON] <lightswitch> (67)"", ""[WALK] <lightswitch> (110)"", ""[SWITCHON] <lightswitch> (110)"", ""[WALK] <lightswitch> (205)"", ""[SWITCHON] <lightswitch> (205)"", ""[WALK] <lightswitch> (315)"", ""[SWITCHON] <lightswitch> (315)""]",False
state_change_task,test,test_task253,Turn on all tvs,Turn {state} all {object},on,tvs,,6,livingroom,"[{""id"": 207, ""states"": [""ON""]}, {""id"": 314, ""states"": [""ON""]}]","[{""id"": 207, ""states"": [""ON""]}, {""id"": 314, ""states"": [""ON""]}]",2,0,0,[],True
state_change_task,test,test_task254,Turn on all tvs,Turn {state} all {object},on,tvs,,6,livingroom,"[{""id"": 207, ""states"": [""ON""]}, {""id"": 314, ""states"": [""OFF""]}]","[{""id"": 207, ""states"": [""ON""]}, {""id"": 314, ""states"": [""ON""]}]",2,1,2,"[""[WALK] <tv> (314)"", ""[SWITCHON] <tv> (314)""]",False
state_change_task,test,test_task255,Turn on all tvs,Turn {state} all {object},on,tvs,,6,livingroom,"[{""id"": 207, ""states"": [""OFF""]}, {""id"": 314, ""states"": [""ON""]}]","[{""id"": 207, ""states"": [""ON""]}, {""id"": 314, ""states"": [""ON""]}]",2,1,2,"[""[WALK] <tv> (207)"", ""[SWITCHON] <tv> (207)""]",False
state_change_task,test,test_task256,Turn on all tvs,Turn {state} all {object},on,tvs,,6,kitchen,"[{""id"": 207, ""states"": [""OFF""]}, {""id"": 314, ""states"": [""OFF""]}]","[{""id"": 207, ""states"": [""ON""]}, {""id"": 314, ""states"": [""ON""]}]",2,2,4,"[""[WALK] <tv> (207)"", ""[SWITCHON] <tv> (207)"", ""[WALK] <tv> (314)"", ""[SWITCHON] <tv> (314)""]",False
state_change_task,test,test_task257,Turn off all lightswitches,Turn {state} all {object},off,lightswitches,,6,bathroom,"[{""id"": 67, ""states"": [""ON""]}, {""id"": 110, ""states"": [""ON""]}, {""id"": 205, ""states"": [""ON""]}, {""id"": 315, ""states"": [""ON""]}]","[{""id"": 67, ""states"": [""OFF""]}, {""id"": 110, ""states"": [""OFF""]}, {""id"": 205, ""states"": [""OFF""]}, {""id"": 315, ""states"": [""OFF""]}]",4,4,8,"[""[WALK] <lightswitch> (67)"", ""[SWITCHOFF] <lightswitch> (67)"", ""[WALK] <lightswitch> (110)"", ""[SWITCHOFF] <lightswitch> (110)"", ""[WALK] <lightswitch> (205)"", ""[SWITCHOFF] <lightswitch> (205)"", ""[WALK] <lightswitch> (315)"", ""[SWITCHOFF] <lightswitch> (315)""]",False
state_change_task,test,test_task258,Turn off all lightswitches,Turn {state} all {object},off,lightswitches,,6,bathroom,"[{""id"": 67, ""states"": [""ON""]}, {""id"": 110, ""states"": [""ON""]}, {""id"": 205, ""states"": [""ON""]}, {""id"": 315, ""states"": [""OFF""]}]","[{""id"": 67, ""states"": [""OFF""]}, {""id"": 110, ""states"": [""OFF""]}, {""id"": 205, ""states"": [""OFF""]}, {""id"": 315, ""states"": [""OFF""]}]",4,3,6,"[""[WALK] <lightswitch> (67)"", ""[SWITCHOFF] <lightswitch> (67)"", ""[WALK] <lightswitch> (110)"", ""[SWITCHOFF] <lightswitch> (110)"", ""[WALK] <lightswitch> (205)"", ""[SWITCHOFF] <lightswitch> (205)""]",False
state_change_task,test,test_task259,Turn off all lightswitches,Turn {state} all {object},off,lightswitches,,6,kitchen,"[{""id"": 67, ""states"": [""ON""]}, {""id"": 110, ""states"": [""ON""]}, {""id"": 205, ""states"": [""OFF""]}, {""id"": 315, ""states"": [""ON""]}]","[{""id"": 67, ""states"": [""OFF""]}, {""id"": 110, ""states"": [""OFF""]}, {""id"": 205, ""states"": [""OFF""]}, {""id"": 315, ""states"": [""OFF""]}]",4,3,6,"[""[WALK] <lightswitch> (67)"", ""[SWITCHOFF] <lightswitch> (67)"", ""[WALK] <lightswitch> (110)"", ""[SWITCHOFF] <lightswitch> (110)"", ""[WALK] <lightswitch> (315)"", ""[SWITCHOFF] <lightswitch> (315)""]",False
state_change_task,test,test_task260,Turn off all lightswitches,Turn {state} all {object},off,lightswitches,,6,bedroom,"[{""id"": 67, ""states"": [""ON""]}, {""id"": 110, ""states"": [""ON""]}, {""id"": 205, ""states"": [""OFF""]}, {""id"": 315, ""states"": [""OFF""]}]","[{""id"": 67, ""states"": [""OFF""]}, {""id"": 110, ""states"": [""OFF""]}, {""id"": 205, ""states"": [""OFF""]}, {""id"": 315, ""states"": [""OFF""]}]",4,2,4,"[""[WALK] <lightswitch> (67)"", ""[SWITCHOFF] <lightswitch> (67)"", ""[WALK] <lightswitch> (110)"", ""[SWITCHOFF] <lightswitch> (110)""]",False
state_change_task,test,test_task261,Turn off all lightswitches,Turn {state} all {object},off,lightswitches,,6,kitchen,"[{""id"": 67, ""states"": [""ON""]}, {""id"": 110, ""states"": [""OFF""]}, {""id"": 205, ""states"": [""ON""]}, {""id"": 315, ""states"": [""ON""]}]","[{""id"": 67, ""states"": [""OFF""]}, {""id"": 110, ""states"": [""OFF""]}, {""id"": 205, ""states"": [""OFF""]}, {""id"": 315, ""states"": [""OFF""]}]",4,3,6,"[""[WALK] <lightswitch> (67)"", ""[SWITCHOFF] <lightswitch> (67)"", ""[WALK] <lightswitch> (205)"", ""[SWITCHOFF] <lightswitch> (205)"", ""[WALK] <lightswitch> (315)"", ""[SWITCHOFF] <lightswitch> (315)""]",False
state_change_task,test,test_task262,Turn off all lightswitches,Turn {state} all {object},off,lightswitches,,6,kitchen,"[{""id"": 67, ""states"": [""ON""]}, {""id"": 110, ""states"": [""OFF""]}, {""id"": 205, ""states"": [""ON""]}, {""id"": 315, ""states"": [""OFF""]}]","[{""id"": 67, ""states"": [""OFF""]}, {""id"": 110, ""states"": [""OFF""]}, {""id"": 205, ""states"": [""OFF""]}, {""id"": 315, ""states"": [""OFF""]}]",4,2,4,"[""[WALK] <lightswitch> (67)"", ""[SWITCHOFF] <lightswitch> (67)"", ""[WALK] <lightswitch> (205)"", ""[SWITCHOFF] <lightswitch> (205)""]",False
state_change_task,test,test_task263,Turn off all lightswitches,Turn {state} all {object},off,lightswitches,,6,bedroom,"[{""id"": 67, ""states"": [""ON""]}, {""id"": 110, ""states"": [""OFF""]}, {""id"": 205, ""states"": [""OFF""]}, {""id"": 315, ""states"": [""ON""]}]","[{""id"": 67, ""states"": [""OFF""]}, {""id"": 110, ""states"": [""OFF""]}, {""id"": 205, ""states"": [""OFF""]}, {""id"": 315, ""states"": [""OFF""]}]",4,2,4,"[""[WALK] <lightswitch> (67)"", ""[SWITCHOFF] <lightswitch> (67)"", ""[WALK] <lightswitch> (315)"", ""[SWITCHOFF] <lightswitch> (315)""]",False
state_change_task,test,test_task264,Turn off all lightswitches,Turn {state} all {object},off,lightswitches,,6,kitchen,"[{""id"": 67, ""states"": [""ON""]}, {""id"": 110, ""states"": [""OFF""]}, {""id"": 205, ""states"": [""OFF""]}, {""id"": 315, ""states"": [""OFF""]}]","[{""id"": 67, ""states"": [""OFF""]}, {""id"": 110, ""states"": [""OFF""]}, {""id"": 205, ""states"": [""OFF""]}, {""id"": 315, ""states"": [""OFF""]}]",4,1,2,"[""[WALK] <lightswitch> (67)"", ""[SWITCHOFF] <lightswitch> (67)""]",False
state_change_task,test,test_task265,Turn off all lightswitches,Turn {state} all {object},off,lightswitches,,6,livingroom,"[{""id"": 67, ""states"": [""OFF""]}, {""id"": 110, ""states"": [""ON""]}, {""id"": 205, ""states"": [""ON""]}, {""id"": 315, ""states"": [""ON""]}]","[{""id"": 67, ""states"": [""OFF""]}, {""id"": 110, ""states"": [""OFF""]}, {""id"": 205, ""states"": [""OFF""]}, {""id"": 315, ""states"": [""OFF""]}]",4,3,6,"[""[WALK] <lightswitch> (110)"", ""[SWITCHOFF] <lightswitch> (110)"", ""[WALK] <lightswitch> (205)"", ""[SWITCHOFF] <lightswitch> (205)"", ""[WALK] <lightswitch> (315)"", ""[SWITCHOFF] <lightswitch> (315)""]",False
state_change_task,test,test_task266,Turn off all lightswitches,Turn {state} all {object},off,lightswitches,,6,livingroom,"[{""id"": 67, ""states"": [""OFF""]}, {""id"": 110, ""states"": [""ON""]}, {""id"": 205, ""states"": [""ON""]}, {""id"": 315, ""states"": [""OFF""]}]","[{""id"": 67, ""states"": [""OFF""]}, {""id"": 110, ""states"": [""OFF""]}, {""id"": 205, ""states"": [""OFF""]}, {""id"": 315, ""states"": [""OFF""]}]",4,2,4,"[""[WALK] <lightswitch> (110)"", ""[SWITCHOFF] <lightswitch> (110)"", ""[WALK] <lightswitch> (205)"", ""[SWITCHOFF] <lightswitch> (205)""]",False
state_change_task,test,test_task267,Turn off all lightswitches,Turn {state} all {object},off,lightswitches,,6,kitchen,"[{""id"": 67, ""states"": [""OFF""]}, {""id"": 110, ""states"": [""ON""]}, {""id"": 205, ""states"": [""OFF""]}, {""id"": 315, ""states"": [""ON""]}]","[{""id"": 67, ""states"": [""OFF""]}, {""id"": 110, ""states"": [""OFF""]}, {""id"": 205, ""states"": [""OFF""]}, {""id"": 315, ""states"": [""OFF""]}]",4,2,4,"[""[WALK] <lightswitch> (110)"", ""[SWITCHOFF] <lightswitch> (110)"", ""[WALK] <lightswitch> (315)"", ""[SWITCHOFF] <lightswitch> (315)""]",False
state_change_task,test,test_task268,Turn off all lightswitches,Turn {state} all {object},off,lightswitches,,6,kitchen,"[{""id"": 67, ""states"": [""OFF""]}, {""id"": 110, ""states"": [""ON""]}, {""id"": 205, ""states"": [""OFF""]}, {""id"": 315, ""states"": [""OFF""]}]","[{""id"": 67, ""states"": [""OFF""]}, {""id"": 110, ""states"": [""OFF""]}, {""id"": 205, ""states"": [""OFF""]}, {""id"": 315, ""states"": [""OFF""]}]",4,1,2,"[""[WALK] <lightswitch> (110)"", ""[SWITCHOFF] <lightswitch> (110)""]",False
state_change_task,test,test_task269,Turn off all lightswitches,Turn {state} all {object},off,lightswitches,,6,bathroom,"[{""id"": 67, ""states"": [""OFF""]}, {""id"": 110, ""states"": [""OFF""]}, {""id"": 205, ""states"": [""ON""]}, {""id"": 315, ""states"": [""ON""]}]","[{""id"": 67, ""states"": [""OFF""]}, {""id"": 110, ""states"": [""OFF""]}, {""id"": 205, ""states"": [""OFF""]}, {""id"": 315, ""states"": [""OFF""]}]",4,2,4,"[""[WALK] <lightswitch> (205)"", ""[SWITCHOFF] <lightswitch> (205)"", ""[WALK] <lightswitch> (315)"", ""[SWITCHOFF] <lightswitch> (315)""]",False
state_change_task,test,test_task270,Turn off all lightswitches,Turn {state} all {object},off,lightswitches,,6,bedroom,"[{""id"": 67, ""states"": [""OFF""]}, {""id"": 110, ""states"": [""OFF""]}, {""id"": 205, ""states"": [""ON""]}, {""id"": 315, ""states"": [""OFF""]}]","[{""id"": 67, ""states"": [""OFF""]}, {""id"": 110, ""states"": [""OFF""]}, {""id"": 205, ""states"": [""OFF""]}, {""id"": 315, ""states"": [""OFF""]}]",4,1,2,"[""[WALK] <lightswitch> (205)"", ""[SWITCHOFF] <lightswitch> (205)""]",False
state_change_task,test,test_task271,Turn off all lightswitches,Turn {state} all {object},off,lightswitches,,6,livingroom,"[{""id"": 67, ""states"": [""OFF""]}, {""id"": 110, ""states"": [""OFF""]}, {""id"": 205, ""states"": [""OFF""]}, {""id"": 315, ""states"": [""ON""]}]","[{""id"": 67, ""states"": [""OFF""]}, {""id"": 110, ""states"": [""OFF""]}, {""id"": 205, ""states"": [""OFF""]}, {""id"": 315, ""states"": [""OFF""]}]",4,1,2,"[""[WALK] <lightswitch> (315)"", ""[SWITCHOFF] <lightswitch> (315)""]",False
state_change_task,test,test_task272,Turn off all lightswitches,Turn {state} all {object},off,lightswitches,,6,livingroom,"[{""id"": 67, ""states"": [""OFF""]}, {""id"": 110, ""states"": [""OFF""]}, {""id"": 205, ""states"": [""OFF""]}, {""id"": 315, ""states"": [""OFF""]}]","[{""id"": 67, ""states"": [""OFF""]}, {""id"": 110, ""states"": [""OFF""]}, {""id"": 205, ""states"": [""OFF""]}, {""id"": 315, ""states"": [""OFF""]}]",4,0,0,[],True
state_change_task,test,test_task273,Turn off all tvs,Turn {state} all {object},off,tvs,,6,livingroom,"[{""id"": 207, ""states"": [""ON""]}, {""id"": 314, ""states"": [""ON""]}]","[{""id"": 207, ""states"": [""OFF""]}, {""id"": 314, ""states"": [""OFF""]}]",2,2,4,"[""[WALK] <tv> (207)"", ""[SWITCHOFF] <tv> (207)"", ""[WALK] <tv> (314)"", ""[SWITCHOFF] <tv> (314)""]",False
state_change_task,test,test_task274,Turn off all tvs,Turn {state} all {object},off,tvs,,6,bathroom,"[{""id"": 207, ""states"": [""ON""]}, {""id"": 314, ""states"": [""OFF""]}]","[{""id"": 207, ""states"": [""OFF""]}, {""id"": 314, ""states"": [""OFF""]}]",2,1,2,"[""[WALK] <tv> (207)"", ""[SWITCHOFF] <tv> (207)""]",False
state_change_task,test,test_task275,Turn off all tvs,Turn {state} all {object},off,tvs,,6,kitchen,"[{""id"": 207, ""states"": [""OFF""]}, {""id"": 314, ""states"": [""ON""]}]","[{""id"": 207, ""states"": [""OFF""]}, {""id"": 314, ""states"": [""OFF""]}]",2,1,2,"[""[WALK] <tv> (314)"", ""[SWITCHOFF] <tv> (314)""]",False
state_change_task,test,test_task276,Turn off all tvs,Turn {state} all {object},off,tvs,,6,livingroom,"[{""id"": 207, ""states"": [""OFF""]}, {""id"": 314, ""states"": [""OFF""]}]","[{""id"": 207, ""states"": [""OFF""]}, {""id"": 314, ""states"": [""OFF""]}]",2,0,0,[],True
state_change_task,test,test_task277,Turn on all lightswitches,Turn {state} all {object},on,lightswitches,,7,bedroom,"[{""id"": 54, ""states"": [""ON""]}, {""id"": 85, ""states"": [""ON""]}, {""id"": 277, ""states"": [""ON""]}, {""id"": 332, ""states"": [""ON""]}]","[{""id"": 54, ""states"": [""ON""]}, {""id"": 85, ""states"": [""ON""]}, {""id"": 277, ""states"": [""ON""]}, {""id"": 332, ""states"": [""ON""]}]",4,0,0,[],True
state_change_task,test,test_task278,Turn on all lightswitches,Turn {state} all {object},on,lightswitches,,7,livingroom,"[{""id"": 54, ""states"": [""ON""]}, {""id"": 85, ""states"": [""ON""]}, {""id"": 277, ""states"": [""ON""]}, {""id"": 332, ""states"": [""OFF""]}]","[{""id"": 54, ""states"": [""ON""]}, {""id"": 85, ""states"": [""ON""]}, {""id"": 277, ""states"": [""ON""]}, {""id"": 332, ""states"": [""ON""]}]",4,1,2,"[""[WALK] <lightswitch> (332)"", ""[SWITCHON] <lightswitch> (332)""]",False
state_change_task,test,test_task279,Turn on all lightswitches,Turn {state} all {object},on,lightswitches,,7,kitchen,"[{""id"": 54, ""states"": [""ON""]}, {""id"": 85, ""states"": [""ON""]}, {""id"": 277, ""states"": [""OFF""]}, {""id"": 332, ""states"": [""ON""]}]","[{""id"": 54, ""states"": [""ON""]}, {""id"": 85, ""states"": [""ON""]}, {""id"": 277, ""states"": [""ON""]}, {""id"": 332, ""states"": [""ON""]}]",4,1,2,"[""[WALK] <lightswitch> (277)"", ""[SWITCHON] <lightswitch> (277)""]",False
state_change_task,test,test_task280,Turn on all lightswitches,Turn {state} all {object},on,lightswitches,,7,livingroom,"[{""id"": 54, ""states"": [""ON""]}, {""id"": 85, ""states"": [""ON""]}, {""id"": 277, ""states"": [""OFF""]}, {""id"": 332, ""states"": [""OFF""]}]","[{""id"": 54, ""states"": [""ON""]}, {""id"": 85, ""states"": [""ON""]}, {""id"": 277, ""states"": [""ON""]}, {""id"": 332, ""states"": [""ON""]}]",4,2,4,"[""[WALK] <lightswitch> (277)"", ""[SWITCHON] <lightswitch> (277)"", ""[WALK] <lightswitch> (332)"", ""[SWITCHON] <lightswitch> (332)""]",False
state_change_task,test,test_task281,Turn on all lightswitches,Turn {state} all {object},on,lightswitches,,7,livingroom,"[{""id"": 54, ""states"": [""ON""]}, {""id"": 85, ""states"": [""OFF""]}, {""id"": 277, ""states"": [""ON""]}, {""id"": 332, ""states"": [""ON""]}]","[{""id"": 54, ""states"": [""ON""]}, {""id"": 85, ""states"": [""ON""]}, {""id"": 277, ""states"": [""ON""]}, {""id"": 332, ""states"": [""ON""]}]",4,1,2,"[""[WALK] <lightswitch> (85)"", ""[SWITCHON] <lightswitch> (85)""]",False
state_change_task,test,test_task282,Turn on all lightswitches,Turn {state} all {object},on,lightswitches,,7,bathroom,"[{""id"": 54, ""states"": [""ON""]}, {""id"": 85, ""states"": [""OFF""]}, {""id"": 277, ""states"": [""ON""]}, {""id"": 332, ""states"": [""OFF""]}]","[{""id"": 54, ""states"": [""ON""]}, {""id"": 85, ""states"": [""ON""]}, {""id"": 277, ""states"": [""ON""]}, {""id"": 332, ""states"": [""ON""]}]",4,2,4,"[""[WALK] <lightswitch> (85)"", ""[SWITCHON] <lightswitch> (85)"", ""[WALK] <lightswitch> (332)"", ""[SWITCHON] <lightswitch> (332)""]",False
state_change_task,test,test_task283,Turn on all lightswitches,Turn {state} all {object},on,lightswitches,,7,kitchen,"[{""id"": 54, ""states"": [""ON""]}, {""id"": 85, ""states"": [""OFF""]}, {""id"": 277, ""states"": [""OFF""]}, {""id"": 332, ""states"": [""ON""]}]","[{""id"": 54, ""states"": [""ON""]}, {""id"": 85, ""states"": [""ON""]}, {""id"": 277, ""states"": [""ON""]}, {""id"": 332, ""states"": [""ON""]}]",4,2,4,"[""[WALK] <lightswitch> (85)"", ""[SWITCHON] <lightswitch> (85)"", ""[WALK] <lightswitch> (277)"", ""[SWITCHON] <lightswitch> (277)""]",False
state_change_task,test,test_task284,Turn on all lightswitches,Turn {state} all {object},on,lightswitches,,7,kitchen,"[{""id"": 54, ""states"": [""ON""]}, {""id"": 85, ""states"": [""OFF""]}, {""id"": 277, ""states"": [""OFF""]}, {""id"": 332, ""states"": [""OFF""]}]","[{""id"": 54, ""states"": [""ON""]}, {""id"": 85, ""states"": [""ON""]}, {""id"": 277, ""states"": [""ON""]}, {""id"": 332, ""states"": [""ON""]}]",4,3,6,"[""[WALK] <lightswitch> (85)"", ""[SWITCHON] <lightswitch> (85)"", ""[WALK] <lightswitch> (277)"", ""[SWITCHON] <lightswitch> (277)"", ""[WALK] <lightswitch> (332)"", ""[SWITCHON] <lightswitch> (332)""]",False
state_change_task,test,test_task285,Turn on all lightswitches,Turn {state} all {object},on,lightswitches,,7,livingroom,"[{""id"": 54, ""states"": [""OFF""]}, {""id"": 85, ""states"": [""ON""]}, {""id"": 277, ""states"": [""ON""]}, {""id"": 332, ""states"": [""ON""]}]","[{""id"": 54, ""states"": [""ON""]}, {""id"": 85, ""states"": [""ON""]}, {""id"": 277, ""states"": [""ON""]}, {""id"": 332, ""states"": [""ON""]}]",4,1,2,"[""[WALK] <lightswitch> (54)"", ""[SWITCHON] <lightswitch> (54)""]",False
state_change_task,test,test_task286,Turn on all lightswitches,Turn {state} all {object},on,lightswitches,,7,bedroom,"[{""id"": 54, ""states"": [""OFF""]}, {""id"": 85, ""states"": [""ON""]}, {""id"": 277, ""states"": [""ON""]}, {""id"": 332, ""states"": [""OFF""]}]","[{""id"": 54, ""states"": [""ON""]}, {""id"": 85, ""states"": [""ON""]}, {""id"": 277, ""states"": [""ON""]}, {""id"": 332, ""states"": [""ON""]}]",4,2,4,"[""[WALK] <lightswitch> (54)"", ""[SWITCHON] <lightswitch> (54)"", ""[WALK] <lightswitch> (332)"", ""[SWITCHON] <lightswitch> (332)""]",False
state_change_task,test,test_task287,Turn on all lightswitches,Turn {state} all {object},on,lightswitches,,7,kitchen,"[{""id"": 54, ""states"": [""OFF""]}, {""id"": 85, ""states"": [""ON""]}, {""id"": 277, ""states"": [""OFF""]}, {""id"": 332, ""states"": [""ON""]}]","[{""id"": 54, ""states"": [""ON""]}, {""id"": 85, ""states"": [""ON""]}, {""id"": 277, ""states"": [""ON""]}, {""id"": 332, ""states"": [""ON""]}]",4,2,4,"[""[WALK] <lightswitch> (54)"", ""[SWITCHON] <lightswitch> (54)"", ""[WALK] <lightswitch> (277)"", ""[SWITCHON] <lightswitch> (277)""]",False
state_change_task,test,test_task288,Turn on all lightswitches,Turn {state} all {object},on,lightswitches,,7,bedroom,"[{""id"": 54, ""states"": [""OFF""]}, {""id"": 85, ""states"": [""ON""]}, {""id"": 277, ""states"": [""OFF""]}, {""id"": 332, ""states"": [""OFF""]}]","[{""id"": 54, ""states"": [""ON""]}, {""id"": 85, ""states"": [""ON""]}, {""id"": 277, ""states"": [""ON""]}, {""id"": 332, ""states"": [""ON""]}]",4,3,6,"[""[WALK] <lightswitch> (54)"", ""[SWITCHON] <lightswitch> (54)"", ""[WALK] <lightswitch> (277)"", ""[SWITCHON] <lightswitch> (277)"", ""[WALK] <lightswitch> (332)"", ""[SWITCHON] <lightswitch> (332)""]",False
state_change_task,test,test_task289,Turn on all lightswitches,Turn {state} all {object},on,lightswitches,,7,kitchen,"[{""id"": 54, ""states"": [""OFF""]}, {""id"": 85, ""states"": [""OFF""]}, {""id"": 277, ""states"": [""ON""]}, {""id"": 332, ""states"": [""ON""]}]","[{""id"": 54, ""states"": [""ON""]}, {""id"": 85, ""states"": [""ON""]}, {""id"": 277, ""states"": [""ON""]}, {""id"": 332, ""states"": [""ON""]}]",4,2,4,"[""[WALK] <lightswitch> (54)"", ""[SWITCHON] <lightswitch> (54)"", ""[WALK] <lightswitch> (85)"", ""[SWITCHON] <lightswitch> (85)""]",False
state_change_task,test,test_task290,Turn on all lightswitches,Turn {state} all {object},on,lightswitches,,7,livingroom,"[{""id"": 54, ""states"": [""OFF""]}, {""id"": 85, ""states"": [""OFF""]}, {""id"": 277, ""states"": [""ON""]}, {""id"": 332, ""states"": [""OFF""]}]","[{""id"": 54, ""states"": [""ON""]}, {""id"": 85, ""states"": [""ON""]}, {""id"": 277, ""states"": [""ON""]}, {""id"": 332, ""states"": [""ON""]}]",4,3,6,"[""[WALK] <lightswitch> (54)"", ""[SWITCHON] <lightswitch> (54)"", ""[WALK] <lightswitch> (85)"", ""[SWITCHON] <lightswitch> (85)"", ""[WALK] <lightswitch> (332)"", ""[SWITCHON] <lightswitch> (332)""]",False
state_change_task,test,test_task291,Turn on all lightswitches,Turn {state} all {object},on,lightswitches,,7,livingroom,"[{""id"": 54, ""states"": [""OFF""]}, {""id"": 85, ""states"": [""OFF""]}, {""id"": 277, ""states"": [""OFF""]}, {""id"": 332, ""states"": [""ON""]}]","[{""id"": 54, ""states"": [""ON""]}, {""id"": 85, ""states"": [""ON""]}, {""id"": 277, ""states"": [""ON""]}, {""id"": 332, ""states"": [""ON""]}]",4,3,6,"[""[WALK] <lightswitch> (54)"", ""[SWITCHON] <lightswitch> (54)"", ""[WALK] <lightswitch> (85)"", ""[SWITCHON] <lightswitch> (85)"", ""[WALK] <lightswitch> (277)"", ""[SWITCHON] <lightswitch> (277)""]",False
state_change_task,test,test_task292,Turn on all lightswitches,Turn {state} all {object},on,lightswitches,,7,kitchen,"[{""id"": 54, ""states"": [""OFF""]}, {""id"": 85, ""states"": [""OFF""]}, {""id"": 277, ""states"": [""OFF""]}, {""id"": 332, ""states"": [""OFF""]}]","[{""id"": 54, ""states"": [""ON""]}, {""id"": 85, ""states"": [""ON""]}, {""id"": 277, ""states"": [""ON""]}, {""id"": 332, ""states"": [""ON""]}]",4,4,8,"[""[WALK] <lightswitch> (54)"", ""[SWITCHON] <lightswitch> (54)"", ""[WALK] <lightswitch> (85)"", ""[SWITCHON] <lightswitch> (85)"", ""[WALK] <lightswitch> (277)"", ""[SWITCHON] <lightswitch> (277)"", ""[WALK] <lightswitch> (332)"", ""[SWITCHON] <lightswitch> (332)""]",False
state_change_task,test,test_task293,Turn off all lightswitches,Turn {state} all {object},off,lightswitches,,7,livingroom,"[{""id"": 54, ""states"": [""ON""]}, {""id"": 85, ""states"": [""ON""]}, {""id"": 277, ""states"": [""ON""]}, {""id"": 332, ""states"": [""ON""]}]","[{""id"": 54, ""states"": [""OFF""]}, {""id"": 85, ""states"": [""OFF""]}, {""id"": 277, ""states"": [""OFF""]}, {""id"": 332, ""states"": [""OFF""]}]",4,4,8,"[""[WALK] <lightswitch> (54)"", ""[SWITCHOFF] <lightswitch> (54)"", ""[WALK] <lightswitch> (85)"", ""[SWITCHOFF] <lightswitch> (85)"", ""[WALK] <lightswitch> (277)"", ""[SWITCHOFF] <lightswitch> (277)"", ""[WALK] <lightswitch> (332)"", ""[SWITCHOFF] <lightswitch> (332)""]",False
state_change_task,test,test_task294,Turn off all lightswitches,Turn {state} all {object},off,lightswitches,,7,bedroom,"[{""id"": 54, ""states"": [""ON""]}, {""id"": 85, ""states"": [""ON""]}, {""id"": 277, ""states"": [""ON""]}, {""id"": 332, ""states"": [""OFF""]}]","[{""id"": 54, ""states"": [""OFF""]}, {""id"": 85, ""states"": [""OFF""]}, {""id"": 277, ""states"": [""OFF""]}, {""id"": 332, ""states"": [""OFF""]}]",4,3,6,"[""[WALK] <lightswitch> (54)"", ""[SWITCHOFF] <lightswitch> (54)"", ""[WALK] <lightswitch> (85)"", ""[SWITCHOFF] <lightswitch> (85)"", ""[WALK] <lightswitch> (277)"", ""[SWITCHOFF] <lightswitch> (277)""]",False
state_change_task,test,test_task295,Turn off all lightswitches,Turn {state} all {object},off,lightswitches,,7,kitchen,"[{""id"": 54, ""states"": [""ON""]}, {""id"": 85, ""states"": [""ON""]}, {""id"": 277, ""states"": [""OFF""]}, {""id"": 332, ""states"": [""ON""]}]","[{""id"": 54, ""states"": [""OFF""]}, {""id"": 85, ""states"": [""OFF""]}, {""id"": 277, ""states"": [""OFF""]}, {""id"": 332, ""states"": [""OFF""]}]",4,3,6,"[""[WALK] <lightswitch> (54)"", ""[SWITCHOFF] <lightswitch> (54)"", ""[WALK] <lightswitch> (85)"", ""[SWITCHOFF] <lightswitch> (85)"", ""[WALK] <lightswitch> (332)"", ""[SWITCHOFF] <lightswitch> (332)""]",False
state_change_task,test,test_task296,Turn off all lightswitches,Turn {state} all {object},off,lightswitches,,7,kitchen,"[{""id"": 54, ""states"": [""ON""]}, {""id"": 85, ""states"": [""ON""]}, {""id"": 277, ""states"": [""OFF""]}, {""id"": 332, ""states"": [""OFF""]}]","[{""id"": 54, ""states"": [""OFF""]}, {""id"": 85, ""states"": [""OFF""]}, {""id"": 277, ""states"": [""OFF""]}, {""id"": 332, ""states"": [""OFF""]}]",4,2,4,"[""[WALK] <lightswitch> (54)"", ""[SWITCHOFF] <lightswitch> (54)"", ""[WALK] <lightswitch> (85)"", ""[SWITCHOFF] <lightswitch> (85)""]",False
state_change_task,test,test_task297,Turn off all lightswitches,Turn {state} all {object},off,lightswitches,,7,livingroom,"[{""id"": 54, ""states"": [""ON""]}, {""id"": 85, ""states"": [""OFF""]}, {""id"": 277, ""states"": [""ON""]}, {""id"": 332, ""states"": [""ON""]}]","[{""id"": 54, ""states"": [""OFF""]}, {""id"": 85, ""states"": [""OFF""]}, {""id"": 277, ""states"": [""OFF""]}, {""id"": 332, ""states"": [""OFF""]}]",4,3,6,"[""[WALK] <lightswitch> (54)"", ""[SWITCHOFF] <lightswitch> (54)"", ""[WALK] <lightswitch> (277)"", ""[SWITCHOFF] <lightswitch> (277)"", ""[WALK] <lightswitch> (332)"", ""[SWITCHOFF] <lightswitch> (332)""]",False
state_change_task,test,test_task298,Turn off all lightswitches,Turn {state} all {object},off,lightswitches,,7,bedroom,"[{""id"": 54, ""states"": [""ON""]}, {""id"": 85, ""states"": [""OFF""]}, {""id"": 277, ""states"": [""ON""]}, {""id"": 332, ""states"": [""OFF""]}]","[{""id"": 54, ""states"": [""OFF""]}, {""id"": 85, ""states"": [""OFF""]}, {""id"": 277, ""states"": [""OFF""]}, {""id"": 332, ""states"": [""OFF""]}]",4,2,4,"[""[WALK] <lightswitch> (54)"", ""[SWITCHOFF] <lightswitch> (54)"", ""[WALK] <lightswitch> (277)"", ""[SWITCHOFF] <lightswitch> (277)""]",False
state_change_task,test,test_task299,Turn off all lightswitches,Turn {state} all {object},off,lightswitches,,7,livingroom,"[{""id"": 54, ""states"": [""ON""]}, {""id"": 85, ""states"": [""OFF""]}, {""id"": 277, ""states"": [""OFF""]}, {""id"": 332, ""states"": [""ON""]}]","[{""id"": 54, ""states"": [""OFF""]}, {""id"": 85, ""states"": [""OFF""]}, {""id"": 277, ""states"": [""OFF""]}, {""id"": 332, ""states"": [""OFF""]}]",4,2,4,"[""[WALK] <lightswitch> (54)"", ""[SWITCHOFF] <lightswitch> (54)"", ""[WALK] <lightswitch> (332)"", ""[SWITCHOFF] <lightswitch> (332)""]",False
state_change_task,test,test_task300,Turn off all lightswitches,Turn {state} all {object},off,lightswitches,,7,livingroom,"[{""id"": 54, ""states"": [""ON""]}, {""id"": 85, ""states"": [""OFF""]}, {""id"": 277, ""states"": [""OFF""]}, {""id"": 332, ""states"": [""OFF""]}]","[{""id"": 54, ""states"": [""OFF""]}, {""id"": 85, ""states"": [""OFF""]}, {""id"": 277, ""states"": [""OFF""]}, {""id"": 332, ""states"": [""OFF""]}]",4,1,2,"[""[WALK] <lightswitch> (54)"", ""[SWITCHOFF] <lightswitch> (54)""]",False
state_change_task,test,test_task301,Turn off all lightswitches,Turn {state} all {object},off,lightswitches,,7,bedroom,"[{""id"": 54, ""states"": [""OFF""]}, {""id"": 85, ""states"": [""ON""]}, {""id"": 277, ""states"": [""ON""]}, {""id"": 332, ""states"": [""ON""]}]","[{""id"": 54, ""states"": [""OFF""]}, {""id"": 85, ""states"": [""OFF""]}, {""id"": 277, ""states"": [""OFF""]}, {""id"": 332, ""states"": [""OFF""]}]",4,3,6,"[""[WALK] <lightswitch> (85)"", ""[SWITCHOFF] <lightswitch> (85)"", ""[WALK] <lightswitch> (277)"", ""[SWITCHOFF] <lightswitch> (277)"", ""[WALK] <lightswitch> (332)"", ""[SWITCHOFF] <lightswitch> (332)""]",False
state_change_task,test,test_task302,Turn off all lightswitches,Turn {state} all {object},off,lightswitches,,7,bathroom,"[{""id"": 54, ""states"": [""OFF""]}, {""id"": 85, ""states"": [""ON""]}, {""id"": 277, ""states"": [""ON""]}, {""id"": 332, ""states"": [""OFF""]}]","[{""id"": 54, ""states"": [""OFF""]}, {""id"": 85, ""states"": [""OFF""]}, {""id"": 277, ""states"": [""OFF""]}, {""id"": 332, ""states"": [""OFF""]}]",4,2,4,"[""[WALK] <lightswitch> (85)"", ""[SWITCHOFF] <lightswitch> (85)"", ""[WALK] <lightswitch> (277)"", ""[SWITCHOFF] <lightswitch> (277)""]",False
state_change_task,test,test_task303,Turn off all lightswitches,Turn {state} all {object},off,lightswitches,,7,bedroom,"[{""id"": 54, ""states"": [""OFF""]}, {""id"": 85, ""states"": [""ON""]}, {""id"": 277, ""states"": [""OFF""]}, {""id"": 332, ""states"": [""ON""]}]","[{""id"": 54, ""states"": [""OFF""]}, {""id"": 85, ""states"": [""OFF""]}, {""id"": 277, ""states"": [""OFF""]}, {""id"": 332, ""states"": [""OFF""]}]",4,2,4,"[""[WALK] <lightswitch> (85)"", ""[SWITCHOFF] <lightswitch> (85)"", ""[WALK] <lightswitch> (332)"", ""[SWITCHOFF] <lightswitch> (332)""]",False
state_change_task,test,test_task304,Turn off all lightswitches,Turn {state} all {object},off,lightswitches,,7,bathroom,"[{""id"": 54, ""states"": [""OFF""]}, {""id"": 85, ""states"": [""ON""]}, {""id"": 277, ""states"": [""OFF""]}, {""id"": 332, ""states"": [""OFF""]}]","[{""id"": 54, ""states"": [""OFF""]}, {""id"": 85, ""states"": [""OFF""]}, {""id"": 277, ""states"": [""OFF""]}, {""id"": 332, ""states"": [""OFF""]}]",4,1,2,"[""[WALK] <lightswitch> (85)"", ""[SWITCHOFF] <lightswitch> (85)""]",False
state_change_task,test,test_task305,Turn off all lightswitches,Turn {state} all {object},off,lightswitches,,7,bathroom,"[{""id"": 54, ""states"": [""OFF""]}, {""id"": 85, ""states"": [""OFF""]}, {""id"": 277, ""states"": [""ON""]}, {""id"": 332, ""states"": [""ON""]}]","[{""id"": 54, ""states"": [""OFF""]}, {""id"": 85, ""states"": [""OFF""]}, {""id"": 277, ""states"": [""OFF""]}, {""id"": 332, ""states"": [""OFF""]}]",4,2,4,"[""[WALK] <lightswitch> (277)"", ""[SWITCHOFF] <lightswitch> (277)"", ""[WALK] <lightswitch> (332)"", ""[SWITCHOFF] <lightswitch> (332)""]",False
state_change_task,test,test_task306,Turn off all lightswitches,Turn {state} all {object},off,lightswitches,,7,livingroom,"[{""id"": 54, ""states"": [""OFF""]}, {""id"": 85, ""states"": [""OFF""]}, {""id"": 277, ""states"": [""ON""]}, {""id"": 332, ""states"": [""OFF""]}]","[{""id"": 54, ""states"": [""OFF""]}, {""id"": 85, ""states"": [""OFF""]}, {""id"": 277, ""states"": [""OFF""]}, {""id"": 332, ""states"": [""OFF""]}]",4,1,2,"[""[WALK] <lightswitch> (277)"", ""[SWITCHOFF] <lightswitch> (277)""]",False
state_change_task,test,test_task307,Turn off all lightswitches,Turn {state} all {object},off,lightswitches,,7,livingroom,"[{""id"": 54, ""states"": [""OFF""]}, {""id"": 85, ""states"": [""OFF""]}, {""id"": 277, ""states"": [""OFF""]}, {""id"": 332, ""states"": [""ON""]}]","[{""id"": 54, ""states"": [""OFF""]}, {""id"": 85, ""states"": [""OFF""]}, {""id"": 277, ""states"": [""OFF""]}, {""id"": 332, ""states"": [""OFF""]}]",4,1,2,"[""[WALK] <lightswitch> (332)"", ""[SWITCHOFF] <lightswitch> (332)""]",False
state_change_task,test,test_task308,Turn off all lightswitches,Turn {state} all {object},off,lightswitches,,7,bedroom,"[{""id"": 54, ""states"": [""OFF""]}, {""id"": 85, ""states"": [""OFF""]}, {""id"": 277, ""states"": [""OFF""]}, {""id"": 332, ""states"": [""OFF""]}]","[{""id"": 54, ""states"": [""OFF""]}, {""id"": 85, ""states"": [""OFF""]}, {""id"": 277, ""states"": [""OFF""]}, {""id"": 332, ""states"": [""OFF""]}]",4,0,0,[],True
state_change_task,test,test_task309,Turn off all computers,Turn {state} all {object},off,computers,,7,livingroom,"[{""id"": 274, ""states"": [""ON""]}, {""id"": 324, ""states"": [""ON""]}]","[{""id"": 274, ""states"": [""OFF""]}, {""id"": 324, ""states"": [""OFF""]}]",2,2,4,"[""[WALK] <computer> (274)"", ""[SWITCHOFF] <computer> (274)"", ""[WALK] <computer> (324)"", ""[SWITCHOFF] <computer> (324)""]",False
state_change_task,test,test_task310,Turn off all computers,Turn {state} all {object},off,computers,,7,bedroom,"[{""id"": 274, ""states"": [""ON""]}, {""id"": 324, ""states"": [""OFF""]}]","[{""id"": 274, ""states"": [""OFF""]}, {""id"": 324, ""states"": [""OFF""]}]",2,1,2,"[""[WALK] <computer> (274)"", ""[SWITCHOFF] <computer> (274)""]",False
state_change_task,test,test_task311,Turn off all computers,Turn {state} all {object},off,computers,,7,livingroom,"[{""id"": 274, ""states"": [""OFF""]}, {""id"": 324, ""states"": [""ON""]}]","[{""id"": 274, ""states"": [""OFF""]}, {""id"": 324, ""states"": [""OFF""]}]",2,1,2,"[""[WALK] <computer> (324)"", ""[SWITCHOFF] <computer> (324)""]",False
state_change_task,test,test_task312,Turn off all computers,Turn {state} all {object},off,computers,,7,livingroom,"[{""id"": 274, ""states"": [""OFF""]}, {""id"": 324, ""states"": [""OFF""]}]","[{""id"": 274, ""states"": [""OFF""]}, {""id"": 324, ""states"": [""OFF""]}]",2,0,0,[],True
state_change_task,example,example_task1,Turn on all faucets,Turn {state} all {object},on,faucets,,1,bathroom,"[{""id"": 50, ""states"": [""ON""]}, {""id"": 248, ""states"": [""ON""]}]","[{""id"": 50, ""states"": [""ON""]}, {""id"": 248, ""states"": [""ON""]}]",2,0,0,[],True
state_change_task,example,example_task2,Turn on all faucets,Turn {state} all {object},on,faucets,,1,bedroom,"[{""id"": 50, ""states"": [""ON""]}, {""id"": 248, ""states"": [""OFF""]}]","[{""id"": 50, ""states"": [""ON""]}, {""id"": 248, ""states"": [""ON""]}]",2,1,2,"[""[WALK] <faucet> (248)"", ""[SWITCHON] <faucet> (248)""]",False
state_change_task,example,example_task3,Turn on all faucets,Turn {state} all {object},on,faucets,,1,bedroom,"[{""id"": 50, ""states"": [""OFF""]}, {""id"": 248, ""states"": [""ON""]}]","[{""id"": 50, ""states"": [""ON""]}, {""id"": 248, ""states"": [""ON""]}]",2,1,2,"[""[WALK] <faucet> (50)"", ""[SWITCHON] <faucet> (50)""]",False
state_change_task,example,example_task4,Turn on all faucets,Turn {state} all {object},on,faucets,,1,bedroom,"[{""id"": 50, ""states"": [""OFF""]}, {""id"": 248, ""states"": [""OFF""]}]","[{""id"": 50, ""states"": [""ON""]}, {""id"": 248, ""states"": [""ON""]}]",2,2,4,"[""[WALK] <faucet> (50)"", ""[SWITCHON] <faucet> (50)"", ""[WALK] <faucet> (248)"", ""[SWITCHON] <faucet> (248)""]",False
state_change_task,example,example_task5,Turn on all tablelamps,Turn {state} all {object},on,tablelamps,,1,kitchen,"[{""id"": 102, ""states"": [""ON""]}, {""id"": 103, ""states"": [""ON""]}]","[{""id"": 102, ""states"": [""ON""]}, {""id"": 103, ""states"": [""ON""]}]",2,0,0,[],True
state_change_task,example,example_task6,Turn on all tablelamps,Turn {state} all {object},on,tablelamps,,1,bedroom,"[{""id"": 102, ""states"": [""ON""]}, {""id"": 103, ""states"": [""OFF""]}]","[{""id"": 102, ""states"": [""ON""]}, {""id"": 103, ""states"": [""ON""]}]",2,1,2,"[""[WALK] <tablelamp> (103)"", ""[SWITCHON] <tablelamp> (103)""]",False
state_change_task,example,example_task7,Turn on all tablelamps,Turn {state} all {object},on,tablelamps,,1,kitchen,"[{""id"": 102, ""states"": [""OFF""]}, {""id"": 103, ""states"": [""ON""]}]","[{""id"": 102, ""states"": [""ON""]}, {""id"": 103, ""states"": [""ON""]}]",2,1,2,"[""[WALK] <tablelamp> (102)"", ""[SWITCHON] <tablelamp> (102)""]",False
state_change_task,example,example_task8,Turn on all tablelamps,Turn {state} all {object},on,tablelamps,,1,livingroom,"[{""id"": 102, ""states"": [""OFF""]}, {""id"": 103, ""states"": [""OFF""]}]","[{""id"": 102, ""states"": [""ON""]}, {""id"": 103, ""states"": [""ON""]}]",2,2,4,"[""[WALK] <tablelamp> (102)"", ""[SWITCHON] <tablelamp> (102)"", ""[WALK] <tablelamp> (103)"", ""[SWITCHON] <tablelamp> (103)""]",False
state_change_task,example,example_task9,Turn on all computers,Turn {state} all {object},on,computers,,1,livingroom,"[{""id"": 174, ""states"": [""ON""]}, {""id"": 433, ""states"": [""ON""]}]","[{""id"": 174, ""states"": [""ON""]}, {""id"": 433, ""states"": [""ON""]}]",2,0,0,[],True
state_change_task,example,example_task10,Turn on all computers,Turn {state} all {object},on,computers,,1,bedroom,"[{""id"": 174, ""states"": [""ON""]}, {""id"": 433, ""states"": [""OFF""]}]","[{""id"": 174, ""states"": [""ON""]}, {""id"": 433, ""states"": [""ON""]}]",2,1,2,"[""[WALK] <computer> (433)"", ""[SWITCHON] <computer> (433)""]",False
state_change_task,example,example_task11,Turn on all computers,Turn {state} all {object},on,computers,,1,kitchen,"[{""id"": 174, ""states"": [""OFF""]}, {""id"": 433, ""states"": [""ON""]}]","[{""id"": 174, ""states"": [""ON""]}, {""id"": 433, ""states"": [""ON""]}]",2,1,2,"[""[WALK] <computer> (174)"", ""[SWITCHON] <computer> (174)""]",False
state_change_task,example,example_task12,Turn on all computers,Turn {state} all {object},on,computers,,1,livingroom,"[{""id"": 174, ""states"": [""OFF""]}, {""id"": 433, ""states"": [""OFF""]}]","[{""id"": 174, ""states"": [""ON""]}, {""id"": 433, ""states"": [""ON""]}]",2,2,4,"[""[WALK] <computer> (174)"", ""[SWITCHON] <computer> (174)"", ""[WALK] <computer> (433)"", ""[SWITCHON] <computer> (433)""]",False
state_change_task,example,example_task13,Turn off all faucets,Turn {state} all {object},off,faucets,,1,livingroom,"[{""id"": 50, ""states"": [""ON""]}, {""id"": 248, ""states"": [""ON""]}]","[{""id"": 50, ""states"": [""OFF""]}, {""id"": 248, ""states"": [""OFF""]}]",2,2,4,"[""[WALK] <faucet> (50)"", ""[SWITCHOFF] <faucet> (50)"", ""[WALK] <faucet> (248)"", ""[SWITCHOFF] <faucet> (248)""]",False
state_change_task,example,example_task14,Turn off all faucets,Turn {state} all {object},off,faucets,,1,bathroom,"[{""id"": 50, ""states"": [""ON""]}, {""id"": 248, ""states"": [""OFF""]}]","[{""id"": 50, ""states"": [""OFF""]}, {""id"": 248, ""states"": [""OFF""]}]",2,1,2,"[""[WALK] <faucet> (50)"", ""[SWITCHOFF] <faucet> (50)""]",False
state_change_task,example,example_task15,Turn off all faucets,Turn {state} all {object},off,faucets,,1,bathroom,"[{""id"": 50, ""states"": [""OFF""]}, {""id"": 248, ""states"": [""ON""]}]","[{""id"": 50, ""states"": [""OFF""]}, {""id"": 248, ""states"": [""OFF""]}]",2,1,2,"[""[WALK] <faucet> (248)"", ""[SWITCHOFF] <faucet> (248)""]",False
state_change_task,example,example_task16,Turn off all faucets,Turn {state} all {object},off,faucets,,1,bedroom,"[{""id"": 50, ""states"": [""OFF""]}, {""id"": 248, ""states"": [""OFF""]}]","[{""id"": 50, ""states"": [""OFF""]}, {""id"": 248, ""states"": [""OFF""]}]",2,0,0,[],True
state_change_task,example,example_task17,Turn off all candles,Turn {state} all {object},off,candles,,1,bathroom,"[{""id"": 69, ""states"": [""ON""]}, {""id"": 181, ""states"": [""ON""]}]","[{""id"": 69, ""states"": [""OFF""]}, {""id"": 181, ""states"": [""OFF""]}]",2,2,4,"[""[WALK] <candle> (69)"", ""[SWITCHOFF] <candle> (69)"", ""[WALK] <candle> (181)"", ""[SWITCHOFF] <candle> (181)""]",False
state_change_task,example,example_task18,Turn off all candles,Turn {state} all {object},off,candles,,1,bedroom,"[{""id"": 69, ""states"": [""ON""]}, {""id"": 181, ""states"": [""OFF""]}]","[{""id"": 69, ""states"": [""OFF""]}, {""id"": 181, ""states"": [""OFF""]}]",2,1,2,"[""[WALK] <candle> (69)"", ""[SWITCHOFF] <candle> (69)""]",False
state_change_task,example,example_task19,Turn off all candles,Turn {state} all {object},off,candles,,1,kitchen,"[{""id"": 69, ""states"": [""OFF""]}, {""id"": 181, ""states"": [""ON""]}]","[{""id"": 69, ""states"": [""OFF""]}, {""id"": 181, ""states"": [""OFF""]}]",2,1,2,"[""[WALK] <candle> (181)"", ""[SWITCHOFF] <candle> (181)""]",False
state_change_task,example,example_task20,Turn off all candles,Turn {state} all {object},off,candles,,1,livingroom,"[{""id"": 69, ""states"": [""OFF""]}, {""id"": 181, ""states"": [""OFF""]}]","[{""id"": 69, ""states"": [""OFF""]}, {""id"": 181, ""states"": [""OFF""]}]",2,0,0,[],True
state_change_task,example,example_task21,Turn off all cellphones,Turn {state} all {object},off,cellphones,,1,bathroom,"[{""id"": 188, ""states"": [""ON""]}, {""id"": 202, ""states"": [""ON""]}, {""id"": 448, ""states"": [""ON""]}, {""id"": 449, ""states"": [""ON""]}]","[{""id"": 188, ""states"": [""OFF""]}, {""id"": 202, ""states"": [""OFF""]}, {""id"": 448, ""states"": [""OFF""]}, {""id"": 449, ""states"": [""OFF""]}]",4,4,8,"[""[WALK] <cellphone> (188)"", ""[SWITCHOFF] <cellphone> (188)"", ""[WALK] <cellphone> (202)"", ""[SWITCHOFF] <cellphone> (202)"", ""[WALK] <cellphone> (448)"", ""[SWITCHOFF] <cellphone> (448)"", ""[WALK] <cellphone> (449)"", ""[SWITCHOFF] <cellphone> (449)""]",False
state_change_task,example,example_task22,Turn off all cellphones,Turn {state} all {object},off,cellphones,,1,kitchen,"[{""id"": 188, ""states"": [""ON""]}, {""id"": 202, ""states"": [""ON""]}, {""id"": 448, ""states"": [""ON""]}, {""id"": 449, ""states"": [""OFF""]}]","[{""id"": 188, ""states"": [""OFF""]}, {""id"": 202, ""states"": [""OFF""]}, {""id"": 448, ""states"": [""OFF""]}, {""id"": 449, ""states"": [""OFF""]}]",4,3,6,"[""[WALK] <cellphone> (188)"", ""[SWITCHOFF] <cellphone> (188)"", ""[WALK] <cellphone> (202)"", ""[SWITCHOFF] <cellphone> (202)"", ""[WALK] <cellphone> (448)"", ""[SWITCHOFF] <cellphone> (448)""]",False
state_change_task,example,example_task23,Turn off all cellphones,Turn {state} all {object},off,cellphones,,1,bedroom,"[{""id"": 188, ""states"": [""ON""]}, {""id"": 202, ""states"": [""ON""]}, {""id"": 448, ""states"": [""OFF""]}, {""id"": 449, ""states"": [""ON""]}]","[{""id"": 188, ""states"": [""OFF""]}, {""id"": 202, ""states"": [""OFF""]}, {""id"": 448, ""states"": [""OFF""]}, {""id"": 449, ""states"": [""OFF""]}]",4,3,6,"[""[WALK] <cellphone> (188)"", ""[SWITCHOFF] <cellphone> (188)"", ""[WALK] <cellphone> (202)"", ""[SWITCHOFF] <cellphone> (202)"", ""[WALK] <cellphone> (449)"", ""[SWITCHOFF] <cellphone> (449)""]",False
state_change_task,example,example_task24,Turn off all cellphones,Turn {state} all {object},off,cellphones,,1,livingroom,"[{""id"": 188, ""states"": [""ON""]}, {""id"": 202, ""states"": [""ON""]}, {""id"": 448, ""states"": [""OFF""]}, {""id"": 449, ""states"": [""OFF""]}]","[{""id"": 188, ""states"": [""OFF""]}, {""id"": 202, ""states"": [""OFF""]}, {""id"": 448, ""states"": [""OFF""]}, {""id"": 449, ""states"": [""OFF""]}]",4,2,4,"[""[WALK] <cellphone> (188)"", ""[SWITCHOFF] <cellphone> (188)"", ""[WALK] <cellphone> (202)"", ""[SWITCHOFF] <cellphone> (202)""]",False
state_change_task,example,example_task25,Turn off all cellphones,Turn {state} all {object},off,cellphones,,1,bathroom,"[{""id"": 188, ""states"": [""ON""]}, {""id"": 202, ""states"": [""OFF""]}, {""id"": 448, ""states"": [""ON""]}, {""id"": 449, ""states"": [""ON""]}]","[{""id"": 188, ""states"": [""OFF""]}, {""id"": 202, ""states"": [""OFF""]}, {""id"": 448, ""states"": [""OFF""]}, {""id"": 449, ""states"": [""OFF""]}]",4,3,6,"[""[WALK] <cellphone> (188)"", ""[SWITCHOFF] <cellphone> (188)"", ""[WALK] <cellphone> (448)"", ""[SWITCHOFF] <cellphone> (448)"", ""[WALK] <cellphone> (449)"", ""[SWITCHOFF] <cellphone> (449)""]",False
state_change_task,example,example_task26,Turn off all cellphones,Turn {state} all {object},off,cellphones,,1,bathroom,"[{""id"": 188, ""states"": [""ON""]}, {""id"": 202, ""states"": [""OFF""]}, {""id"": 448, ""states"": [""ON""]}, {""id"": 449, ""states"": [""OFF""]}]","[{""id"": 188, ""states"": [""OFF""]}, {""id"": 202, ""states"": [""OFF""]}, {""id"": 448, ""states"": [""OFF""]}, {""id"": 449, ""states"": [""OFF""]}]",4,2,4,"[""[WALK] <cellphone> (188)"", ""[SWITCHOFF] <cellphone> (188)"", ""[WALK] <cellphone> (448)"", ""[SWITCHOFF] <cellphone> (448)""]",False
state_change_task,example,example_task27,Turn off all cellphones,Turn {state} all {object},off,cellphones,,1,kitchen,"[{""id"": 188, ""states"": [""ON""]}, {""id"": 202, ""states"": [""OFF""]}, {""id"": 448, ""states"": [""OFF""]}, {""id"": 449, ""states"": [""ON""]}]","[{""id"": 188, ""states"": [""OFF""]}, {""id"": 202, ""states"": [""OFF""]}, {""id"": 448, ""states"": [""OFF""]}, {""id"": 449, ""states"": [""OFF""]}]",4,2,4,"[""[WALK] <cellphone> (188)"", ""[SWITCHOFF] <cellphone> (188)"", ""[WALK] <cellphone> (449)"", ""[SWITCHOFF] <cellphone> (449)""]",False
state_change_task,example,example_task28,Turn off all cellphones,Turn {state} all {object},off,cellphones,,1,bedroom,"[{""id"": 188, ""states"": [""ON""]}, {""id"": 202, ""states"": [""OFF""]}, {""id"": 448, ""states"": [""OFF""]}, {""id"": 449, ""states"": [""OFF""]}]","[{""id"": 188, ""states"": [""OFF""]}, {""id"": 202, ""states"": [""OFF""]}, {""id"": 448, ""states"": [""OFF""]}, {""id"": 449, ""states"": [""OFF""]}]",4,1,2,"[""[WALK] <cellphone> (188)"", ""[SWITCHOFF] <cellphone> (188)""]",False
state_change_task,example,example_task29,Turn off all cellphones,Turn {state} all {object},off,cellphones,,1,livingroom,"[{""id"": 188, ""states"": [""OFF""]}, {""id"": 202, ""states"": [""ON""]}, {""id"": 448, ""states"": [""ON""]}, {""id"": 449, ""states"": [""ON""]}]","[{""id"": 188, ""states"": [""OFF""]}, {""id"": 202, ""states"": [""OFF""]}, {""id"": 448, ""states"": [""OFF""]}, {""id"": 449, ""states"": [""OFF""]}]",4,3,6,"[""[WALK] <cellphone> (202)"", ""[SWITCHOFF] <cellphone> (202)"", ""[WALK] <cellphone> (448)"", ""[SWITCHOFF] <cellphone> (448)"", ""[WALK] <cellphone> (449)"", ""[SWITCHOFF] <cellphone> (449)""]",False
state_change_task,example,example_task30,Turn off all cellphones,Turn {state} all {object},off,cellphones,,1,kitchen,"[{""id"": 188, ""states"": [""OFF""]}, {""id"": 202, ""states"": [""ON""]}, {""id"": 448, ""states"": [""ON""]}, {""id"": 449, ""states"": [""OFF""]}]","[{""id"": 188, ""states"": [""OFF""]}, {""id"": 202, ""states"": [""OFF""]}, {""id"": 448, ""states"": [""OFF""]}, {""id"": 449, ""states"": [""OFF""]}]",4,2,4,"[""[WALK] <cellphone> (202)"", ""[SWITCHOFF] <cellphone> (202)"", ""[WALK] <cellphone> (448)"", ""[SWITCHOFF] <cellphone> (448)""]",False
state_change_task,example,example_task31,Turn off all cellphones,Turn {state} all {object},off,cellphones,,1,bathroom,"[{""id"": 188, ""states"": [""OFF""]}, {""id"": 202, ""states"": [""ON""]}, {""id"": 448, ""states"": [""OFF""]}, {""id"": 449, ""states"": [""ON""]}]","[{""id"": 188, ""states"": [""OFF""]}, {""id"": 202, ""states"": [""OFF""]}, {""id"": 448, ""states"": [""OFF""]}, {""id"": 449, ""states"": [""OFF""]}]",4,2,4,"[""[WALK] <cellphone> (202)"", ""[SWITCHOFF] <cellphone> (202)"", ""[WALK] <cellphone> (449)"", ""[SWITCHOFF] <cellphone> (449)""]",False
state_change_task,example,example_task32,Turn off all cellphones,Turn {state} all {object},off,cellphones,,1,bathroom,"[{""id"": 188, ""states"": [""OFF""]}, {""id"": 202, ""states"": [""ON""]}, {""id"": 448, ""states"": [""OFF""]}, {""id"": 449, ""states"": [""OFF""]}]","[{""id"": 188, ""states"": [""OFF""]}, {""id"": 202, ""states"": [""OFF""]}, {""id"": 448, ""states"": [""OFF""]}, {""id"": 449, ""states"": [""OFF""]}]",4,1,2,"[""[WALK] <cellphone> (202)"", ""[SWITCHOFF] <cellphone> (202)""]",False
state_change_task,example,example_task33,Turn off all cellphones,Turn {state} all {object},off,cellphones,,1,bedroom,"[{""id"": 188, ""states"": [""OFF""]}, {""id"": 202, ""states"": [""OFF""]}, {""id"": 448, ""states"": [""ON""]}, {""id"": 449, ""states"": [""ON""]}]","[{""id"": 188, ""states"": [""OFF""]}, {""id"": 202, ""states"": [""OFF""]}, {""id"": 448, ""states"": [""OFF""]}, {""id"": 449, ""states"": [""OFF""]}]",4,2,4,"[""[WALK] <cellphone> (448)"", ""[SWITCHOFF] <cellphone> (448)"", ""[WALK] <cellphone> (449)"", ""[SWITCHOFF] <cellphone> (449)""]",False
state_change_task,example,example_task34,Turn off all cellphones,Turn {state} all {object},off,cellphones,,1,bedroom,"[{""id"": 188, ""states"": [""OFF""]}, {""id"": 202, ""states"": [""OFF""]}, {""id"": 448, ""states"": [""ON""]}, {""id"": 449, ""states"": [""OFF""]}]","[{""id"": 188, ""states"": [""OFF""]}, {""id"": 202, ""states"": [""OFF""]}, {""id"": 448, ""states"": [""OFF""]}, {""id"": 449, ""states"": [""OFF""]}]",4,1,2,"[""[WALK] <cellphone> (448)"", ""[SWITCHOFF] <cellphone> (448)""]",False
state_change_task,example,example_task35,Turn off all cellphones,Turn {state} all {object},off,cellphones,,1,livingroom,"[{""id"": 188, ""states"": [""OFF""]}, {""id"": 202, ""states"": [""OFF""]}, {""id"": 448, ""states"": [""OFF""]}, {""id"": 449, ""states"": [""ON""]}]","[{""id"": 188, ""states"": [""OFF""]}, {""id"": 202, ""states"": [""OFF""]}, {""id"": 448, ""states"": [""OFF""]}, {""id"": 449, ""states"": [""OFF""]}]",4,1,2,"[""[WALK] <cellphone> (449)"", ""[SWITCHOFF] <cellphone> (449)""]",False
state_change_task,example,example_task36,Turn off all cellphones,Turn {state} all {object},off,cellphones,,1,bathroom,"[{""id"": 188, ""states"": [""OFF""]}, {""id"": 202, ""states"": [""OFF""]}, {""id"": 448, ""states"": [""OFF""]}, {""id"": 449, ""states"": [""OFF""]}]","[{""id"": 188, ""states"": [""OFF""]}, {""id"": 202, ""states"": [""OFF""]}, {""id"": 448, ""states"": [""OFF""]}, {""id"": 449, ""states"": [""OFF""]}]",4,0,0,[],True
state_change_task,example,example_task37,Turn on all faucets,Turn {state} all {object},on,faucets,,2,kitchen,"[{""id"": 29, ""states"": [""ON""]}, {""id"": 220, ""states"": [""ON""]}]","[{""id"": 29, ""states"": [""ON""]}, {""id"": 220, ""states"": [""ON""]}]",2,0,0,[],True
state_change_task,example,example_task38,Turn on all faucets,Turn {state} all {object},on,faucets,,2,bedroom,"[{""id"": 29, ""states"": [""ON""]}, {""id"": 220, ""states"": [""OFF""]}]","[{""id"": 29, ""states"": [""ON""]}, {""id"": 220, ""states"": [""ON""]}]",2,1,2,"[""[WALK] <faucet> (220)"", ""[SWITCHON] <faucet> (220)""]",False
state_change_task,example,example_task39,Turn on all faucets,Turn {state} all {object},on,faucets,,2,bedroom,"[{""id"": 29, ""states"": [""OFF""]}, {""id"": 220, ""states"": [""ON""]}]","[{""id"": 29, ""states"": [""ON""]}, {""id"": 220, ""states"": [""ON""]}]",2,1,2,"[""[WALK] <faucet> (29)"", ""[SWITCHON] <faucet> (29)""]",False
state_change_task,example,example_task40,Turn on all faucets,Turn {state} all {object},on,faucets,,2,livingroom,"[{""id"": 29, ""states"": [""OFF""]}, {""id"": 220, ""states"": [""OFF""]}]","[{""id"": 29, ""states"": [""ON""]}, {""id"": 220, ""states"": [""ON""]}]",2,2,4,"[""[WALK] <faucet> (29)"", ""[SWITCHON] <faucet> (29)"", ""[WALK] <faucet> (220)"", ""[SWITCHON] <faucet> (220)""]",False
state_change_task,example,example_task41,Turn on all computers,Turn {state} all {object},on,computers,,2,bathroom,"[{""id"": 94, ""states"": [""ON""]}, {""id"": 295, ""states"": [""ON""]}]","[{""id"": 94, ""states"": [""ON""]}, {""id"": 295, ""states"": [""ON""]}]",2,0,0,[],True
state_change_task,example,example_task42,Turn on all computers,Turn {state} all {object},on,computers,,2,kitchen,"[{""id"": 94, ""states"": [""ON""]}, {""id"": 295, ""states"": [""OFF""]}]","[{""id"": 94, ""states"": [""ON""]}, {""id"": 295, ""states"": [""ON""]}]",2,1,2,"[""[WALK] <computer> (295)"", ""[SWITCHON] <computer> (295)""]",False
state_change_task,example,example_task43,Turn on all computers,Turn {state} all {object},on,computers,,2,bedroom,"[{""id"": 94, ""states"": [""OFF""]}, {""id"": 295, ""states"": [""ON""]}]","[{""id"": 94, ""states"": [""ON""]}, {""id"": 295, ""states"": [""ON""]}]",2,1,2,"[""[WALK] <computer> (94)"", ""[SWITCHON] <computer> (94)""]",False
state_change_task,example,example_task44,Turn on all computers,Turn {state} all {object},on,computers,,2,bedroom,"[{""id"": 94, ""states"": [""OFF""]}, {""id"": 295, ""states"": [""OFF""]}]","[{""id"": 94, ""states"": [""ON""]}, {""id"": 295, ""states"": [""ON""]}]",2,2,4,"[""[WALK] <computer> (94)"", ""[SWITCHON] <computer> (94)"", ""[WALK] <computer> (295)"", ""[SWITCHON] <computer> (295)""]",False
state_change_task,example,example_task45,Turn on all tablelamps,Turn {state} all {object},on,tablelamps,,2,livingroom,"[{""id"": 124, ""states"": [""ON""]}, {""id"": 125, ""states"": [""ON""]}]","[{""id"": 124, ""states"": [""ON""]}, {""id"": 125, ""states"": [""ON""]}]",2,0,0,[],True
state_change_task,example,example_task46,Turn on all tablelamps,Turn {state} all {object},on,tablelamps,,2,bathroom,"[{""id"": 124, ""states"": [""ON""]}, {""id"": 125, ""states"": [""OFF""]}]","[{""id"": 124, ""states"": [""ON""]}, {""id"": 125, ""states"": [""ON""]}]",2,1,2,"[""[WALK] <tablelamp> (125)"", ""[SWITCHON] <tablelamp> (125)""]",False
state_change_task,example,example_task47,Turn on all tablelamps,Turn {state} all {object},on,tablelamps,,2,bathroom,"[{""id"": 124, ""states"": [""OFF""]}, {""id"": 125, ""states"": [""ON""]}]","[{""id"": 124, ""states"": [""ON""]}, {""id"": 125, ""states"": [""ON""]}]",2,1,2,"[""[WALK] <tablelamp> (124)"", ""[SWITCHON] <tablelamp> (124)""]",False
state_change_task,example,example_task48,Turn on all tablelamps,Turn {state} all {object},on,tablelamps,,2,bathroom,"[{""id"": 124, ""states"": [""OFF""]}, {""id"": 125, ""states"": [""OFF""]}]","[{""id"": 124, ""states"": [""ON""]}, {""id"": 125, ""states"": [""ON""]}]",2,2,4,"[""[WALK] <tablelamp> (124)"", ""[SWITCHON] <tablelamp> (124)"", ""[WALK] <tablelamp> (125)"", ""[SWITCHON] <tablelamp> (125)""]",False
state_change_task,example,example_task49,Turn off all faucets,Turn {state} all {object},off,faucets,,2,bathroom,"[{""id"": 29, ""states"": [""ON""]}, {""id"": 220, ""states"": [""ON""]}]","[{""id"": 29, ""states"": [""OFF""]}, {""id"": 220, ""states"": [""OFF""]}]",2,2,4,"[""[WALK] <faucet> (29)"", ""[SWITCHOFF] <faucet> (29)"", ""[WALK] <faucet> (220)"", ""[SWITCHOFF] <faucet> (220)""]",False
state_change_task,example,example_task50,Turn off all faucets,Turn {state} all {object},off,faucets,,2,kitchen,"[{""id"": 29, ""states"": [""ON""]}, {""id"": 220, ""states"": [""OFF""]}]","[{""id"": 29, ""states"": [""OFF""]}, {""id"": 220, ""states"": [""OFF""]}]",2,1,2,"[""[WALK] <faucet> (29)"", ""[SWITCHOFF] <faucet> (29)""]",False
state_change_task,example,example_task51,Turn off all faucets,Turn {state} all {object},off,faucets,,2,bedroom,"[{""id"": 29, ""states"": [""OFF""]}, {""id"": 220, ""states"": [""ON""]}]","[{""id"": 29, ""states"": [""OFF""]}, {""id"": 220, ""states"": [""OFF""]}]",2,1,2,"[""[WALK] <faucet> (220)"", ""[SWITCHOFF] <faucet> (220)""]",False
state_change_task,example,example_task52,Turn off all faucets,Turn {state} all {object},off,faucets,,2,livingroom,"[{""id"": 29, ""states"": [""OFF""]}, {""id"": 220, ""states"": [""OFF""]}]","[{""id"": 29, ""states"": [""OFF""]}, {""id"": 220, ""states"": [""OFF""]}]",2,0,0,[],True
state_change_task,example,example_task53,Turn off all cellphones,Turn {state} all {object},off,cellphones,,2,bedroom,"[{""id"": 111, ""states"": [""ON""]}, {""id"": 185, ""states"": [""ON""]}, {""id"": 318, ""states"": [""ON""]}]","[{""id"": 111, ""states"": [""OFF""]}, {""id"": 185, ""states"": [""OFF""]}, {""id"": 318, ""states"": [""OFF""]}]",3,3,6,"[""[WALK] <cellphone> (111)"", ""[SWITCHOFF] <cellphone> (111)"", ""[WALK] <cellphone> (185)"", ""[SWITCHOFF] <cellphone> (185)"", ""[WALK] <cellphone> (318)"", ""[SWITCHOFF] <cellphone> (318)""]",False
state_change_task,example,example_task54,Turn off all cellphones,Turn {state} all {object},off,cellphones,,2,bedroom,"[{""id"": 111, ""states"": [""ON""]}, {""id"": 185, ""states"": [""ON""]}, {""id"": 318, ""states"": [""OFF""]}]","[{""id"": 111, ""states"": [""OFF""]}, {""id"": 185, ""states"": [""OFF""]}, {""id"": 318, ""states"": [""OFF""]}]",3,2,4,"[""[WALK] <cellphone> (111)"", ""[SWITCHOFF] <cellphone> (111)"", ""[WALK] <cellphone> (185)"", ""[SWITCHOFF] <cellphone> (185)""]",False
state_change_task,example,example_task55,Turn off all cellphones,Turn {state} all {object},off,cellphones,,2,bedroom,"[{""id"": 111, ""states"": [""ON""]}, {""id"": 185, ""states"": [""OFF""]}, {""id"": 318, ""states"": [""ON""]}]","[{""id"": 111, ""states"": [""OFF""]}, {""id"": 185, ""states"": [""OFF""]}, {""id"": 318, ""states"": [""OFF""]}]",3,2,4,"[""[WALK] <cellphone> (111)"", ""[SWITCHOFF] <cellphone> (111)"", ""[WALK] <cellphone> (318)"", ""[SWITCHOFF] <cellphone> (318)""]",False
state_change_task,example,example_task56,Turn off all cellphones,Turn {state} all {object},off,cellphones,,2,bedroom,"[{""id"": 111, ""states"": [""ON""]}, {""id"": 185, ""states"": [""OFF""]}, {""id"": 318, ""states"": [""OFF""]}]","[{""id"": 111, ""states"": [""OFF""]}, {""id"": 185, ""states"": [""OFF""]}, {""id"": 318, ""states"": [""OFF""]}]",3,1,2,"[""[WALK] <cellphone> (111)"", ""[SWITCHOFF] <cellphone> (111)""]",False
state_change_task,example,example_task57,Turn off all cellphones,Turn {state} all {object},off,cellphones,,2,bedroom,"[{""id"": 111, ""states"": [""OFF""]}, {""id"": 185, ""states"": [""ON""]}, {""id"": 318, ""states"": [""ON""]}]","[{""id"": 111, ""states"": [""OFF""]}, {""id"": 185, ""states"": [""OFF""]}, {""id"": 318, ""states"": [""OFF""]}]",3,2,4,"[""[WALK] <cellphone> (185)"", ""[SWITCHOFF] <cellphone> (185)"", ""[WALK] <cellphone> (318)"", ""[SWITCHOFF] <cellphone> (318)""]",False
state_change_task,example,example_task58,Turn off all cellphones,Turn {state} all {object},off,cellphones,,2,kitchen,"[{""id"": 111, ""states"": [""OFF""]}, {""id"": 185, ""states"": [""ON""]}, {""id"": 318, ""states"": [""OFF""]}]","[{""id"": 111, ""states"": [""OFF""]}, {""id"": 185, ""states"": [""OFF""]}, {""id"": 318, ""states"": [""OFF""]}]",3,1,2,"[""[WALK] <cellphone> (185)"", ""[SWITCHOFF] <cellphone> (185)""]",False
state_change_task,example,example_task59,Turn off all cellphones,Turn {state} all {object},off,cellphones,,2,bathroom,"[{""id"": 111, ""states"": [""OFF""]}, {""id"": 185, ""states"": [""OFF""]}, {""id"": 318, ""states"": [""ON""]}]","[{""id"": 111, ""states"": [""OFF""]}, {""id"": 185, ""states"": [""OFF""]}, {""id"": 318, ""states"": [""OFF""]}]",3,1,2,"[""[WALK] <cellphone> (318)"", ""[SWITCHOFF] <cellphone> (318)""]",False
state_change_task,example,example_task60,Turn off all cellphones,Turn {state} all {object},off,cellphones,,2,kitchen,"[{""id"": 111, ""states"": [""OFF""]}, {""id"": 185, ""states"": [""OFF""]}, {""id"": 318, ""states"": [""OFF""]}]","[{""id"": 111, ""states"": [""OFF""]}, {""id"": 185, ""states"": [""OFF""]}, {""id"": 318, ""states"": [""OFF""]}]",3,0,0,[],True
state_change_task,example,example_task61,Turn off all candles,Turn {state} all {object},off,candles,,2,bathroom,"[{""id"": 194, ""states"": [""ON""]}, {""id"": 197, ""states"": [""ON""]}]","[{""id"": 194, ""states"": [""OFF""]}, {""id"": 197, ""states"": [""OFF""]}]",2,2,4,"[""[WALK] <candle> (194)"", ""[SWITCHOFF] <candle> (194)"", ""[WALK] <candle> (197)"", ""[SWITCHOFF] <candle> (197)""]",False
state_change_task,example,example_task62,Turn off all candles,Turn {state} all {object},off,candles,,2,bedroom,"[{""id"": 194, ""states"": [""ON""]}, {""id"": 197, ""states"": [""OFF""]}]","[{""id"": 194, ""states"": [""OFF""]}, {""id"": 197, ""states"": [""OFF""]}]",2,1,2,"[""[WALK] <candle> (194)"", ""[SWITCHOFF] <candle> (194)""]",False
state_change_task,example,example_task63,Turn off all candles,Turn {state} all {object},off,candles,,2,bedroom,"[{""id"": 194, ""states"": [""OFF""]}, {""id"": 197, ""states"": [""ON""]}]","[{""id"": 194, ""states"": [""OFF""]}, {""id"": 197, ""states"": [""OFF""]}]",2,1,2,"[""[WALK] <candle> (197)"", ""[SWITCHOFF] <candle> (197)""]",False
state_change_task,example,example_task64,Turn off all candles,Turn {state} all {object},off,candles,,2,kitchen,"[{""id"": 194, ""states"": [""OFF""]}, {""id"": 197, ""states"": [""OFF""]}]","[{""id"": 194, ""states"": [""OFF""]}, {""id"": 197, ""states"": [""OFF""]}]",2,0,0,[],True
state_change_task,example,example_task65,Turn on all faucets,Turn {state} all {object},on,faucets,,3,bedroom,"[{""id"": 156, ""states"": [""ON""]}, {""id"": 327, ""states"": [""ON""]}]","[{""id"": 156, ""states"": [""ON""]}, {""id"": 327, ""states"": [""ON""]}]",2,0,0,[],True
state_change_task,example,example_task66,Turn on all faucets,Turn {state} all {object},on,faucets,,3,bedroom,"[{""id"": 156, ""states"": [""ON""]}, {""id"": 327, ""states"": [""OFF""]}]","[{""id"": 156, ""states"": [""ON""]}, {""id"": 327, ""states"": [""ON""]}]",2,1,2,"[""[WALK] <faucet> (327)"", ""[SWITCHON] <faucet> (327)""]",False
state_change_task,example,example_task67,Turn on all faucets,Turn {state} all {object},on,faucets,,3,livingroom,"[{""id"": 156, ""states"": [""OFF""]}, {""id"": 327, ""states"": [""ON""]}]","[{""id"": 156, ""states"": [""ON""]}, {""id"": 327, ""states"": [""ON""]}]",2,1,2,"[""[WALK] <faucet> (156)"", ""[SWITCHON] <faucet> (156)""]",False
state_change_task,example,example_task68,Turn on all faucets,Turn {state} all {object},on,faucets,,3,livingroom,"[{""id"": 156, ""states"": [""OFF""]}, {""id"": 327, ""states"": [""OFF""]}]","[{""id"": 156, ""states"": [""ON""]}, {""id"": 327, ""states"": [""ON""]}]",2,2,4,"[""[WALK] <faucet> (156)"", ""[SWITCHON] <faucet> (156)"", ""[WALK] <faucet> (327)"", ""[SWITCHON] <faucet> (327)""]",False
state_change_task,example,example_task69,Turn on all tablelamps,Turn {state} all {object},on,tablelamps,,3,kitchen,"[{""id"": 256, ""states"": [""ON""]}, {""id"": 376, ""states"": [""ON""]}, {""id"": 377, ""states"": [""ON""]}]","[{""id"": 256, ""states"": [""ON""]}, {""id"": 376, ""states"": [""ON""]}, {""id"": 377, ""states"": [""ON""]}]",3,0,0,[],True
state_change_task,example,example_task70,Turn on all tablelamps,Turn {state} all {object},on,tablelamps,,3,bedroom,"[{""id"": 256, ""states"": [""ON""]}, {""id"": 376, ""states"": [""ON""]}, {""id"": 377, ""states"": [""OFF""]}]","[{""id"": 256, ""states"": [""ON""]}, {""id"": 376, ""states"": [""ON""]}, {""id"": 377, ""states"": [""ON""]}]",3,1,2,"[""[WALK] <tablelamp> (377)"", ""[SWITCHON] <tablelamp> (377)""]",False
state_change_task,example,example_task71,Turn on all tablelamps,Turn {state} all {object},on,tablelamps,,3,bedroom,"[{""id"": 256, ""states"": [""ON""]}, {""id"": 376, ""states"": [""OFF""]}, {""id"": 377, ""states"": [""ON""]}]","[{""id"": 256, ""states"": [""ON""]}, {""id"": 376, ""states"": [""ON""]}, {""id"": 377, ""states"": [""ON""]}]",3,1,2,"[""[WALK] <tablelamp> (376)"", ""[SWITCHON] <tablelamp> (376)""]",False
state_change_task,example,example_task72,Turn on all tablelamps,Turn {state} all {object},on,tablelamps,,3,bathroom,"[{""id"": 256, ""states"": [""ON""]}, {""id"": 376, ""states"": [""OFF""]}, {""id"": 377, ""states"": [""OFF""]}]","[{""id"": 256, ""states"": [""ON""]}, {""id"": 376, ""states"": [""ON""]}, {""id"": 377, ""states"": [""ON""]}]",3,2,4,"[""[WALK] <tablelamp> (376)"", ""[SWITCHON] <tablelamp> (376)"", ""[WALK] <tablelamp> (377)"", ""[SWITCHON] <tablelamp> (377)""]",False
state_change_task,example,example_task73,Turn on all tablelamps,Turn {state} all {object},on,tablelamps,,3,livingroom,"[{""id"": 256, ""states"": [""OFF""]}, {""id"": 376, ""states"": [""ON""]}, {""id"": 377, ""states"": [""ON""]}]","[{""id"": 256, ""states"": [""ON""]}, {""id"": 376, ""states"": [""ON""]}, {""id"": 377, ""states"": [""ON""]}]",3,1,2,"[""[WALK] <tablelamp> (256)"", ""[SWITCHON] <tablelamp> (256)""]",False
state_change_task,example,example_task74,Turn on all tablelamps,Turn {state} all {object},on,tablelamps,,3,livingroom,"[{""id"": 256, ""states"": [""OFF""]}, {""id"": 376, ""states"": [""ON""]}, {""id"": 377, ""states"": [""OFF""]}]","[{""id"": 256, ""states"": [""ON""]}, {""id"": 376, ""states"": [""ON""]}, {""id"": 377, ""states"": [""ON""]}]",3,2,4,"[""[WALK] <tablelamp> (256)"", ""[SWITCHON] <tablelamp> (256)"", ""[WALK] <tablelamp> (377)"", ""[SWITCHON] <tablelamp> (377)""]",False
state_change_task,example,example_task75,Turn on all tablelamps,Turn {state} all {object},on,tablelamps,,3,bedroom,"[{""id"": 256, ""states"": [""OFF""]}, {""id"": 376, ""states"": [""OFF""]}, {""id"": 377, ""states"": [""ON""]}]","[{""id"": 256, ""states"": [""ON""]}, {""id"": 376, ""states"": [""ON""]}, {""id"": 377, ""states"": [""ON""]}]",3,2,4,"[""[WALK] <tablelamp> (256)"", ""[SWITCHON] <tablelamp> (256)"", ""[WALK] <tablelamp> (376)"", ""[SWITCHON] <tablelamp> (376)""]",False
state_change_task,example,example_task76,Turn on all tablelamps,Turn {state} all {object},on,tablelamps,,3,kitchen,"[{""id"": 256, ""states"": [""OFF""]}, {""id"": 376, ""states"": [""OFF""]}, {""id"": 377, ""states"": [""OFF""]}]","[{""id"": 256, ""states"": [""ON""]}, {""id"": 376, ""states"": [""ON""]}, {""id"": 377, ""states"": [""ON""]}]",3,3,6,"[""[WALK] <tablelamp> (256)"", ""[SWITCHON] <tablelamp> (256)"", ""[WALK] <tablelamp> (376)"", ""[SWITCHON] <tablelamp> (376)"", ""[WALK] <tablelamp> (377)"", ""[SWITCHON] <tablelamp> (377)""]",False
state_change_task,example,example_task77,Turn off all cellphones,Turn {state} all {object},off,cellphones,,3,bedroom,"[{""id"": 120, ""states"": [""ON""]}, {""id"": 274, ""states"": [""ON""]}]","[{""id"": 120, ""states"": [""OFF""]}, {""id"": 274, ""states"": [""OFF""]}]",2,2,4,"[""[WALK] <cellphone> (120)"", ""[SWITCHOFF] <cellphone> (120)"", ""[WALK] <cellphone> (274)"", ""[SWITCHOFF] <cellphone> (274)""]",False
state_change_task,example,example_task78,Turn off all cellphones,Turn {state} all {object},off,cellphones,,3,bedroom,"[{""id"": 120, ""states"": [""ON""]}, {""id"": 274, ""states"": [""OFF""]}]","[{""id"": 120, ""states"": [""OFF""]}, {""id"": 274, ""states"": [""OFF""]}]",2,1,2,"[""[WALK] <cellphone> (120)"", ""[SWITCHOFF] <cellphone> (120)""]",False
state_change_task,example,example_task79,Turn off all cellphones,Turn {state} all {object},off,cellphones,,3,kitchen,"[{""id"": 120, ""states"": [""OFF""]}, {""id"": 274, ""states"": [""ON""]}]","[{""id"": 120, ""states"": [""OFF""]}, {""id"": 274, ""states"": [""OFF""]}]",2,1,2,"[""[WALK] <cellphone> (274)"", ""[SWITCHOFF] <cellphone> (274)""]",False
state_change_task,example,example_task80,Turn off all cellphones,Turn {state} all {object},off,cellphones,,3,livingroom,"[{""id"": 120, ""states"": [""OFF""]}, {""id"": 274, ""states"": [""OFF""]}]","[{""id"": 120, ""states"": [""OFF""]}, {""id"": 274, ""states"": [""OFF""]}]",2,0,0,[],True
state_change_task,example,example_task81,Turn off all candles,Turn {state} all {object},off,candles,,3,kitchen,"[{""id"": 124, ""states"": [""ON""]}, {""id"": 216, ""states"": [""ON""]}, {""id"": 314, ""states"": [""ON""]}]","[{""id"": 124, ""states"": [""OFF""]}, {""id"": 216, ""states"": [""OFF""]}, {""id"": 314, ""states"": [""OFF""]}]",3,3,6,"[""[WALK] <candle> (124)"", ""[SWITCHOFF] <candle> (124)"", ""[WALK] <candle> (216)"", ""[SWITCHOFF] <candle> (216)"", ""[WALK] <candle> (314)"", ""[SWITCHOFF] <candle> (314)""]",False
state_change_task,example,example_task82,Turn off all candles,Turn {state} all {object},off,candles,,3,kitchen,"[{""id"": 124, ""states"": [""ON""]}, {""id"": 216, ""states"": [""ON""]}, {""id"": 314, ""states"": [""OFF""]}]","[{""id"": 124, ""states"": [""OFF""]}, {""id"": 216, ""states"": [""OFF""]}, {""id"": 314, ""states"": [""OFF""]}]",3,2,4,"[""[WALK] <candle> (124)"", ""[SWITCHOFF] <candle> (124)"", ""[WALK] <candle> (216)"", ""[SWITCHOFF] <candle> (216)""]",False
state_change_task,example,example_task83,Turn off all candles,Turn {state} all {object},off,candles,,3,livingroom,"[{""id"": 124, ""states"": [""ON""]}, {""id"": 216, ""states"": [""OFF""]}, {""id"": 314, ""states"": [""ON""]}]","[{""id"": 124, ""states"": [""OFF""]}, {""id"": 216, ""states"": [""OFF""]}, {""id"": 314, ""states"": [""OFF""]}]",3,2,4,"[""[WALK] <candle> (124)"", ""[SWITCHOFF] <candle> (124)"", ""[WALK] <candle> (314)"", ""[SWITCHOFF] <candle> (314)""]",False
state_change_task,example,example_task84,Turn off all candles,Turn {state} all {object},off,candles,,3,bedroom,"[{""id"": 124, ""states"": [""ON""]}, {""id"": 216, ""states"": [""OFF""]}, {""id"": 314, ""states"": [""OFF""]}]","[{""id"": 124, ""states"": [""OFF""]}, {""id"": 216, ""states"": [""OFF""]}, {""id"": 314, ""states"": [""OFF""]}]",3,1,2,"[""[WALK] <candle> (124)"", ""[SWITCHOFF] <candle> (124)""]",False
state_change_task,example,example_task85,Turn off all candles,Turn {state} all {object},off,candles,,3,kitchen,"[{""id"": 124, ""states"": [""OFF""]}, {""id"": 216, ""states"": [""ON""]}, {""id"": 314, ""states"": [""ON""]}]","[{""id"": 124, ""states"": [""OFF""]}, {""id"": 216, ""states"": [""OFF""]}, {""id"": 314, ""states"": [""OFF""]}]",3,2,4,"[""[WALK] <candle> (216)"", ""[SWITCHOFF] <candle> (216)"", ""[WALK] <candle> (314)"", ""[SWITCHOFF] <candle> (314)""]",False
state_change_task,example,example_task86,Turn off all candles,Turn {state} all {object},off,candles,,3,bathroom,"[{""id"": 124, ""states"": [""OFF""]}, {""id"": 216, ""states"": [""ON""]}, {""id"": 314, ""states"": [""OFF""]}]","[{""id"": 124, ""states"": [""OFF""]}, {""id"": 216, ""states"": [""OFF""]}, {""id"": 314, ""states"": [""OFF""]}]",3,1,2,"[""[WALK] <candle> (216)"", ""[SWITCHOFF] <candle> (216)""]",False
state_change_task,example,example_task87,Turn off all candles,Turn {state} all {object},off,candles,,3,livingroom,"[{""id"": 124, ""states"": [""OFF""]}, {""id"": 216, ""states"": [""OFF""]}, {""id"": 314, ""states"": [""ON""]}]","[{""id"": 124, ""states"": [""OFF""]}, {""id"": 216, ""states"": [""OFF""]}, {""id"": 314, ""states"": [""OFF""]}]",3,1,2,"[""[WALK] <candle> (314)"", ""[SWITCHOFF] <candle> (314)""]",False
state_change_task,example,example_task88,Turn off all candles,Turn {state} all {object},off,candles,,3,livingroom,"[{""id"": 124, ""states"": [""OFF""]}, {""id"": 216, ""states"": [""OFF""]}, {""id"": 314, ""states"": [""OFF""]}]","[{""id"": 124, ""states"": [""OFF""]}, {""id"": 216, ""states"": [""OFF""]}, {""id"": 314, ""states"": [""OFF""]}]",3,0,0,[],True
state_change_task,example,example_task89,Turn off all faucets,Turn {state} all {object},off,faucets,,3,bathroom,"[{""id"": 156, ""states"": [""ON""]}, {""id"": 327, ""states"": [""ON""]}]","[{""id"": 156, ""states"": [""OFF""]}, {""id"": 327, ""states"": [""OFF""]}]",2,2,4,"[""[WALK] <faucet> (156)"", ""[SWITCHOFF] <faucet> (156)"", ""[WALK] <faucet> (327)"", ""[SWITCHOFF] <faucet> (327)""]",False
state_change_task,example,example_task90,Turn off all faucets,Turn {state} all {object},off,faucets,,3,kitchen,"[{""id"": 156, ""states"": [""ON""]}, {""id"": 327, ""states"": [""OFF""]}]","[{""id"": 156, ""states"": [""OFF""]}, {""id"": 327, ""states"": [""OFF""]}]",2,1,2,"[""[WALK] <faucet> (156)"", ""[SWITCHOFF] <faucet> (156)""]",False
state_change_task,example,example_task91,Turn off all faucets,Turn {state} all {object},off,faucets,,3,kitchen,"[{""id"": 156, ""states"": [""OFF""]}, {""id"": 327, ""states"": [""ON""]}]","[{""id"": 156, ""states"": [""OFF""]}, {""id"": 327, ""states"": [""OFF""]}]",2,1,2,"[""[WALK] <faucet> (327)"", ""[SWITCHOFF] <faucet> (327)""]",False
state_change_task,example,example_task92,Turn off all faucets,Turn {state} all {object},off,faucets,,3,kitchen,"[{""id"": 156, ""states"": [""OFF""]}, {""id"": 327, ""states"": [""OFF""]}]","[{""id"": 156, ""states"": [""OFF""]}, {""id"": 327, ""states"": [""OFF""]}]",2,0,0,[],True
state_change_task,example,example_task93,Turn on all faucets,Turn {state} all {object},on,faucets,,4,bedroom,"[{""id"": 91, ""states"": [""ON""]}, {""id"": 195, ""states"": [""ON""]}]","[{""id"": 91, ""states"": [""ON""]}, {""id"": 195, ""states"": [""ON""]}]",2,0,0,[],True
state_change_task,example,example_task94,Turn on all faucets,Turn {state} all {object},on,faucets,,4,bathroom,"[{""id"": 91, ""states"": [""ON""]}, {""id"": 195, ""states"": [""OFF""]}]","[{""id"": 91, ""states"": [""ON""]}, {""id"": 195, ""states"": [""ON""]}]",2,1,2,"[""[WALK] <faucet> (195)"", ""[SWITCHON] <faucet> (195)""]",False
state_change_task,example,example_task95,Turn on all faucets,Turn {state} all {object},on,faucets,,4,livingroom,"[{""id"": 91, ""states"": [""OFF""]}, {""id"": 195, ""states"": [""ON""]}]","[{""id"": 91, ""states"": [""ON""]}, {""id"": 195, ""states"": [""ON""]}]",2,1,2,"[""[WALK] <faucet> (91)"", ""[SWITCHON] <faucet> (91)""]",False
state_change_task,example,example_task96,Turn on all faucets,Turn {state} all {object},on,faucets,,4,livingroom,"[{""id"": 91, ""states"": [""OFF""]}, {""id"": 195, ""states"": [""OFF""]}]","[{""id"": 91, ""states"": [""ON""]}, {""id"": 195, ""states"": [""ON""]}]",2,2,4,"[""[WALK] <faucet> (91)"", ""[SWITCHON] <faucet> (91)"", ""[WALK] <faucet> (195)"", ""[SWITCHON] <faucet> (195)""]",False
state_change_task,example,example_task97,Turn off all faucets,Turn {state} all {object},off,faucets,,4,bathroom,"[{""id"": 91, ""states"": [""ON""]}, {""id"": 195, ""states"": [""ON""]}]","[{""id"": 91, ""states"": [""OFF""]}, {""id"": 195, ""states"": [""OFF""]}]",2,2,4,"[""[WALK] <faucet> (91)"", ""[SWITCHOFF] <faucet> (91)"", ""[WALK] <faucet> (195)"", ""[SWITCHOFF] <faucet> (195)""]",False
state_change_task,example,example_task98,Turn off all faucets,Turn {state} all {object},off,faucets,,4,livingroom,"[{""id"": 91, ""states"": [""ON""]}, {""id"": 195, ""states"": [""OFF""]}]","[{""id"": 91, ""states"": [""OFF""]}, {""id"": 195, ""states"": [""OFF""]}]",2,1,2,"[""[WALK] <faucet> (91)"", ""[SWITCHOFF] <faucet> (91)""]",False
state_change_task,example,example_task99,Turn off all faucets,Turn {state} all {object},off,faucets,,4,bedroom,"[{""id"": 91, ""states"": [""OFF""]}, {""id"": 195, ""states"": [""ON""]}]","[{""id"": 91, ""states"": [""OFF""]}, {""id"": 195, ""states"": [""OFF""]}]",2,1,2,"[""[WALK] <faucet> (195)"", ""[SWITCHOFF] <faucet> (195)""]",False
state_change_task,example,example_task100,Turn off all faucets,Turn {state} all {object},off,faucets,,4,bedroom,"[{""id"": 91, ""states"": [""OFF""]}, {""id"": 195, ""states"": [""OFF""]}]","[{""id"": 91, ""states"": [""OFF""]}, {""id"": 195, ""states"": [""OFF""]}]",2,0,0,[],True
state_change_task,example,example_task101,Turn off all cellphones,Turn {state} all {object},off,cellphones,,4,bedroom,"[{""id"": 157, ""states"": [""ON""]}, {""id"": 249, ""states"": [""ON""]}]","[{""id"": 157, ""states"": [""OFF""]}, {""id"": 249, ""states"": [""OFF""]}]",2,2,4,"[""[WALK] <cellphone> (157)"", ""[SWITCHOFF] <cellphone> (157)"", ""[WALK] <cellphone> (249)"", ""[SWITCHOFF] <cellphone> (249)""]",False
state_change_task,example,example_task102,Turn off all cellphones,Turn {state} all {object},off,cellphones,,4,bedroom,"[{""id"": 157, ""states"": [""ON""]}, {""id"": 249, ""states"": [""OFF""]}]","[{""id"": 157, ""states"": [""OFF""]}, {""id"": 249, ""states"": [""OFF""]}]",2,1,2,"[""[WALK] <cellphone> (157)"", ""[SWITCHOFF] <cellphone> (157)""]",False
state_change_task,example,example_task103,Turn off all cellphones,Turn {state} all {object},off,cellphones,,4,kitchen,"[{""id"": 157, ""states"": [""OFF""]}, {""id"": 249, ""states"": [""ON""]}]","[{""id"": 157, ""states"": [""OFF""]}, {""id"": 249, ""states"": [""OFF""]}]",2,1,2,"[""[WALK] <cellphone> (249)"", ""[SWITCHOFF] <cellphone> (249)""]",False
state_change_task,example,example_task104,Turn off all cellphones,Turn {state} all {object},off,cellphones,,4,kitchen,"[{""id"": 157, ""states"": [""OFF""]}, {""id"": 249, ""states"": [""OFF""]}]","[{""id"": 157, ""states"": [""OFF""]}, {""id"": 249, ""states"": [""OFF""]}]",2,0,0,[],True
state_change_task,example,example_task105,Turn on all tablelamps,Turn {state} all {object},on,tablelamps,,5,bedroom,"[{""id"": 78, ""states"": [""ON""]}, {""id"": 229, ""states"": [""ON""]}]","[{""id"": 78, ""states"": [""ON""]}, {""id"": 229, ""states"": [""ON""]}]",2,0,0,[],True
state_change_task,example,example_task106,Turn on all tablelamps,Turn {state} all {object},on,tablelamps,,5,bathroom,"[{""id"": 78, ""states"": [""ON""]}, {""id"": 229, ""states"": [""OFF""]}]","[{""id"": 78, ""states"": [""ON""]}, {""id"": 229, ""states"": [""ON""]}]",2,1,2,"[""[WALK] <tablelamp> (229)"", ""[SWITCHON] <tablelamp> (229)""]",False
state_change_task,example,example_task107,Turn on all tablelamps,Turn {state} all {object},on,tablelamps,,5,kitchen,"[{""id"": 78, ""states"": [""OFF""]}, {""id"": 229, ""states"": [""ON""]}]","[{""id"": 78, ""states"": [""ON""]}, {""id"": 229, ""states"": [""ON""]}]",2,1,2,"[""[WALK] <tablelamp> (78)"", ""[SWITCHON] <tablelamp> (78)""]",False
state_change_task,example,example_task108,Turn on all tablelamps,Turn {state} all {object},on,tablelamps,,5,kitchen,"[{""id"": 78, ""states"": [""OFF""]}, {""id"": 229, ""states"": [""OFF""]}]","[{""id"": 78, ""states"": [""ON""]}, {""id"": 229, ""states"": [""ON""]}]",2,2,4,"[""[WALK] <tablelamp> (78)"", ""[SWITCHON] <tablelamp> (78)"", ""[WALK] <tablelamp> (229)"", ""[SWITCHON] <tablelamp> (229)""]",False
state_change_task,example,example_task109,Turn on all faucets,Turn {state} all {object},on,faucets,,5,kitchen,"[{""id"": 152, ""states"": [""ON""]}, {""id"": 300, ""states"": [""ON""]}]","[{""id"": 152, ""states"": [""ON""]}, {""id"": 300, ""states"": [""ON""]}]",2,0,0,[],True
state_change_task,example,example_task110,Turn on all faucets,Turn {state} all {object},on,faucets,,5,bathroom,"[{""id"": 152, ""states"": [""ON""]}, {""id"": 300, ""states"": [""OFF""]}]","[{""id"": 152, ""states"": [""ON""]}, {""id"": 300, ""states"": [""ON""]}]",2,1,2,"[""[WALK] <faucet> (300)"", ""[SWITCHON] <faucet> (300)""]",False
state_change_task,example,example_task111,Turn on all faucets,Turn {state} all {object},on,faucets,,5,bathroom,"[{""id"": 152, ""states"": [""OFF""]}, {""id"": 300, ""states"": [""ON""]}]","[{""id"": 152, ""states"": [""ON""]}, {""id"": 300, ""states"": [""ON""]}]",2,1,2,"[""[WALK] <faucet> (152)"", ""[SWITCHON] <faucet> (152)""]",False
state_change_task,example,example_task112,Turn on all faucets,Turn {state} all {object},on,faucets,,5,livingroom,"[{""id"": 152, ""states"": [""OFF""]}, {""id"": 300, ""states"": [""OFF""]}]","[{""id"": 152, ""states"": [""ON""]}, {""id"": 300, ""states"": [""ON""]}]",2,2,4,"[""[WALK] <faucet> (152)"", ""[SWITCHON] <faucet> (152)"", ""[WALK] <faucet> (300)"", ""[SWITCHON] <faucet> (300)""]",False
state_change_task,example,example_task113,Turn off all cellphones,Turn {state} all {object},off,cellphones,,5,bedroom,"[{""id"": 101, ""states"": [""ON""]}, {""id"": 187, ""states"": [""ON""]}]","[{""id"": 101, ""states"": [""OFF""]}, {""id"": 187, ""states"": [""OFF""]}]",2,2,4,"[""[WALK] <cellphone> (101)"", ""[SWITCHOFF] <cellphone> (101)"", ""[WALK] <cellphone> (187)"", ""[SWITCHOFF] <cellphone> (187)""]",False
state_change_task,example,example_task114,Turn off all cellphones,Turn {state} all {object},off,cellphones,,5,bedroom,"[{""id"": 101, ""states"": [""ON""]}, {""id"": 187, ""states"": [""OFF""]}]","[{""id"": 101, ""states"": [""OFF""]}, {""id"": 187, ""states"": [""OFF""]}]",2,1,2,"[""[WALK] <cellphone> (101)"", ""[SWITCHOFF] <cellphone> (101)""]",False
state_change_task,example,example_task115,Turn off all cellphones,Turn {state} all {object},off,cellphones,,5,bathroom,"[{""id"": 101, ""states"": [""OFF""]}, {""id"": 187, ""states"": [""ON""]}]","[{""id"": 101, ""states"": [""OFF""]}, {""id"": 187, ""states"": [""OFF""]}]",2,1,2,"[""[WALK] <cellphone> (187)"", ""[SWITCHOFF] <cellphone> (187)""]",False
state_change_task,example,example_task116,Turn off all cellphones,Turn {state} all {object},off,cellphones,,5,kitchen,"[{""id"": 101, ""states"": [""OFF""]}, {""id"": 187, ""states"": [""OFF""]}]","[{""id"": 101, ""states"": [""OFF""]}, {""id"": 187, ""states"": [""OFF""]}]",2,0,0,[],True
state_change_task,example,example_task117,Turn off all faucets,Turn {state} all {object},off,faucets,,5,bathroom,"[{""id"": 152, ""states"": [""ON""]}, {""id"": 300, ""states"": [""ON""]}]","[{""id"": 152, ""states"": [""OFF""]}, {""id"": 300, ""states"": [""OFF""]}]",2,2,4,"[""[WALK] <faucet> (152)"", ""[SWITCHOFF] <faucet> (152)"", ""[WALK] <faucet> (300)"", ""[SWITCHOFF] <faucet> (300)""]",False
state_change_task,example,example_task118,Turn off all faucets,Turn {state} all {object},off,faucets,,5,bathroom,"[{""id"": 152, ""states"": [""ON""]}, {""id"": 300, ""states"": [""OFF""]}]","[{""id"": 152, ""states"": [""OFF""]}, {""id"": 300, ""states"": [""OFF""]}]",2,1,2,"[""[WALK] <faucet> (152)"", ""[SWITCHOFF] <faucet> (152)""]",False
state_change_task,example,example_task119,Turn off all faucets,Turn {state} all {object},off,faucets,,5,bathroom,"[{""id"": 152, ""states"": [""OFF""]}, {""id"": 300, ""states"": [""ON""]}]","[{""id"": 152, ""states"": [""OFF""]}, {""id"": 300, ""states"": [""OFF""]}]",2,1,2,"[""[WALK] <faucet> (300)"", ""[SWITCHOFF] <faucet> (300)""]",False
state_change_task,example,example_task120,Turn off all faucets,Turn {state} all {object},off,faucets,,5,livingroom,"[{""id"": 152, ""states"": [""OFF""]}, {""id"": 300, ""states"": [""OFF""]}]","[{""id"": 152, ""states"": [""OFF""]}, {""id"": 300, ""states"": [""OFF""]}]",2,0,0,[],True
state_change_task,example,example_task121,Turn on all faucets,Turn {state} all {object},on,faucets,,6,kitchen,"[{""id"": 38, ""states"": [""ON""]}, {""id"": 199, ""states"": [""ON""]}]","[{""id"": 38, ""states"": [""ON""]}, {""id"": 199, ""states"": [""ON""]}]",2,0,0,[],True
state_change_task,example,example_task122,Turn on all faucets,Turn {state} all {object},on,faucets,,6,bedroom,"[{""id"": 38, ""states"": [""ON""]}, {""id"": 199, ""states"": [""OFF""]}]","[{""id"": 38, ""states"": [""ON""]}, {""id"": 199, ""states"": [""ON""]}]",2,1,2,"[""[WALK] <faucet> (199)"", ""[SWITCHON] <faucet> (199)""]",False
state_change_task,example,example_task123,Turn on all faucets,Turn {state} all {object},on,faucets,,6,bedroom,"[{""id"": 38, ""states"": [""OFF""]}, {""id"": 199, ""states"": [""ON""]}]","[{""id"": 38, ""states"": [""ON""]}, {""id"": 199, ""states"": [""ON""]}]",2,1,2,"[""[WALK] <faucet> (38)"", ""[SWITCHON] <faucet> (38)""]",False
state_change_task,example,example_task124,Turn on all faucets,Turn {state} all {object},on,faucets,,6,kitchen,"[{""id"": 38, ""states"": [""OFF""]}, {""id"": 199, ""states"": [""OFF""]}]","[{""id"": 38, ""states"": [""ON""]}, {""id"": 199, ""states"": [""ON""]}]",2,2,4,"[""[WALK] <faucet> (38)"", ""[SWITCHON] <faucet> (38)"", ""[WALK] <faucet> (199)"", ""[SWITCHON] <faucet> (199)""]",False
state_change_task,example,example_task125,Turn off all faucets,Turn {state} all {object},off,faucets,,6,bathroom,"[{""id"": 38, ""states"": [""ON""]}, {""id"": 199, ""states"": [""ON""]}]","[{""id"": 38, ""states"": [""OFF""]}, {""id"": 199, ""states"": [""OFF""]}]",2,2,4,"[""[WALK] <faucet> (38)"", ""[SWITCHOFF] <faucet> (38)"", ""[WALK] <faucet> (199)"", ""[SWITCHOFF] <faucet> (199)""]",False
state_change_task,example,example_task126,Turn off all faucets,Turn {state} all {object},off,faucets,,6,kitchen,"[{""id"": 38, ""states"": [""ON""]}, {""id"": 199, ""states"": [""OFF""]}]","[{""id"": 38, ""states"": [""OFF""]}, {""id"": 199, ""states"": [""OFF""]}]",2,1,2,"[""[WALK] <faucet> (38)"", ""[SWITCHOFF] <faucet> (38)""]",False
state_change_task,example,example_task127,Turn off all faucets,Turn {state} all {object},off,faucets,,6,bedroom,"[{""id"": 38, ""states"": [""OFF""]}, {""id"": 199, ""states"": [""ON""]}]","[{""id"": 38, ""states"": [""OFF""]}, {""id"": 199, ""states"": [""OFF""]}]",2,1,2,"[""[WALK] <faucet> (199)"", ""[SWITCHOFF] <faucet> (199)""]",False
state_change_task,example,example_task128,Turn off all faucets,Turn {state} all {object},off,faucets,,6,bathroom,"[{""id"": 38, ""states"": [""OFF""]}, {""id"": 199, ""states"": [""OFF""]}]","[{""id"": 38, ""states"": [""OFF""]}, {""id"": 199, ""states"": [""OFF""]}]",2,0,0,[],True
state_change_task,example,example_task129,Turn off all cellphones,Turn {state} all {object},off,cellphones,,6,bedroom,"[{""id"": 223, ""states"": [""ON""]}, {""id"": 323, ""states"": [""ON""]}]","[{""id"": 223, ""states"": [""OFF""]}, {""id"": 323, ""states"": [""OFF""]}]",2,2,4,"[""[WALK] <cellphone> (223)"", ""[SWITCHOFF] <cellphone> (223)"", ""[WALK] <cellphone> (323)"", ""[SWITCHOFF] <cellphone> (323)""]",False
state_change_task,example,example_task130,Turn off all cellphones,Turn {state} all {object},off,cellphones,,6,bedroom,"[{""id"": 223, ""states"": [""ON""]}, {""id"": 323, ""states"": [""OFF""]}]","[{""id"": 223, ""states"": [""OFF""]}, {""id"": 323, ""states"": [""OFF""]}]",2,1,2,"[""[WALK] <cellphone> (223)"", ""[SWITCHOFF] <cellphone> (223)""]",False
state_change_task,example,example_task131,Turn off all cellphones,Turn {state} all {object},off,cellphones,,6,livingroom,"[{""id"": 223, ""states"": [""OFF""]}, {""id"": 323, ""states"": [""ON""]}]","[{""id"": 223, ""states"": [""OFF""]}, {""id"": 323, ""states"": [""OFF""]}]",2,1,2,"[""[WALK] <cellphone> (323)"", ""[SWITCHOFF] <cellphone> (323)""]",False
state_change_task,example,example_task132,Turn off all cellphones,Turn {state} all {object},off,cellphones,,6,bathroom,"[{""id"": 223, ""states"": [""OFF""]}, {""id"": 323, ""states"": [""OFF""]}]","[{""id"": 223, ""states"": [""OFF""]}, {""id"": 323, ""states"": [""OFF""]}]",2,0,0,[],True
state_change_task,example,example_task133,Turn on all faucets,Turn {state} all {object},on,faucets,,7,bedroom,"[{""id"": 30, ""states"": [""ON""]}, {""id"": 149, ""states"": [""ON""]}]","[{""id"": 30, ""states"": [""ON""]}, {""id"": 149, ""states"": [""ON""]}]",2,0,0,[],True
state_change_task,example,example_task134,Turn on all faucets,Turn {state} all {object},on,faucets,,7,livingroom,"[{""id"": 30, ""states"": [""ON""]}, {""id"": 149, ""states"": [""OFF""]}]","[{""id"": 30, ""states"": [""ON""]}, {""id"": 149, ""states"": [""ON""]}]",2,1,2,"[""[WALK] <faucet> (149)"", ""[SWITCHON] <faucet> (149)""]",False
state_change_task,example,example_task135,Turn on all faucets,Turn {state} all {object},on,faucets,,7,livingroom,"[{""id"": 30, ""states"": [""OFF""]}, {""id"": 149, ""states"": [""ON""]}]","[{""id"": 30, ""states"": [""ON""]}, {""id"": 149, ""states"": [""ON""]}]",2,1,2,"[""[WALK] <faucet> (30)"", ""[SWITCHON] <faucet> (30)""]",False
state_change_task,example,example_task136,Turn on all faucets,Turn {state} all {object},on,faucets,,7,livingroom,"[{""id"": 30, ""states"": [""OFF""]}, {""id"": 149, ""states"": [""OFF""]}]","[{""id"": 30, ""states"": [""ON""]}, {""id"": 149, ""states"": [""ON""]}]",2,2,4,"[""[WALK] <faucet> (30)"", ""[SWITCHON] <faucet> (30)"", ""[WALK] <faucet> (149)"", ""[SWITCHON] <faucet> (149)""]",False
state_change_task,example,example_task137,Turn on all computers,Turn {state} all {object},on,computers,,7,kitchen,"[{""id"": 274, ""states"": [""ON""]}, {""id"": 324, ""states"": [""ON""]}]","[{""id"": 274, ""states"": [""ON""]}, {""id"": 324, ""states"": [""ON""]}]",2,0,0,[],True
state_change_task,example,example_task138,Turn on all computers,Turn {state} all {object},on,computers,,7,bedroom,"[{""id"": 274, ""states"": [""ON""]}, {""id"": 324, ""states"": [""OFF""]}]","[{""id"": 274, ""states"": [""ON""]}, {""id"": 324, ""states"": [""ON""]}]",2,1,2,"[""[WALK] <computer> (324)"", ""[SWITCHON] <computer> (324)""]",False
state_change_task,example,example_task139,Turn on all computers,Turn {state} all {object},on,computers,,7,bedroom,"[{""id"": 274, ""states"": [""OFF""]}, {""id"": 324, ""states"": [""ON""]}]","[{""id"": 274, ""states"": [""ON""]}, {""id"": 324, ""states"": [""ON""]}]",2,1,2,"[""[WALK] <computer> (274)"", ""[SWITCHON] <computer> (274)""]",False
state_change_task,example,example_task140,Turn on all computers,Turn {state} all {object},on,computers,,7,kitchen,"[{""id"": 274, ""states"": [""OFF""]}, {""id"": 324, ""states"": [""OFF""]}]","[{""id"": 274, ""states"": [""ON""]}, {""id"": 324, ""states"": [""ON""]}]",2,2,4,"[""[WALK] <computer> (274)"", ""[SWITCHON] <computer> (274)"", ""[WALK] <computer> (324)"", ""[SWITCHON] <computer> (324)""]",False
state_change_task,example,example_task141,Turn off all faucets,Turn {state} all {object},off,faucets,,7,bedroom,"[{""id"": 30, ""states"": [""ON""]}, {""id"": 149, ""states"": [""ON""]}]","[{""id"": 30, ""states"": [""OFF""]}, {""id"": 149, ""states"": [""OFF""]}]",2,2,4,"[""[WALK] <faucet> (30)"", ""[SWITCHOFF] <faucet> (30)"", ""[WALK] <faucet> (149)"", ""[SWITCHOFF] <faucet> (149)""]",False
state_change_task,example,example_task142,Turn off all faucets,Turn {state} all {object},off,faucets,,7,livingroom,"[{""id"": 30, ""states"": [""ON""]}, {""id"": 149, ""states"": [""OFF""]}]","[{""id"": 30, ""states"": [""OFF""]}, {""id"": 149, ""states"": [""OFF""]}]",2,1,2,"[""[WALK] <faucet> (30)"", ""[SWITCHOFF] <faucet> (30)""]",False
state_change_task,example,example_task143,Turn off all faucets,Turn {state} all {object},off,faucets,,7,bedroom,"[{""id"": 30, ""states"": [""OFF""]}, {""id"": 149, ""states"": [""ON""]}]","[{""id"": 30, ""states"": [""OFF""]}, {""id"": 149, ""states"": [""OFF""]}]",2,1,2,"[""[WALK] <faucet> (149)"", ""[SWITCHOFF] <faucet> (149)""]",False
state_change_task,example,example_task144,Turn off all faucets,Turn {state} all {object},off,faucets,,7,livingroom,"[{""id"": 30, ""states"": [""OFF""]}, {""id"": 149, ""states"": [""OFF""]}]","[{""id"": 30, ""states"": [""OFF""]}, {""id"": 149, ""states"": [""OFF""]}]",2,0,0,[],True
state_change_task,example,example_task145,Turn off all candles,Turn {state} all {object},off,candles,,7,kitchen,"[{""id"": 124, ""states"": [""ON""]}, {""id"": 127, ""states"": [""ON""]}]","[{""id"": 124, ""states"": [""OFF""]}, {""id"": 127, ""states"": [""OFF""]}]",2,2,4,"[""[WALK] <candle> (124)"", ""[SWITCHOFF] <candle> (124)"", ""[WALK] <candle> (127)"", ""[SWITCHOFF] <candle> (127)""]",False
state_change_task,example,example_task146,Turn off all candles,Turn {state} all {object},off,candles,,7,bedroom,"[{""id"": 124, ""states"": [""ON""]}, {""id"": 127, ""states"": [""OFF""]}]","[{""id"": 124, ""states"": [""OFF""]}, {""id"": 127, ""states"": [""OFF""]}]",2,1,2,"[""[WALK] <candle> (124)"", ""[SWITCHOFF] <candle> (124)""]",False
state_change_task,example,example_task147,Turn off all candles,Turn {state} all {object},off,candles,,7,bathroom,"[{""id"": 124, ""states"": [""OFF""]}, {""id"": 127, ""states"": [""ON""]}]","[{""id"": 124, ""states"": [""OFF""]}, {""id"": 127, ""states"": [""OFF""]}]",2,1,2,"[""[WALK] <candle> (127)"", ""[SWITCHOFF] <candle> (127)""]",False
state_change_task,example,example_task148,Turn off all candles,Turn {state} all {object},off,candles,,7,bedroom,"[{""id"": 124, ""states"": [""OFF""]}, {""id"": 127, ""states"": [""OFF""]}]","[{""id"": 124, ""states"": [""OFF""]}, {""id"": 127, ""states"": [""OFF""]}]",2,0,0,[],True
state_change_task,example,example_task149,Turn off all cellphones,Turn {state} all {object},off,cellphones,,7,bedroom,"[{""id"": 268, ""states"": [""ON""]}, {""id"": 271, ""states"": [""ON""]}]","[{""id"": 268, ""states"": [""OFF""]}, {""id"": 271, ""states"": [""OFF""]}]",2,2,4,"[""[WALK] <cellphone> (268)"", ""[SWITCHOFF] <cellphone> (268)"", ""[WALK] <cellphone> (271)"", ""[SWITCHOFF] <cellphone> (271)""]",False
state_change_task,example,example_task150,Turn off all cellphones,Turn {state} all {object},off,cellphones,,7,bathroom,"[{""id"": 268, ""states"": [""ON""]}, {""id"": 271, ""states"": [""OFF""]}]","[{""id"": 268, ""states"": [""OFF""]}, {""id"": 271, ""states"": [""OFF""]}]",2,1,2,"[""[WALK] <cellphone> (268)"", ""[SWITCHOFF] <cellphone> (268)""]",False
state_change_task,example,example_task151,Turn off all cellphones,Turn {state} all {object},off,cellphones,,7,kitchen,"[{""id"": 268, ""states"": [""OFF""]}, {""id"": 271, ""states"": [""ON""]}]","[{""id"": 268, ""states"": [""OFF""]}, {""id"": 271, ""states"": [""OFF""]}]",2,1,2,"[""[WALK] <cellphone> (271)"", ""[SWITCHOFF] <cellphone> (271)""]",False
state_change_task,example,example_task152,Turn off all cellphones,Turn {state} all {object},off,cellphones,,7,livingroom,"[{""id"": 268, ""states"": [""OFF""]}, {""id"": 271, ""states"": [""OFF""]}]","[{""id"": 268, ""states"": [""OFF""]}, {""id"": 271, ""states"": [""OFF""]}]",2,0,0,[],True
placement_task,test,test_task1,Put all cupcakes on the kitchencounter,Put all {object} {relation} the {destination},on,cupcakes,kitchencounter,1,bathroom,[],"[{""from_id"": 195, ""relation_type"": ""ON"", ""to_id"": 238}, {""from_id"": 196, ""relation_type"": ""ON"", ""to_id"": 238}]",2,,8,"[""[WALK] <cupcake> (195)"", ""[GRAB] <cupcake> (195)"", ""[WALK] <kitchencounter> (238)"", ""[PUT] <cupcake> (195) <kitchencounter> (238)"", ""[WALK] <cupcake> (196)"", ""[GRAB] <cupcake> (196)"", ""[WALK] <kitchencounter> (238)"", ""[PUT] <cupcake> (196) <kitchencounter> (238)""]",False
placement_task,test,test_task2,Put all bananas on the kitchencounter,Put all {object} {relation} the {destination},on,bananas,kitchencounter,1,livingroom,[],"[{""from_id"": 315, ""relation_type"": ""ON"", ""to_id"": 238}, {""from_id"": 316, ""relation_type"": ""ON"", ""to_id"": 238}, {""from_id"": 439, ""relation_type"": ""ON"", ""to_id"": 238}]",3,,12,"[""[WALK] <bananas> (315)"", ""[GRAB] <bananas> (315)"", ""[WALK] <kitchencounter> (238)"", ""[PUT] <bananas> (315) <kitchencounter> (238)"", ""[WALK] <bananas> (316)"", ""[GRAB] <bananas> (316)"", ""[WALK] <kitchencounter> (238)"", ""[PUT] <bananas> (316) <kitchencounter> (238)"", ""[WALK] <bananas> (439)"", ""[GRAB] <bananas> (439)"", ""[WALK] <kitchencounter> (238)"", ""[PUT] <bananas> (439) <kitchencounter> (238)""]",False
placement_task,test,test_task3,Put all bellpeppers on the kitchentable,Put all {object} {relation} the {destination},on,bellpeppers,kitchentable,1,kitchen,[],"[{""from_id"": 320, ""relation_type"": ""ON"", ""to_id"": 231}, {""from_id"": 321, ""relation_type"": ""ON"", ""to_id"": 231}, {""from_id"": 322, ""relation_type"": ""ON"", ""to_id"": 231}, {""from_id"": 323, ""relation_type"": ""ON"", ""to_id"": 231}, {""from_id"": 324, ""relation_type"": ""ON"", ""to_id"": 231}, {""from_id"": 325, ""relation_type"": ""ON"", ""to_id"": 231}]",6,,24,"[""[WALK] <bellpepper> (320)"", ""[GRAB] <bellpepper> (320)"", ""[WALK] <kitchentable> (231)"", ""[PUT] <bellpepper> (320) <kitchentable> (231)"", ""[WALK] <bellpepper> (321)"", ""[GRAB] <bellpepper> (321)"", ""[WALK] <kitchentable> (231)"", ""[PUT] <bellpepper> (321) <kitchentable> (231)"", ""[WALK] <bellpepper> (322)"", ""[GRAB] <bellpepper> (322)"", ""[WALK] <kitchentable> (231)"", ""[PUT] <bellpepper> (322) <kitchentable> (231)"", ""[WALK] <bellpepper> (323)"", ""[GRAB] <bellpepper> (323)"", ""[WALK] <kitchentable> (231)"", ""[PUT] <bellpepper> (323) <kitchentable> (231)"", ""[WALK] <bellpepper> (324)"", ""[GRAB] <bellpepper> (324)"", ""[WALK] <kitchentable> (231)"", ""[PUT] <bellpepper> (324) <kitchentable> (231)"", ""[WALK] <bellpepper> (325)"", ""[GRAB] <bellpepper> (325)"", ""[WALK] <kitchentable> (231)"", ""[PUT] <bellpepper> (325) <kitchentable> (231)""]",False
placement_task,test,test_task4,Put all bellpeppers on the kitchencounter,Put all {object} {relation} the {destination},on,bellpeppers,kitchencounter,1,bathroom,[],"[{""from_id"": 320, ""relation_type"": ""ON"", ""to_id"": 238}, {""from_id"": 321, ""relation_type"": ""ON"", ""to_id"": 238}, {""from_id"": 322, ""relation_type"": ""ON"", ""to_id"": 238}, {""from_id"": 323, ""relation_type"": ""ON"", ""to_id"": 238}, {""from_id"": 324, ""relation_type"": ""ON"", ""to_id"": 238}, {""from_id"": 325, ""relation_type"": ""ON"", ""to_id"": 238}]",6,,0,[],True
placement_task,test,test_task5,Put all chips on the kitchentable,Put all {object} {relation} the {destination},on,chips,kitchentable,1,kitchen,[],"[{""from_id"": 328, ""relation_type"": ""ON"", ""to_id"": 231}, {""from_id"": 329, ""relation_type"": ""ON"", ""to_id"": 231}]",2,,8,"[""[WALK] <chips> (328)"", ""[GRAB] <chips> (328)"", ""[WALK] <kitchentable> (231)"", ""[PUT] <chips> (328) <kitchentable> (231)"", ""[WALK] <chips> (329)"", ""[GRAB] <chips> (329)"", ""[WALK] <kitchentable> (231)"", ""[PUT] <chips> (329) <kitchentable> (231)""]",False
placement_task,test,test_task6,Put all apples on the kitchencounter,Put all {object} {relation} the {destination},on,apples,kitchencounter,1,kitchen,[],"[{""from_id"": 437, ""relation_type"": ""ON"", ""to_id"": 238}, {""from_id"": 438, ""relation_type"": ""ON"", ""to_id"": 238}]",2,,8,"[""[WALK] <apple> (437)"", ""[GRAB] <apple> (437)"", ""[WALK] <kitchencounter> (238)"", ""[PUT] <apple> (437) <kitchencounter> (238)"", ""[WALK] <apple> (438)"", ""[GRAB] <apple> (438)"", ""[WALK] <kitchencounter> (238)"", ""[PUT] <apple> (438) <kitchencounter> (238)""]",False
placement_task,test,test_task7,Put all peaches on the kitchentable,Put all {object} {relation} the {destination},on,peaches,kitchentable,1,bedroom,[],"[{""from_id"": 441, ""relation_type"": ""ON"", ""to_id"": 231}, {""from_id"": 442, ""relation_type"": ""ON"", ""to_id"": 231}]",2,,8,"[""[WALK] <peach> (441)"", ""[GRAB] <peach> (441)"", ""[WALK] <kitchentable> (231)"", ""[PUT] <peach> (441) <kitchentable> (231)"", ""[WALK] <peach> (442)"", ""[GRAB] <peach> (442)"", ""[WALK] <kitchentable> (231)"", ""[PUT] <peach> (442) <kitchentable> (231)""]",False
placement_task,test,test_task8,Put all peaches on the kitchencounter,Put all {object} {relation} the {destination},on,peaches,kitchencounter,1,kitchen,[],"[{""from_id"": 441, ""relation_type"": ""ON"", ""to_id"": 238}, {""from_id"": 442, ""relation_type"": ""ON"", ""to_id"": 238}]",2,,8,"[""[WALK] <peach> (441)"", ""[GRAB] <peach> (441)"", ""[WALK] <kitchencounter> (238)"", ""[PUT] <peach> (441) <kitchencounter> (238)"", ""[WALK] <peach> (442)"", ""[GRAB] <peach> (442)"", ""[WALK] <kitchencounter> (238)"", ""[PUT] <peach> (442) <kitchencounter> (238)""]",False
placement_task,test,test_task9,Put all plums on the kitchencounter,Put all {object} {relation} the {destination},on,plums,kitchencounter,1,kitchen,[],"[{""from_id"": 443, ""relation_type"": ""ON"", ""to_id"": 238}, {""from_id"": 444, ""relation_type"": ""ON"", ""to_id"": 238}]",2,,8,"[""[WALK] <plum> (443)"", ""[GRAB] <plum> (443)"", ""[WALK] <kitchencounter> (238)"", ""[PUT] <plum> (443) <kitchencounter> (238)"", ""[WALK] <plum> (444)"", ""[GRAB] <plum> (444)"", ""[WALK] <kitchencounter> (238)"", ""[PUT] <plum> (444) <kitchencounter> (238)""]",False
placement_task,test,test_task10,Put all cupcakes in the microwave,Put all {object} {relation} the {destination},in,cupcakes,microwave,1,kitchen,"[{""id"": 313, ""states"": [""OPEN"", ""OFF""]}]","[{""from_id"": 195, ""relation_type"": ""INSIDE"", ""to_id"": 313}, {""from_id"": 196, ""relation_type"": ""INSIDE"", ""to_id"": 313}]",2,,8,"[""[WALK] <cupcake> (195)"", ""[GRAB] <cupcake> (195)"", ""[WALK] <microwave> (313)"", ""[PUTIN] <cupcake> (195) <microwave> (313)"", ""[WALK] <cupcake> (196)"", ""[GRAB] <cupcake> (196)"", ""[WALK] <microwave> (313)"", ""[PUTIN] <cupcake> (196) <microwave> (313)""]",False
placement_task,test,test_task11,Put all cupcakes in the microwave,Put all {object} {relation} the {destination},in,cupcakes,microwave,1,bedroom,"[{""id"": 313, ""states"": [""CLOSED"", ""OFF""]}]","[{""from_id"": 195, ""relation_type"": ""INSIDE"", ""to_id"": 313}, {""from_id"": 196, ""relation_type"": ""INSIDE"", ""to_id"": 313}]",2,,9,"[""[WALK] <cupcake> (195)"", ""[GRAB] <cupcake> (195)"", ""[WALK] <microwave> (313)"", ""[OPEN] <microwave> (313)"", ""[PUTIN] <cupcake> (195) <microwave> (313)"", ""[WALK] <cupcake> (196)"", ""[GRAB] <cupcake> (196)"", ""[WALK] <microwave> (313)"", ""[PUTIN] <cupcake> (196) <microwave> (313)""]",False
placement_task,test,test_task12,Put all bananas in the fridge,Put all {object} {relation} the {destination},in,bananas,fridge,1,livingroom,"[{""id"": 305, ""states"": [""OPEN""]}]","[{""from_id"": 315, ""relation_type"": ""INSIDE"", ""to_id"": 305}, {""from_id"": 316, ""relation_type"": ""INSIDE"", ""to_id"": 305}, {""from_id"": 439, ""relation_type"": ""INSIDE"", ""to_id"": 305}]",3,,12,"[""[WALK] <bananas> (315)"", ""[GRAB] <bananas> (315)"", ""[WALK] <fridge> (305)"", ""[PUTIN] <bananas> (315) <fridge> (305)"", ""[WALK] <bananas> (316)"", ""[GRAB] <bananas> (316)"", ""[WALK] <fridge> (305)"", ""[PUTIN] <bananas> (316) <fridge> (305)"", ""[WALK] <bananas> (439)"", ""[GRAB] <bananas> (439)"", ""[WALK] <fridge> (305)"", ""[PUTIN] <bananas> (439) <fridge> (305)""]",False
placement_task,test,test_task13,Put all bananas in the fridge,Put all {object} {relation} the {destination},in,bananas,fridge,1,bathroom,"[{""id"": 305, ""states"": [""CLOSED""]}]","[{""from_id"": 315, ""relation_type"": ""INSIDE"", ""to_id"": 305}, {""from_id"": 316, ""relation_type"": ""INSIDE"", ""to_id"": 305}, {""from_id"": 439, ""relation_type"": ""INSIDE"", ""to_id"": 305}]",3,,13,"[""[WALK] <bananas> (315)"", ""[GRAB] <bananas> (315)"", ""[WALK] <fridge> (305)"", ""[OPEN] <fridge> (305)"", ""[PUTIN] <bananas> (315) <fridge> (305)"", ""[WALK] <bananas> (316)"", ""[GRAB] <bananas> (316)"", ""[WALK] <fridge> (305)"", ""[PUTIN] <bananas> (316) <fridge> (305)"", ""[WALK] <bananas> (439)"", ""[GRAB] <bananas> (439)"", ""[WALK] <fridge> (305)"", ""[PUTIN] <bananas> (439) <fridge> (305)""]",False
placement_task,test,test_task14,Put all bananas in the microwave,Put all {object} {relation} the {destination},in,bananas,microwave,1,bedroom,"[{""id"": 313, ""states"": [""OPEN"", ""OFF""]}]","[{""from_id"": 315, ""relation_type"": ""INSIDE"", ""to_id"": 313}, {""from_id"": 316, ""relation_type"": ""INSIDE"", ""to_id"": 313}, {""from_id"": 439, ""relation_type"": ""INSIDE"", ""to_id"": 313}]",3,,12,"[""[WALK] <bananas> (315)"", ""[GRAB] <bananas> (315)"", ""[WALK] <microwave> (313)"", ""[PUTIN] <bananas> (315) <microwave> (313)"", ""[WALK] <bananas> (316)"", ""[GRAB] <bananas> (316)"", ""[WALK] <microwave> (313)"", ""[PUTIN] <bananas> (316) <microwave> (313)"", ""[WALK] <bananas> (439)"", ""[GRAB] <bananas> (439)"", ""[WALK] <microwave> (313)"", ""[PUTIN] <bananas> (439) <microwave> (313)""]",False
placement_task,test,test_task15,Put all bananas in the microwave,Put all {object} {relation} the {destination},in,bananas,microwave,1,bedroom,"[{""id"": 313, ""states"": [""CLOSED"", ""OFF""]}]","[{""from_id"": 315, ""relation_type"": ""INSIDE"", ""to_id"": 313}, {""from_id"": 316, ""relation_type"": ""INSIDE"", ""to_id"": 313}, {""from_id"": 439, ""relation_type"": ""INSIDE"", ""to_id"": 313}]",3,,13,"[""[WALK] <bananas> (315)"", ""[GRAB] <bananas> (315)"", ""[WALK] <microwave> (313)"", ""[OPEN] <microwave> (313)"", ""[PUTIN] <bananas> (315) <microwave> (313)"", ""[WALK] <bananas> (316)"", ""[GRAB] <bananas> (316)"", ""[WALK] <microwave> (313)"", ""[PUTIN] <bananas> (316) <microwave> (313)"", ""[WALK] <bananas> (439)"", ""[GRAB] <bananas> (439)"", ""[WALK] <microwave> (313)"", ""[PUTIN] <bananas> (439) <microwave> (313)""]",False
placement_task,test,test_task16,Put all bellpeppers in the fridge,Put all {object} {relation} the {destination},in,bellpeppers,fridge,1,bedroom,"[{""id"": 305, ""states"": [""OPEN""]}]","[{""from_id"": 320, ""relation_type"": ""INSIDE"", ""to_id"": 305}, {""from_id"": 321, ""relation_type"": ""INSIDE"", ""to_id"": 305}, {""from_id"": 322, ""relation_type"": ""INSIDE"", ""to_id"": 305}, {""from_id"": 323, ""relation_type"": ""INSIDE"", ""to_id"": 305}, {""from_id"": 324, ""relation_type"": ""INSIDE"", ""to_id"": 305}, {""from_id"": 325, ""relation_type"": ""INSIDE"", ""to_id"": 305}]",6,,24,"[""[WALK] <bellpepper> (320)"", ""[GRAB] <bellpepper> (320)"", ""[WALK] <fridge> (305)"", ""[PUTIN] <bellpepper> (320) <fridge> (305)"", ""[WALK] <bellpepper> (321)"", ""[GRAB] <bellpepper> (321)"", ""[WALK] <fridge> (305)"", ""[PUTIN] <bellpepper> (321) <fridge> (305)"", ""[WALK] <bellpepper> (322)"", ""[GRAB] <bellpepper> (322)"", ""[WALK] <fridge> (305)"", ""[PUTIN] <bellpepper> (322) <fridge> (305)"", ""[WALK] <bellpepper> (323)"", ""[GRAB] <bellpepper> (323)"", ""[WALK] <fridge> (305)"", ""[PUTIN] <bellpepper> (323) <fridge> (305)"", ""[WALK] <bellpepper> (324)"", ""[GRAB] <bellpepper> (324)"", ""[WALK] <fridge> (305)"", ""[PUTIN] <bellpepper> (324) <fridge> (305)"", ""[WALK] <bellpepper> (325)"", ""[GRAB] <bellpepper> (325)"", ""[WALK] <fridge> (305)"", ""[PUTIN] <bellpepper> (325) <fridge> (305)""]",False
placement_task,test,test_task17,Put all bellpeppers in the fridge,Put all {object} {relation} the {destination},in,bellpeppers,fridge,1,bedroom,"[{""id"": 305, ""states"": [""CLOSED""]}]","[{""from_id"": 320, ""relation_type"": ""INSIDE"", ""to_id"": 305}, {""from_id"": 321, ""relation_type"": ""INSIDE"", ""to_id"": 305}, {""from_id"": 322, ""relation_type"": ""INSIDE"", ""to_id"": 305}, {""from_id"": 323, ""relation_type"": ""INSIDE"", ""to_id"": 305}, {""from_id"": 324, ""relation_type"": ""INSIDE"", ""to_id"": 305}, {""from_id"": 325, ""relation_type"": ""INSIDE"", ""to_id"": 305}]",6,,25,"[""[WALK] <bellpepper> (320)"", ""[GRAB] <bellpepper> (320)"", ""[WALK] <fridge> (305)"", ""[OPEN] <fridge> (305)"", ""[PUTIN] <bellpepper> (320) <fridge> (305)"", ""[WALK] <bellpepper> (321)"", ""[GRAB] <bellpepper> (321)"", ""[WALK] <fridge> (305)"", ""[PUTIN] <bellpepper> (321) <fridge> (305)"", ""[WALK] <bellpepper> (322)"", ""[GRAB] <bellpepper> (322)"", ""[WALK] <fridge> (305)"", ""[PUTIN] <bellpepper> (322) <fridge> (305)"", ""[WALK] <bellpepper> (323)"", ""[GRAB] <bellpepper> (323)"", ""[WALK] <fridge> (305)"", ""[PUTIN] <bellpepper> (323) <fridge> (305)"", ""[WALK] <bellpepper> (324)"", ""[GRAB] <bellpepper> (324)"", ""[WALK] <fridge> (305)"", ""[PUTIN] <bellpepper> (324) <fridge> (305)"", ""[WALK] <bellpepper> (325)"", ""[GRAB] <bellpepper> (325)"", ""[WALK] <fridge> (305)"", ""[PUTIN] <bellpepper> (325) <fridge> (305)""]",False
placement_task,test,test_task18,Put all peaches in the fridge,Put all {object} {relation} the {destination},in,peaches,fridge,1,kitchen,"[{""id"": 305, ""states"": [""OPEN""]}]","[{""from_id"": 441, ""relation_type"": ""INSIDE"", ""to_id"": 305}, {""from_id"": 442, ""relation_type"": ""INSIDE"", ""to_id"": 305}]",2,,8,"[""[WALK] <peach> (441)"", ""[GRAB] <peach> (441)"", ""[WALK] <fridge> (305)"", ""[PUTIN] <peach> (441) <fridge> (305)"", ""[WALK] <peach> (442)"", ""[GRAB] <peach> (442)"", ""[WALK] <fridge> (305)"", ""[PUTIN] <peach> (442) <fridge> (305)""]",False
placement_task,test,test_task19,Put all peaches in the fridge,Put all {object} {relation} the {destination},in,peaches,fridge,1,livingroom,"[{""id"": 305, ""states"": [""CLOSED""]}]","[{""from_id"": 441, ""relation_type"": ""INSIDE"", ""to_id"": 305}, {""from_id"": 442, ""relation_type"": ""INSIDE"", ""to_id"": 305}]",2,,9,"[""[WALK] <peach> (441)"", ""[GRAB] <peach> (441)"", ""[WALK] <fridge> (305)"", ""[OPEN] <fridge> (305)"", ""[PUTIN] <peach> (441) <fridge> (305)"", ""[WALK] <peach> (442)"", ""[GRAB] <peach> (442)"", ""[WALK] <fridge> (305)"", ""[PUTIN] <peach> (442) <fridge> (305)""]",False
placement_task,test,test_task20,Put all peaches in the microwave,Put all {object} {relation} the {destination},in,peaches,microwave,1,bedroom,"[{""id"": 313, ""states"": [""OPEN"", ""OFF""]}]","[{""from_id"": 441, ""relation_type"": ""INSIDE"", ""to_id"": 313}, {""from_id"": 442, ""relation_type"": ""INSIDE"", ""to_id"": 313}]",2,,8,"[""[WALK] <peach> (441)"", ""[GRAB] <peach> (441)"", ""[WALK] <microwave> (313)"", ""[PUTIN] <peach> (441) <microwave> (313)"", ""[WALK] <peach> (442)"", ""[GRAB] <peach> (442)"", ""[WALK] <microwave> (313)"", ""[PUTIN] <peach> (442) <microwave> (313)""]",False
placement_task,test,test_task21,Put all peaches in the microwave,Put all {object} {relation} the {destination},in,peaches,microwave,1,kitchen,"[{""id"": 313, ""states"": [""CLOSED"", ""OFF""]}]","[{""from_id"": 441, ""relation_type"": ""INSIDE"", ""to_id"": 313}, {""from_id"": 442, ""relation_type"": ""INSIDE"", ""to_id"": 313}]",2,,9,"[""[WALK] <peach> (441)"", ""[GRAB] <peach> (441)"", ""[WALK] <microwave> (313)"", ""[OPEN] <microwave> (313)"", ""[PUTIN] <peach> (441) <microwave> (313)"", ""[WALK] <peach> (442)"", ""[GRAB] <peach> (442)"", ""[WALK] <microwave> (313)"", ""[PUTIN] <peach> (442) <microwave> (313)""]",False
placement_task,test,test_task22,Put all plums in the fridge,Put all {object} {relation} the {destination},in,plums,fridge,1,livingroom,"[{""id"": 305, ""states"": [""OPEN""]}]","[{""from_id"": 443, ""relation_type"": ""INSIDE"", ""to_id"": 305}, {""from_id"": 444, ""relation_type"": ""INSIDE"", ""to_id"": 305}]",2,,8,"[""[WALK] <plum> (443)"", ""[GRAB] <plum> (443)"", ""[WALK] <fridge> (305)"", ""[PUTIN] <plum> (443) <fridge> (305)"", ""[WALK] <plum> (444)"", ""[GRAB] <plum> (444)"", ""[WALK] <fridge> (305)"", ""[PUTIN] <plum> (444) <fridge> (305)""]",False
placement_task,test,test_task23,Put all plums in the fridge,Put all {object} {relation} the {destination},in,plums,fridge,1,bathroom,"[{""id"": 305, ""states"": [""CLOSED""]}]","[{""from_id"": 443, ""relation_type"": ""INSIDE"", ""to_id"": 305}, {""from_id"": 444, ""relation_type"": ""INSIDE"", ""to_id"": 305}]",2,,9,"[""[WALK] <plum> (443)"", ""[GRAB] <plum> (443)"", ""[WALK] <fridge> (305)"", ""[OPEN] <fridge> (305)"", ""[PUTIN] <plum> (443) <fridge> (305)"", ""[WALK] <plum> (444)"", ""[GRAB] <plum> (444)"", ""[WALK] <fridge> (305)"", ""[PUTIN] <plum> (444) <fridge> (305)""]",False
placement_task,test,test_task24,Put all plums in the microwave,Put all {object} {relation} the {destination},in,plums,microwave,1,bathroom,"[{""id"": 313, ""states"": [""OPEN"", ""OFF""]}]","[{""from_id"": 443, ""relation_type"": ""INSIDE"", ""to_id"": 313}, {""from_id"": 444, ""relation_type"": ""INSIDE"", ""to_id"": 313}]",2,,8,"[""[WALK] <plum> (443)"", ""[GRAB] <plum> (443)"", ""[WALK] <microwave> (313)"", ""[PUTIN] <plum> (443) <microwave> (313)"", ""[WALK] <plum> (444)"", ""[GRAB] <plum> (444)"", ""[WALK] <microwave> (313)"", ""[PUTIN] <plum> (444) <microwave> (313)""]",False
placement_task,test,test_task25,Put all plums in the microwave,Put all {object} {relation} the {destination},in,plums,microwave,1,bathroom,"[{""id"": 313, ""states"": [""CLOSED"", ""OFF""]}]","[{""from_id"": 443, ""relation_type"": ""INSIDE"", ""to_id"": 313}, {""from_id"": 444, ""relation_type"": ""INSIDE"", ""to_id"": 313}]",2,,9,"[""[WALK] <plum> (443)"", ""[GRAB] <plum> (443)"", ""[WALK] <microwave> (313)"", ""[OPEN] <microwave> (313)"", ""[PUTIN] <plum> (443) <microwave> (313)"", ""[WALK] <plum> (444)"", ""[GRAB] <plum> (444)"", ""[WALK] <microwave> (313)"", ""[PUTIN] <plum> (444) <microwave> (313)""]",False
placement_task,test,test_task26,Put all peaches on the kitchentable,Put all {object} {relation} the {destination},on,peaches,kitchentable,2,bathroom,[],"[{""from_id"": 117, ""relation_type"": ""ON"", ""to_id"": 199}, {""from_id"": 118, ""relation_type"": ""ON"", ""to_id"": 199}]",2,,8,"[""[WALK] <peach> (117)"", ""[GRAB] <peach> (117)"", ""[WALK] <kitchentable> (199)"", ""[PUT] <peach> (117) <kitchentable> (199)"", ""[WALK] <peach> (118)"", ""[GRAB] <peach> (118)"", ""[WALK] <kitchentable> (199)"", ""[PUT] <peach> (118) <kitchentable> (199)""]",False
placement_task,test,test_task27,Put all creamybuns on the kitchentable,Put all {object} {relation} the {destination},on,creamybuns,kitchentable,2,livingroom,[],"[{""from_id"": 243, ""relation_type"": ""ON"", ""to_id"": 199}, {""from_id"": 244, ""relation_type"": ""ON"", ""to_id"": 199}]",2,,8,"[""[WALK] <creamybuns> (243)"", ""[GRAB] <creamybuns> (243)"", ""[WALK] <kitchentable> (199)"", ""[PUT] <creamybuns> (243) <kitchentable> (199)"", ""[WALK] <creamybuns> (244)"", ""[GRAB] <creamybuns> (244)"", ""[WALK] <kitchentable> (199)"", ""[PUT] <creamybuns> (244) <kitchentable> (199)""]",False
placement_task,test,test_task28,Put all chips on the kitchentable,Put all {object} {relation} the {destination},on,chips,kitchentable,2,livingroom,[],"[{""from_id"": 245, ""relation_type"": ""ON"", ""to_id"": 199}, {""from_id"": 246, ""relation_type"": ""ON"", ""to_id"": 199}]",2,,8,"[""[WALK] <chips> (245)"", ""[GRAB] <chips> (245)"", ""[WALK] <kitchentable> (199)"", ""[PUT] <chips> (245) <kitchentable> (199)"", ""[WALK] <chips> (246)"", ""[GRAB] <chips> (246)"", ""[WALK] <kitchentable> (199)"", ""[PUT] <chips> (246) <kitchentable> (199)""]",False
placement_task,test,test_task29,Put all peaches in the fridge,Put all {object} {relation} the {destination},in,peaches,fridge,2,bathroom,"[{""id"": 225, ""states"": [""OPEN""]}]","[{""from_id"": 117, ""relation_type"": ""INSIDE"", ""to_id"": 225}, {""from_id"": 118, ""relation_type"": ""INSIDE"", ""to_id"": 225}]",2,,8,"[""[WALK] <peach> (117)"", ""[GRAB] <peach> (117)"", ""[WALK] <fridge> (225)"", ""[PUTIN] <peach> (117) <fridge> (225)"", ""[WALK] <peach> (118)"", ""[GRAB] <peach> (118)"", ""[WALK] <fridge> (225)"", ""[PUTIN] <peach> (118) <fridge> (225)""]",False
placement_task,test,test_task30,Put all peaches in the fridge,Put all {object} {relation} the {destination},in,peaches,fridge,2,kitchen,"[{""id"": 225, ""states"": [""CLOSED""]}]","[{""from_id"": 117, ""relation_type"": ""INSIDE"", ""to_id"": 225}, {""from_id"": 118, ""relation_type"": ""INSIDE"", ""to_id"": 225}]",2,,9,"[""[WALK] <peach> (117)"", ""[GRAB] <peach> (117)"", ""[WALK] <fridge> (225)"", ""[OPEN] <fridge> (225)"", ""[PUTIN] <peach> (117) <fridge> (225)"", ""[WALK] <peach> (118)"", ""[GRAB] <peach> (118)"", ""[WALK] <fridge> (225)"", ""[PUTIN] <peach> (118) <fridge> (225)""]",False
placement_task,test,test_task31,Put all peaches in the microwave,Put all {object} {relation} the {destination},in,peaches,microwave,2,bathroom,"[{""id"": 234, ""states"": [""OPEN"", ""OFF""]}]","[{""from_id"": 117, ""relation_type"": ""INSIDE"", ""to_id"": 234}, {""from_id"": 118, ""relation_type"": ""INSIDE"", ""to_id"": 234}]",2,,8,"[""[WALK] <peach> (117)"", ""[GRAB] <peach> (117)"", ""[WALK] <microwave> (234)"", ""[PUTIN] <peach> (117) <microwave> (234)"", ""[WALK] <peach> (118)"", ""[GRAB] <peach> (118)"", ""[WALK] <microwave> (234)"", ""[PUTIN] <peach> (118) <microwave> (234)""]",False
placement_task,test,test_task32,Put all peaches in the microwave,Put all {object} {relation} the {destination},in,peaches,microwave,2,kitchen,"[{""id"": 234, ""states"": [""CLOSED"", ""OFF""]}]","[{""from_id"": 117, ""relation_type"": ""INSIDE"", ""to_id"": 234}, {""from_id"": 118, ""relation_type"": ""INSIDE"", ""to_id"": 234}]",2,,9,"[""[WALK] <peach> (117)"", ""[GRAB] <peach> (117)"", ""[WALK] <microwave> (234)"", ""[OPEN] <microwave> (234)"", ""[PUTIN] <peach> (117) <microwave> (234)"", ""[WALK] <peach> (118)"", ""[GRAB] <peach> (118)"", ""[WALK] <microwave> (234)"", ""[PUTIN] <peach> (118) <microwave> (234)""]",False
placement_task,test,test_task33,Put all plums in the fridge,Put all {object} {relation} the {destination},in,plums,fridge,2,livingroom,"[{""id"": 225, ""states"": [""OPEN""]}]","[{""from_id"": 119, ""relation_type"": ""INSIDE"", ""to_id"": 225}, {""from_id"": 120, ""relation_type"": ""INSIDE"", ""to_id"": 225}]",2,,8,"[""[WALK] <plum> (119)"", ""[GRAB] <plum> (119)"", ""[WALK] <fridge> (225)"", ""[PUTIN] <plum> (119) <fridge> (225)"", ""[WALK] <plum> (120)"", ""[GRAB] <plum> (120)"", ""[WALK] <fridge> (225)"", ""[PUTIN] <plum> (120) <fridge> (225)""]",False
placement_task,test,test_task34,Put all plums in the fridge,Put all {object} {relation} the {destination},in,plums,fridge,2,bathroom,"[{""id"": 225, ""states"": [""CLOSED""]}]","[{""from_id"": 119, ""relation_type"": ""INSIDE"", ""to_id"": 225}, {""from_id"": 120, ""relation_type"": ""INSIDE"", ""to_id"": 225}]",2,,9,"[""[WALK] <plum> (119)"", ""[GRAB] <plum> (119)"", ""[WALK] <fridge> (225)"", ""[OPEN] <fridge> (225)"", ""[PUTIN] <plum> (119) <fridge> (225)"", ""[WALK] <plum> (120)"", ""[GRAB] <plum> (120)"", ""[WALK] <fridge> (225)"", ""[PUTIN] <plum> (120) <fridge> (225)""]",False
placement_task,test,test_task35,Put all plums in the microwave,Put all {object} {relation} the {destination},in,plums,microwave,2,bathroom,"[{""id"": 234, ""states"": [""OPEN"", ""OFF""]}]","[{""from_id"": 119, ""relation_type"": ""INSIDE"", ""to_id"": 234}, {""from_id"": 120, ""relation_type"": ""INSIDE"", ""to_id"": 234}]",2,,8,"[""[WALK] <plum> (119)"", ""[GRAB] <plum> (119)"", ""[WALK] <microwave> (234)"", ""[PUTIN] <plum> (119) <microwave> (234)"", ""[WALK] <plum> (120)"", ""[GRAB] <plum> (120)"", ""[WALK] <microwave> (234)"", ""[PUTIN] <plum> (120) <microwave> (234)""]",False
placement_task,test,test_task36,Put all plums in the microwave,Put all {object} {relation} the {destination},in,plums,microwave,2,livingroom,"[{""id"": 234, ""states"": [""CLOSED"", ""OFF""]}]","[{""from_id"": 119, ""relation_type"": ""INSIDE"", ""to_id"": 234}, {""from_id"": 120, ""relation_type"": ""INSIDE"", ""to_id"": 234}]",2,,9,"[""[WALK] <plum> (119)"", ""[GRAB] <plum> (119)"", ""[WALK] <microwave> (234)"", ""[OPEN] <microwave> (234)"", ""[PUTIN] <plum> (119) <microwave> (234)"", ""[WALK] <plum> (120)"", ""[GRAB] <plum> (120)"", ""[WALK] <microwave> (234)"", ""[PUTIN] <plum> (120) <microwave> (234)""]",False
placement_task,test,test_task37,Put all creamybuns in the fridge,Put all {object} {relation} the {destination},in,creamybuns,fridge,2,bathroom,"[{""id"": 225, ""states"": [""OPEN""]}]","[{""from_id"": 243, ""relation_type"": ""INSIDE"", ""to_id"": 225}, {""from_id"": 244, ""relation_type"": ""INSIDE"", ""to_id"": 225}]",2,,8,"[""[WALK] <creamybuns> (243)"", ""[GRAB] <creamybuns> (243)"", ""[WALK] <fridge> (225)"", ""[PUTIN] <creamybuns> (243) <fridge> (225)"", ""[WALK] <creamybuns> (244)"", ""[GRAB] <creamybuns> (244)"", ""[WALK] <fridge> (225)"", ""[PUTIN] <creamybuns> (244) <fridge> (225)""]",False
placement_task,test,test_task38,Put all creamybuns in the fridge,Put all {object} {relation} the {destination},in,creamybuns,fridge,2,kitchen,"[{""id"": 225, ""states"": [""CLOSED""]}]","[{""from_id"": 243, ""relation_type"": ""INSIDE"", ""to_id"": 225}, {""from_id"": 244, ""relation_type"": ""INSIDE"", ""to_id"": 225}]",2,,9,"[""[WALK] <creamybuns> (243)"", ""[GRAB] <creamybuns> (243)"", ""[WALK] <fridge> (225)"", ""[OPEN] <fridge> (225)"", ""[PUTIN] <creamybuns> (243) <fridge> (225)"", ""[WALK] <creamybuns> (244)"", ""[GRAB] <creamybuns> (244)"", ""[WALK] <fridge> (225)"", ""[PUTIN] <creamybuns> (244) <fridge> (225)""]",False
placement_task,test,test_task39,Put all creamybuns in the microwave,Put all {object} {relation} the {destination},in,creamybuns,microwave,2,kitchen,"[{""id"": 234, ""states"": [""OPEN"", ""OFF""]}]","[{""from_id"": 243, ""relation_type"": ""INSIDE"", ""to_id"": 234}, {""from_id"": 244, ""relation_type"": ""INSIDE"", ""to_id"": 234}]",2,,8,"[""[WALK] <creamybuns> (243)"", ""[GRAB] <creamybuns> (243)"", ""[WALK] <microwave> (234)"", ""[PUTIN] <creamybuns> (243) <microwave> (234)"", ""[WALK] <creamybuns> (244)"", ""[GRAB] <creamybuns> (244)"", ""[WALK] <microwave> (234)"", ""[PUTIN] <creamybuns> (244) <microwave> (234)""]",False
placement_task,test,test_task40,Put all creamybuns in the microwave,Put all {object} {relation} the {destination},in,creamybuns,microwave,2,bathroom,"[{""id"": 234, ""states"": [""CLOSED"", ""OFF""]}]","[{""from_id"": 243, ""relation_type"": ""INSIDE"", ""to_id"": 234}, {""from_id"": 244, ""relation_type"": ""INSIDE"", ""to_id"": 234}]",2,,9,"[""[WALK] <creamybuns> (243)"", ""[GRAB] <creamybuns> (243)"", ""[WALK] <microwave> (234)"", ""[OPEN] <microwave> (234)"", ""[PUTIN] <creamybuns> (243) <microwave> (234)"", ""[WALK] <creamybuns> (244)"", ""[GRAB] <creamybuns> (244)"", ""[WALK] <microwave> (234)"", ""[PUTIN] <creamybuns> (244) <microwave> (234)""]",False
placement_task,test,test_task41,Put all chips in the microwave,Put all {object} {relation} the {destination},in,chips,microwave,2,bedroom,"[{""id"": 234, ""states"": [""OPEN"", ""OFF""]}]","[{""from_id"": 245, ""relation_type"": ""INSIDE"", ""to_id"": 234}, {""from_id"": 246, ""relation_type"": ""INSIDE"", ""to_id"": 234}]",2,,8,"[""[WALK] <chips> (245)"", ""[GRAB] <chips> (245)"", ""[WALK] <microwave> (234)"", ""[PUTIN] <chips> (245) <microwave> (234)"", ""[WALK] <chips> (246)"", ""[GRAB] <chips> (246)"", ""[WALK] <microwave> (234)"", ""[PUTIN] <chips> (246) <microwave> (234)""]",False
placement_task,test,test_task42,Put all chips in the microwave,Put all {object} {relation} the {destination},in,chips,microwave,2,kitchen,"[{""id"": 234, ""states"": [""CLOSED"", ""OFF""]}]","[{""from_id"": 245, ""relation_type"": ""INSIDE"", ""to_id"": 234}, {""from_id"": 246, ""relation_type"": ""INSIDE"", ""to_id"": 234}]",2,,9,"[""[WALK] <chips> (245)"", ""[GRAB] <chips> (245)"", ""[WALK] <microwave> (234)"", ""[OPEN] <microwave> (234)"", ""[PUTIN] <chips> (245) <microwave> (234)"", ""[WALK] <chips> (246)"", ""[GRAB] <chips> (246)"", ""[WALK] <microwave> (234)"", ""[PUTIN] <chips> (246) <microwave> (234)""]",False
placement_task,test,test_task43,Put all milks on the coffeetable,Put all {object} {relation} the {destination},on,milks,coffeetable,3,bathroom,[],"[{""from_id"": 176, ""relation_type"": ""ON"", ""to_id"": 215}, {""from_id"": 177, ""relation_type"": ""ON"", ""to_id"": 215}]",2,,8,"[""[WALK] <milk> (176)"", ""[GRAB] <milk> (176)"", ""[WALK] <coffeetable> (215)"", ""[PUT] <milk> (176) <coffeetable> (215)"", ""[WALK] <milk> (177)"", ""[GRAB] <milk> (177)"", ""[WALK] <coffeetable> (215)"", ""[PUT] <milk> (177) <coffeetable> (215)""]",False
placement_task,test,test_task44,Put all bananas on the oventray,Put all {object} {relation} the {destination},on,bananas,oventray,3,kitchen,[],"[{""from_id"": 178, ""relation_type"": ""ON"", ""to_id"": 164}, {""from_id"": 179, ""relation_type"": ""ON"", ""to_id"": 164}]",2,,8,"[""[WALK] <bananas> (178)"", ""[GRAB] <bananas> (178)"", ""[WALK] <oventray> (164)"", ""[PUT] <bananas> (178) <oventray> (164)"", ""[WALK] <bananas> (179)"", ""[GRAB] <bananas> (179)"", ""[WALK] <oventray> (164)"", ""[PUT] <bananas> (179) <oventray> (164)""]",False
placement_task,test,test_task45,Put all bananas on the coffeetable,Put all {object} {relation} the {destination},on,bananas,coffeetable,3,kitchen,[],"[{""from_id"": 178, ""relation_type"": ""ON"", ""to_id"": 215}, {""from_id"": 179, ""relation_type"": ""ON"", ""to_id"": 215}]",2,,8,"[""[WALK] <bananas> (178)"", ""[GRAB] <bananas> (178)"", ""[WALK] <coffeetable> (215)"", ""[PUT] <bananas> (178) <coffeetable> (215)"", ""[WALK] <bananas> (179)"", ""[GRAB] <bananas> (179)"", ""[WALK] <coffeetable> (215)"", ""[PUT] <bananas> (179) <coffeetable> (215)""]",False
placement_task,test,test_task46,Put all cupcakes on the coffeetable,Put all {object} {relation} the {destination},on,cupcakes,coffeetable,3,bathroom,[],"[{""from_id"": 225, ""relation_type"": ""ON"", ""to_id"": 215}, {""from_id"": 226, ""relation_type"": ""ON"", ""to_id"": 215}, {""from_id"": 227, ""relation_type"": ""ON"", ""to_id"": 215}, {""from_id"": 385, ""relation_type"": ""ON"", ""to_id"": 215}]",4,,4,"[""[WALK] <cupcake> (385)"", ""[GRAB] <cupcake> (385)"", ""[WALK] <coffeetable> (215)"", ""[PUT] <cupcake> (385) <coffeetable> (215)""]",False
placement_task,test,test_task47,Put all juices in the fridge,Put all {object} {relation} the {destination},in,juices,fridge,3,bathroom,"[{""id"": 162, ""states"": [""OPEN""]}]","[{""from_id"": 173, ""relation_type"": ""INSIDE"", ""to_id"": 162}, {""from_id"": 174, ""relation_type"": ""INSIDE"", ""to_id"": 162}]",2,,8,"[""[WALK] <juice> (173)"", ""[GRAB] <juice> (173)"", ""[WALK] <fridge> (162)"", ""[PUTIN] <juice> (173) <fridge> (162)"", ""[WALK] <juice> (174)"", ""[GRAB] <juice> (174)"", ""[WALK] <fridge> (162)"", ""[PUTIN] <juice> (174) <fridge> (162)""]",False
placement_task,test,test_task48,Put all juices in the fridge,Put all {object} {relation} the {destination},in,juices,fridge,3,kitchen,"[{""id"": 162, ""states"": [""CLOSED""]}]","[{""from_id"": 173, ""relation_type"": ""INSIDE"", ""to_id"": 162}, {""from_id"": 174, ""relation_type"": ""INSIDE"", ""to_id"": 162}]",2,,9,"[""[WALK] <juice> (173)"", ""[GRAB] <juice> (173)"", ""[WALK] <fridge> (162)"", ""[OPEN] <fridge> (162)"", ""[PUTIN] <juice> (173) <fridge> (162)"", ""[WALK] <juice> (174)"", ""[GRAB] <juice> (174)"", ""[WALK] <fridge> (162)"", ""[PUTIN] <juice> (174) <fridge> (162)""]",False
placement_task,test,test_task49,Put all milks in the microwave,Put all {object} {relation} the {destination},in,milks,microwave,3,bathroom,"[{""id"": 171, ""states"": [""OPEN"", ""OFF""]}]","[{""from_id"": 176, ""relation_type"": ""INSIDE"", ""to_id"": 171}, {""from_id"": 177, ""relation_type"": ""INSIDE"", ""to_id"": 171}]",2,,8,"[""[WALK] <milk> (176)"", ""[GRAB] <milk> (176)"", ""[WALK] <microwave> (171)"", ""[PUTIN] <milk> (176) <microwave> (171)"", ""[WALK] <milk> (177)"", ""[GRAB] <milk> (177)"", ""[WALK] <microwave> (171)"", ""[PUTIN] <milk> (177) <microwave> (171)""]",False
placement_task,test,test_task50,Put all milks in the microwave,Put all {object} {relation} the {destination},in,milks,microwave,3,bedroom,"[{""id"": 171, ""states"": [""CLOSED"", ""OFF""]}]","[{""from_id"": 176, ""relation_type"": ""INSIDE"", ""to_id"": 171}, {""from_id"": 177, ""relation_type"": ""INSIDE"", ""to_id"": 171}]",2,,9,"[""[WALK] <milk> (176)"", ""[GRAB] <milk> (176)"", ""[WALK] <microwave> (171)"", ""[OPEN] <microwave> (171)"", ""[PUTIN] <milk> (176) <microwave> (171)"", ""[WALK] <milk> (177)"", ""[GRAB] <milk> (177)"", ""[WALK] <microwave> (171)"", ""[PUTIN] <milk> (177) <microwave> (171)""]",False
placement_task,test,test_task51,Put all bananas in the fridge,Put all {object} {relation} the {destination},in,bananas,fridge,3,kitchen,"[{""id"": 162, ""states"": [""OPEN""]}]","[{""from_id"": 178, ""relation_type"": ""INSIDE"", ""to_id"": 162}, {""from_id"": 179, ""relation_type"": ""INSIDE"", ""to_id"": 162}]",2,,8,"[""[WALK] <bananas> (178)"", ""[GRAB] <bananas> (178)"", ""[WALK] <fridge> (162)"", ""[PUTIN] <bananas> (178) <fridge> (162)"", ""[WALK] <bananas> (179)"", ""[GRAB] <bananas> (179)"", ""[WALK] <fridge> (162)"", ""[PUTIN] <bananas> (179) <fridge> (162)""]",False
placement_task,test,test_task52,Put all bananas in the fridge,Put all {object} {relation} the {destination},in,bananas,fridge,3,livingroom,"[{""id"": 162, ""states"": [""CLOSED""]}]","[{""from_id"": 178, ""relation_type"": ""INSIDE"", ""to_id"": 162}, {""from_id"": 179, ""relation_type"": ""INSIDE"", ""to_id"": 162}]",2,,9,"[""[WALK] <bananas> (178)"", ""[GRAB] <bananas> (178)"", ""[WALK] <fridge> (162)"", ""[OPEN] <fridge> (162)"", ""[PUTIN] <bananas> (178) <fridge> (162)"", ""[WALK] <bananas> (179)"", ""[GRAB] <bananas> (179)"", ""[WALK] <fridge> (162)"", ""[PUTIN] <bananas> (179) <fridge> (162)""]",False
placement_task,test,test_task53,Put all bananas in the microwave,Put all {object} {relation} the {destination},in,bananas,microwave,3,bedroom,"[{""id"": 171, ""states"": [""OPEN"", ""OFF""]}]","[{""from_id"": 178, ""relation_type"": ""INSIDE"", ""to_id"": 171}, {""from_id"": 179, ""relation_type"": ""INSIDE"", ""to_id"": 171}]",2,,8,"[""[WALK] <bananas> (178)"", ""[GRAB] <bananas> (178)"", ""[WALK] <microwave> (171)"", ""[PUTIN] <bananas> (178) <microwave> (171)"", ""[WALK] <bananas> (179)"", ""[GRAB] <bananas> (179)"", ""[WALK] <microwave> (171)"", ""[PUTIN] <bananas> (179) <microwave> (171)""]",False
placement_task,test,test_task54,Put all bananas in the microwave,Put all {object} {relation} the {destination},in,bananas,microwave,3,livingroom,"[{""id"": 171, ""states"": [""CLOSED"", ""OFF""]}]","[{""from_id"": 178, ""relation_type"": ""INSIDE"", ""to_id"": 171}, {""from_id"": 179, ""relation_type"": ""INSIDE"", ""to_id"": 171}]",2,,9,"[""[WALK] <bananas> (178)"", ""[GRAB] <bananas> (178)"", ""[WALK] <microwave> (171)"", ""[OPEN] <microwave> (171)"", ""[PUTIN] <bananas> (178) <microwave> (171)"", ""[WALK] <bananas> (179)"", ""[GRAB] <bananas> (179)"", ""[WALK] <microwave> (171)"", ""[PUTIN] <bananas> (179) <microwave> (171)""]",False
placement_task,test,test_task55,Put all cupcakes in the microwave,Put all {object} {relation} the {destination},in,cupcakes,microwave,3,bedroom,"[{""id"": 171, ""states"": [""OPEN"", ""OFF""]}]","[{""from_id"": 225, ""relation_type"": ""INSIDE"", ""to_id"": 171}, {""from_id"": 226, ""relation_type"": ""INSIDE"", ""to_id"": 171}, {""from_id"": 227, ""relation_type"": ""INSIDE"", ""to_id"": 171}, {""from_id"": 385, ""relation_type"": ""INSIDE"", ""to_id"": 171}]",4,,16,"[""[WALK] <cupcake> (225)"", ""[GRAB] <cupcake> (225)"", ""[WALK] <microwave> (171)"", ""[PUTIN] <cupcake> (225) <microwave> (171)"", ""[WALK] <cupcake> (226)"", ""[GRAB] <cupcake> (226)"", ""[WALK] <microwave> (171)"", ""[PUTIN] <cupcake> (226) <microwave> (171)"", ""[WALK] <cupcake> (227)"", ""[GRAB] <cupcake> (227)"", ""[WALK] <microwave> (171)"", ""[PUTIN] <cupcake> (227) <microwave> (171)"", ""[WALK] <cupcake> (385)"", ""[GRAB] <cupcake> (385)"", ""[WALK] <microwave> (171)"", ""[PUTIN] <cupcake> (385) <microwave> (171)""]",False
placement_task,test,test_task56,Put all cupcakes in the microwave,Put all {object} {relation} the {destination},in,cupcakes,microwave,3,bathroom,"[{""id"": 171, ""states"": [""CLOSED"", ""OFF""]}]","[{""from_id"": 225, ""relation_type"": ""INSIDE"", ""to_id"": 171}, {""from_id"": 226, ""relation_type"": ""INSIDE"", ""to_id"": 171}, {""from_id"": 227, ""relation_type"": ""INSIDE"", ""to_id"": 171}, {""from_id"": 385, ""relation_type"": ""INSIDE"", ""to_id"": 171}]",4,,17,"[""[WALK] <cupcake> (225)"", ""[GRAB] <cupcake> (225)"", ""[WALK] <microwave> (171)"", ""[OPEN] <microwave> (171)"", ""[PUTIN] <cupcake> (225) <microwave> (171)"", ""[WALK] <cupcake> (226)"", ""[GRAB] <cupcake> (226)"", ""[WALK] <microwave> (171)"", ""[PUTIN] <cupcake> (226) <microwave> (171)"", ""[WALK] <cupcake> (227)"", ""[GRAB] <cupcake> (227)"", ""[WALK] <microwave> (171)"", ""[PUTIN] <cupcake> (227) <microwave> (171)"", ""[WALK] <cupcake> (385)"", ""[GRAB] <cupcake> (385)"", ""[WALK] <microwave> (171)"", ""[PUTIN] <cupcake> (385) <microwave> (171)""]",False
placement_task,test,test_task57,Put all peaches on the kitchentable,Put all {object} {relation} the {destination},on,peaches,kitchentable,4,livingroom,[],"[{""from_id"": 51, ""relation_type"": ""ON"", ""to_id"": 72}, {""from_id"": 52, ""relation_type"": ""ON"", ""to_id"": 72}, {""from_id"": 65, ""relation_type"": ""ON"", ""to_id"": 72}]",3,,8,"[""[WALK] <peach> (51)"", ""[GRAB] <peach> (51)"", ""[WALK] <kitchentable> (72)"", ""[PUT] <peach> (51) <kitchentable> (72)"", ""[WALK] <peach> (52)"", ""[GRAB] <peach> (52)"", ""[WALK] <kitchentable> (72)"", ""[PUT] <peach> (52) <kitchentable> (72)""]",False
placement_task,test,test_task58,Put all crackers on the kitchentable,Put all {object} {relation} the {destination},on,crackers,kitchentable,4,bedroom,[],"[{""from_id"": 63, ""relation_type"": ""ON"", ""to_id"": 72}, {""from_id"": 66, ""relation_type"": ""ON"", ""to_id"": 72}]",2,,8,"[""[WALK] <crackers> (63)"", ""[GRAB] <crackers> (63)"", ""[WALK] <kitchentable> (72)"", ""[PUT] <crackers> (63) <kitchentable> (72)"", ""[WALK] <crackers> (66)"", ""[GRAB] <crackers> (66)"", ""[WALK] <kitchentable> (72)"", ""[PUT] <crackers> (66) <kitchentable> (72)""]",False
placement_task,test,test_task59,Put all cupcakes on the coffeetable,Put all {object} {relation} the {destination},on,cupcakes,coffeetable,4,bedroom,[],"[{""from_id"": 245, ""relation_type"": ""ON"", ""to_id"": 269}, {""from_id"": 324, ""relation_type"": ""ON"", ""to_id"": 269}]",2,,4,"[""[WALK] <cupcake> (245)"", ""[GRAB] <cupcake> (245)"", ""[WALK] <coffeetable> (269)"", ""[PUT] <cupcake> (245) <coffeetable> (269)""]",False
placement_task,test,test_task60,Put all peaches in the fridge,Put all {object} {relation} the {destination},in,peaches,fridge,4,livingroom,"[{""id"": 103, ""states"": [""OPEN""]}]","[{""from_id"": 51, ""relation_type"": ""INSIDE"", ""to_id"": 103}, {""from_id"": 52, ""relation_type"": ""INSIDE"", ""to_id"": 103}, {""from_id"": 65, ""relation_type"": ""INSIDE"", ""to_id"": 103}]",3,,12,"[""[WALK] <peach> (51)"", ""[GRAB] <peach> (51)"", ""[WALK] <fridge> (103)"", ""[PUTIN] <peach> (51) <fridge> (103)"", ""[WALK] <peach> (52)"", ""[GRAB] <peach> (52)"", ""[WALK] <fridge> (103)"", ""[PUTIN] <peach> (52) <fridge> (103)"", ""[WALK] <peach> (65)"", ""[GRAB] <peach> (65)"", ""[WALK] <fridge> (103)"", ""[PUTIN] <peach> (65) <fridge> (103)""]",False
placement_task,test,test_task61,Put all peaches in the fridge,Put all {object} {relation} the {destination},in,peaches,fridge,4,livingroom,"[{""id"": 103, ""states"": [""CLOSED""]}]","[{""from_id"": 51, ""relation_type"": ""INSIDE"", ""to_id"": 103}, {""from_id"": 52, ""relation_type"": ""INSIDE"", ""to_id"": 103}, {""from_id"": 65, ""relation_type"": ""INSIDE"", ""to_id"": 103}]",3,,13,"[""[WALK] <peach> (51)"", ""[GRAB] <peach> (51)"", ""[WALK] <fridge> (103)"", ""[OPEN] <fridge> (103)"", ""[PUTIN] <peach> (51) <fridge> (103)"", ""[WALK] <peach> (52)"", ""[GRAB] <peach> (52)"", ""[WALK] <fridge> (103)"", ""[PUTIN] <peach> (52) <fridge> (103)"", ""[WALK] <peach> (65)"", ""[GRAB] <peach> (65)"", ""[WALK] <fridge> (103)"", ""[PUTIN] <peach> (65) <fridge> (103)""]",False
placement_task,test,test_task62,Put all peaches in the microwave,Put all {object} {relation} the {destination},in,peaches,microwave,4,bedroom,"[{""id"": 109, ""states"": [""OPEN"", ""OFF""]}]","[{""from_id"": 51, ""relation_type"": ""INSIDE"", ""to_id"": 109}, {""from_id"": 52, ""relation_type"": ""INSIDE"", ""to_id"": 109}, {""from_id"": 65, ""relation_type"": ""INSIDE"", ""to_id"": 109}]",3,,12,"[""[WALK] <peach> (51)"", ""[GRAB] <peach> (51)"", ""[WALK] <microwave> (109)"", ""[PUTIN] <peach> (51) <microwave> (109)"", ""[WALK] <peach> (52)"", ""[GRAB] <peach> (52)"", ""[WALK] <microwave> (109)"", ""[PUTIN] <peach> (52) <microwave> (109)"", ""[WALK] <peach> (65)"", ""[GRAB] <peach> (65)"", ""[WALK] <microwave> (109)"", ""[PUTIN] <peach> (65) <microwave> (109)""]",False
placement_task,test,test_task63,Put all peaches in the microwave,Put all {object} {relation} the {destination},in,peaches,microwave,4,livingroom,"[{""id"": 109, ""states"": [""CLOSED"", ""OFF""]}]","[{""from_id"": 51, ""relation_type"": ""INSIDE"", ""to_id"": 109}, {""from_id"": 52, ""relation_type"": ""INSIDE"", ""to_id"": 109}, {""from_id"": 65, ""relation_type"": ""INSIDE"", ""to_id"": 109}]",3,,13,"[""[WALK] <peach> (51)"", ""[GRAB] <peach> (51)"", ""[WALK] <microwave> (109)"", ""[OPEN] <microwave> (109)"", ""[PUTIN] <peach> (51) <microwave> (109)"", ""[WALK] <peach> (52)"", ""[GRAB] <peach> (52)"", ""[WALK] <microwave> (109)"", ""[PUTIN] <peach> (52) <microwave> (109)"", ""[WALK] <peach> (65)"", ""[GRAB] <peach> (65)"", ""[WALK] <microwave> (109)"", ""[PUTIN] <peach> (65) <microwave> (109)""]",False
placement_task,test,test_task64,Put all plums in the fridge,Put all {object} {relation} the {destination},in,plums,fridge,4,kitchen,"[{""id"": 103, ""states"": [""OPEN""]}]","[{""from_id"": 53, ""relation_type"": ""INSIDE"", ""to_id"": 103}, {""from_id"": 54, ""relation_type"": ""INSIDE"", ""to_id"": 103}]",2,,8,"[""[WALK] <plum> (53)"", ""[GRAB] <plum> (53)"", ""[WALK] <fridge> (103)"", ""[PUTIN] <plum> (53) <fridge> (103)"", ""[WALK] <plum> (54)"", ""[GRAB] <plum> (54)"", ""[WALK] <fridge> (103)"", ""[PUTIN] <plum> (54) <fridge> (103)""]",False
placement_task,test,test_task65,Put all plums in the fridge,Put all {object} {relation} the {destination},in,plums,fridge,4,bedroom,"[{""id"": 103, ""states"": [""CLOSED""]}]","[{""from_id"": 53, ""relation_type"": ""INSIDE"", ""to_id"": 103}, {""from_id"": 54, ""relation_type"": ""INSIDE"", ""to_id"": 103}]",2,,9,"[""[WALK] <plum> (53)"", ""[GRAB] <plum> (53)"", ""[WALK] <fridge> (103)"", ""[OPEN] <fridge> (103)"", ""[PUTIN] <plum> (53) <fridge> (103)"", ""[WALK] <plum> (54)"", ""[GRAB] <plum> (54)"", ""[WALK] <fridge> (103)"", ""[PUTIN] <plum> (54) <fridge> (103)""]",False
placement_task,test,test_task66,Put all plums in the microwave,Put all {object} {relation} the {destination},in,plums,microwave,4,bathroom,"[{""id"": 109, ""states"": [""OPEN"", ""OFF""]}]","[{""from_id"": 53, ""relation_type"": ""INSIDE"", ""to_id"": 109}, {""from_id"": 54, ""relation_type"": ""INSIDE"", ""to_id"": 109}]",2,,8,"[""[WALK] <plum> (53)"", ""[GRAB] <plum> (53)"", ""[WALK] <microwave> (109)"", ""[PUTIN] <plum> (53) <microwave> (109)"", ""[WALK] <plum> (54)"", ""[GRAB] <plum> (54)"", ""[WALK] <microwave> (109)"", ""[PUTIN] <plum> (54) <microwave> (109)""]",False
placement_task,test,test_task67,Put all plums in the microwave,Put all {object} {relation} the {destination},in,plums,microwave,4,bathroom,"[{""id"": 109, ""states"": [""CLOSED"", ""OFF""]}]","[{""from_id"": 53, ""relation_type"": ""INSIDE"", ""to_id"": 109}, {""from_id"": 54, ""relation_type"": ""INSIDE"", ""to_id"": 109}]",2,,9,"[""[WALK] <plum> (53)"", ""[GRAB] <plum> (53)"", ""[WALK] <microwave> (109)"", ""[OPEN] <microwave> (109)"", ""[PUTIN] <plum> (53) <microwave> (109)"", ""[WALK] <plum> (54)"", ""[GRAB] <plum> (54)"", ""[WALK] <microwave> (109)"", ""[PUTIN] <plum> (54) <microwave> (109)""]",False
placement_task,test,test_task68,Put all plums in the fryingpan,Put all {object} {relation} the {destination},in,plums,fryingpan,4,bathroom,[],"[{""from_id"": 53, ""relation_type"": ""INSIDE"", ""to_id"": 122}, {""from_id"": 54, ""relation_type"": ""INSIDE"", ""to_id"": 122}]",2,,8,"[""[WALK] <plum> (53)"", ""[GRAB] <plum> (53)"", ""[WALK] <fryingpan> (122)"", ""[PUTIN] <plum> (53) <fryingpan> (122)"", ""[WALK] <plum> (54)"", ""[GRAB] <plum> (54)"", ""[WALK] <fryingpan> (122)"", ""[PUTIN] <plum> (54) <fryingpan> (122)""]",False
placement_task,test,test_task69,Put all crackers in the fridge,Put all {object} {relation} the {destination},in,crackers,fridge,4,bedroom,"[{""id"": 103, ""states"": [""OPEN""]}]","[{""from_id"": 63, ""relation_type"": ""INSIDE"", ""to_id"": 103}, {""from_id"": 66, ""relation_type"": ""INSIDE"", ""to_id"": 103}]",2,,8,"[""[WALK] <crackers> (63)"", ""[GRAB] <crackers> (63)"", ""[WALK] <fridge> (103)"", ""[PUTIN] <crackers> (63) <fridge> (103)"", ""[WALK] <crackers> (66)"", ""[GRAB] <crackers> (66)"", ""[WALK] <fridge> (103)"", ""[PUTIN] <crackers> (66) <fridge> (103)""]",False
placement_task,test,test_task70,Put all crackers in the fridge,Put all {object} {relation} the {destination},in,crackers,fridge,4,bedroom,"[{""id"": 103, ""states"": [""CLOSED""]}]","[{""from_id"": 63, ""relation_type"": ""INSIDE"", ""to_id"": 103}, {""from_id"": 66, ""relation_type"": ""INSIDE"", ""to_id"": 103}]",2,,9,"[""[WALK] <crackers> (63)"", ""[GRAB] <crackers> (63)"", ""[WALK] <fridge> (103)"", ""[OPEN] <fridge> (103)"", ""[PUTIN] <crackers> (63) <fridge> (103)"", ""[WALK] <crackers> (66)"", ""[GRAB] <crackers> (66)"", ""[WALK] <fridge> (103)"", ""[PUTIN] <crackers> (66) <fridge> (103)""]",False
placement_task,test,test_task71,Put all crackers in the microwave,Put all {object} {relation} the {destination},in,crackers,microwave,4,kitchen,"[{""id"": 109, ""states"": [""OPEN"", ""OFF""]}]","[{""from_id"": 63, ""relation_type"": ""INSIDE"", ""to_id"": 109}, {""from_id"": 66, ""relation_type"": ""INSIDE"", ""to_id"": 109}]",2,,8,"[""[WALK] <crackers> (63)"", ""[GRAB] <crackers> (63)"", ""[WALK] <microwave> (109)"", ""[PUTIN] <crackers> (63) <microwave> (109)"", ""[WALK] <crackers> (66)"", ""[GRAB] <crackers> (66)"", ""[WALK] <microwave> (109)"", ""[PUTIN] <crackers> (66) <microwave> (109)""]",False
placement_task,test,test_task72,Put all crackers in the microwave,Put all {object} {relation} the {destination},in,crackers,microwave,4,kitchen,"[{""id"": 109, ""states"": [""CLOSED"", ""OFF""]}]","[{""from_id"": 63, ""relation_type"": ""INSIDE"", ""to_id"": 109}, {""from_id"": 66, ""relation_type"": ""INSIDE"", ""to_id"": 109}]",2,,9,"[""[WALK] <crackers> (63)"", ""[GRAB] <crackers> (63)"", ""[WALK] <microwave> (109)"", ""[OPEN] <microwave> (109)"", ""[PUTIN] <crackers> (63) <microwave> (109)"", ""[WALK] <crackers> (66)"", ""[GRAB] <crackers> (66)"", ""[WALK] <microwave> (109)"", ""[PUTIN] <crackers> (66) <microwave> (109)""]",False
placement_task,test,test_task73,Put all cupcakes in the microwave,Put all {object} {relation} the {destination},in,cupcakes,microwave,4,livingroom,"[{""id"": 109, ""states"": [""OPEN"", ""OFF""]}]","[{""from_id"": 245, ""relation_type"": ""INSIDE"", ""to_id"": 109}, {""from_id"": 324, ""relation_type"": ""INSIDE"", ""to_id"": 109}]",2,,8,"[""[WALK] <cupcake> (245)"", ""[GRAB] <cupcake> (245)"", ""[WALK] <microwave> (109)"", ""[PUTIN] <cupcake> (245) <microwave> (109)"", ""[WALK] <cupcake> (324)"", ""[GRAB] <cupcake> (324)"", ""[WALK] <microwave> (109)"", ""[PUTIN] <cupcake> (324) <microwave> (109)""]",False
placement_task,test,test_task74,Put all cupcakes in the microwave,Put all {object} {relation} the {destination},in,cupcakes,microwave,4,livingroom,"[{""id"": 109, ""states"": [""CLOSED"", ""OFF""]}]","[{""from_id"": 245, ""relation_type"": ""INSIDE"", ""to_id"": 109}, {""from_id"": 324, ""relation_type"": ""INSIDE"", ""to_id"": 109}]",2,,9,"[""[WALK] <cupcake> (245)"", ""[GRAB] <cupcake> (245)"", ""[WALK] <microwave> (109)"", ""[OPEN] <microwave> (109)"", ""[PUTIN] <cupcake> (245) <microwave> (109)"", ""[WALK] <cupcake> (324)"", ""[GRAB] <cupcake> (324)"", ""[WALK] <microwave> (109)"", ""[PUTIN] <cupcake> (324) <microwave> (109)""]",False
placement_task,test,test_task75,Put all cupcakes on the desk,Put all {object} {relation} the {destination},on,cupcakes,desk,5,bedroom,[],"[{""from_id"": 97, ""relation_type"": ""ON"", ""to_id"": 29}, {""from_id"": 210, ""relation_type"": ""ON"", ""to_id"": 29}, {""from_id"": 211, ""relation_type"": ""ON"", ""to_id"": 29}]",3,,8,"[""[WALK] <cupcake> (210)"", ""[GRAB] <cupcake> (210)"", ""[WALK] <desk> (29)"", ""[PUT] <cupcake> (210) <desk> (29)"", ""[WALK] <cupcake> (211)"", ""[GRAB] <cupcake> (211)"", ""[WALK] <desk> (29)"", ""[PUT] <cupcake> (211) <desk> (29)""]",False
placement_task,test,test_task76,Put all bananas on the desk,Put all {object} {relation} the {destination},on,bananas,desk,5,kitchen,[],"[{""from_id"": 203, ""relation_type"": ""ON"", ""to_id"": 29}, {""from_id"": 204, ""relation_type"": ""ON"", ""to_id"": 29}]",2,,8,"[""[WALK] <bananas> (203)"", ""[GRAB] <bananas> (203)"", ""[WALK] <desk> (29)"", ""[PUT] <bananas> (203) <desk> (29)"", ""[WALK] <bananas> (204)"", ""[GRAB] <bananas> (204)"", ""[WALK] <desk> (29)"", ""[PUT] <bananas> (204) <desk> (29)""]",False
placement_task,test,test_task77,Put all cupcakes in the microwave,Put all {object} {relation} the {destination},in,cupcakes,microwave,5,livingroom,"[{""id"": 162, ""states"": [""OPEN"", ""OFF""]}]","[{""from_id"": 97, ""relation_type"": ""INSIDE"", ""to_id"": 162}, {""from_id"": 210, ""relation_type"": ""INSIDE"", ""to_id"": 162}, {""from_id"": 211, ""relation_type"": ""INSIDE"", ""to_id"": 162}]",3,,12,"[""[WALK] <cupcake> (97)"", ""[GRAB] <cupcake> (97)"", ""[WALK] <microwave> (162)"", ""[PUTIN] <cupcake> (97) <microwave> (162)"", ""[WALK] <cupcake> (210)"", ""[GRAB] <cupcake> (210)"", ""[WALK] <microwave> (162)"", ""[PUTIN] <cupcake> (210) <microwave> (162)"", ""[WALK] <cupcake> (211)"", ""[GRAB] <cupcake> (211)"", ""[WALK] <microwave> (162)"", ""[PUTIN] <cupcake> (211) <microwave> (162)""]",False
placement_task,test,test_task78,Put all cupcakes in the microwave,Put all {object} {relation} the {destination},in,cupcakes,microwave,5,livingroom,"[{""id"": 162, ""states"": [""CLOSED"", ""OFF""]}]","[{""from_id"": 97, ""relation_type"": ""INSIDE"", ""to_id"": 162}, {""from_id"": 210, ""relation_type"": ""INSIDE"", ""to_id"": 162}, {""from_id"": 211, ""relation_type"": ""INSIDE"", ""to_id"": 162}]",3,,13,"[""[WALK] <cupcake> (97)"", ""[GRAB] <cupcake> (97)"", ""[WALK] <microwave> (162)"", ""[OPEN] <microwave> (162)"", ""[PUTIN] <cupcake> (97) <microwave> (162)"", ""[WALK] <cupcake> (210)"", ""[GRAB] <cupcake> (210)"", ""[WALK] <microwave> (162)"", ""[PUTIN] <cupcake> (210) <microwave> (162)"", ""[WALK] <cupcake> (211)"", ""[GRAB] <cupcake> (211)"", ""[WALK] <microwave> (162)"", ""[PUTIN] <cupcake> (211) <microwave> (162)""]",False
placement_task,test,test_task79,Put all bananas in the fridge,Put all {object} {relation} the {destination},in,bananas,fridge,5,kitchen,"[{""id"": 157, ""states"": [""OPEN""]}]","[{""from_id"": 203, ""relation_type"": ""INSIDE"", ""to_id"": 157}, {""from_id"": 204, ""relation_type"": ""INSIDE"", ""to_id"": 157}]",2,,8,"[""[WALK] <bananas> (203)"", ""[GRAB] <bananas> (203)"", ""[WALK] <fridge> (157)"", ""[PUTIN] <bananas> (203) <fridge> (157)"", ""[WALK] <bananas> (204)"", ""[GRAB] <bananas> (204)"", ""[WALK] <fridge> (157)"", ""[PUTIN] <bananas> (204) <fridge> (157)""]",False
placement_task,test,test_task80,Put all bananas in the fridge,Put all {object} {relation} the {destination},in,bananas,fridge,5,bathroom,"[{""id"": 157, ""states"": [""CLOSED""]}]","[{""from_id"": 203, ""relation_type"": ""INSIDE"", ""to_id"": 157}, {""from_id"": 204, ""relation_type"": ""INSIDE"", ""to_id"": 157}]",2,,9,"[""[WALK] <bananas> (203)"", ""[GRAB] <bananas> (203)"", ""[WALK] <fridge> (157)"", ""[OPEN] <fridge> (157)"", ""[PUTIN] <bananas> (203) <fridge> (157)"", ""[WALK] <bananas> (204)"", ""[GRAB] <bananas> (204)"", ""[WALK] <fridge> (157)"", ""[PUTIN] <bananas> (204) <fridge> (157)""]",False
placement_task,test,test_task81,Put all bananas in the microwave,Put all {object} {relation} the {destination},in,bananas,microwave,5,livingroom,"[{""id"": 162, ""states"": [""OPEN"", ""OFF""]}]","[{""from_id"": 203, ""relation_type"": ""INSIDE"", ""to_id"": 162}, {""from_id"": 204, ""relation_type"": ""INSIDE"", ""to_id"": 162}]",2,,8,"[""[WALK] <bananas> (203)"", ""[GRAB] <bananas> (203)"", ""[WALK] <microwave> (162)"", ""[PUTIN] <bananas> (203) <microwave> (162)"", ""[WALK] <bananas> (204)"", ""[GRAB] <bananas> (204)"", ""[WALK] <microwave> (162)"", ""[PUTIN] <bananas> (204) <microwave> (162)""]",False
placement_task,test,test_task82,Put all bananas in the microwave,Put all {object} {relation} the {destination},in,bananas,microwave,5,kitchen,"[{""id"": 162, ""states"": [""CLOSED"", ""OFF""]}]","[{""from_id"": 203, ""relation_type"": ""INSIDE"", ""to_id"": 162}, {""from_id"": 204, ""relation_type"": ""INSIDE"", ""to_id"": 162}]",2,,9,"[""[WALK] <bananas> (203)"", ""[GRAB] <bananas> (203)"", ""[WALK] <microwave> (162)"", ""[OPEN] <microwave> (162)"", ""[PUTIN] <bananas> (203) <microwave> (162)"", ""[WALK] <bananas> (204)"", ""[GRAB] <bananas> (204)"", ""[WALK] <microwave> (162)"", ""[PUTIN] <bananas> (204) <microwave> (162)""]",False
placement_task,test,test_task83,Put all milks on the kitchencounter,Put all {object} {relation} the {destination},on,milks,kitchencounter,6,kitchen,[],"[{""from_id"": 245, ""relation_type"": ""ON"", ""to_id"": 189}, {""from_id"": 246, ""relation_type"": ""ON"", ""to_id"": 189}]",2,,0,[],True
placement_task,test,test_task84,Put all milks on the cuttingboard,Put all {object} {relation} the {destination},on,milks,cuttingboard,6,bathroom,[],"[{""from_id"": 245, ""relation_type"": ""ON"", ""to_id"": 229}, {""from_id"": 246, ""relation_type"": ""ON"", ""to_id"": 229}]",2,,8,"[""[WALK] <milk> (245)"", ""[GRAB] <milk> (245)"", ""[WALK] <cuttingboard> (229)"", ""[PUT] <milk> (245) <cuttingboard> (229)"", ""[WALK] <milk> (246)"", ""[GRAB] <milk> (246)"", ""[WALK] <cuttingboard> (229)"", ""[PUT] <milk> (246) <cuttingboard> (229)""]",False
placement_task,test,test_task85,Put all milks on the desk,Put all {object} {relation} the {destination},on,milks,desk,6,bedroom,[],"[{""from_id"": 245, ""relation_type"": ""ON"", ""to_id"": 283}, {""from_id"": 246, ""relation_type"": ""ON"", ""to_id"": 283}]",2,,8,"[""[WALK] <milk> (245)"", ""[GRAB] <milk> (245)"", ""[WALK] <desk> (283)"", ""[PUT] <milk> (245) <desk> (283)"", ""[WALK] <milk> (246)"", ""[GRAB] <milk> (246)"", ""[WALK] <desk> (283)"", ""[PUT] <milk> (246) <desk> (283)""]",False
placement_task,test,test_task86,Put all milks in the microwave,Put all {object} {relation} the {destination},in,milks,microwave,6,livingroom,"[{""id"": 239, ""states"": [""OPEN"", ""OFF""]}]","[{""from_id"": 245, ""relation_type"": ""INSIDE"", ""to_id"": 239}, {""from_id"": 246, ""relation_type"": ""INSIDE"", ""to_id"": 239}]",2,,8,"[""[WALK] <milk> (245)"", ""[GRAB] <milk> (245)"", ""[WALK] <microwave> (239)"", ""[PUTIN] <milk> (245) <microwave> (239)"", ""[WALK] <milk> (246)"", ""[GRAB] <milk> (246)"", ""[WALK] <microwave> (239)"", ""[PUTIN] <milk> (246) <microwave> (239)""]",False
placement_task,test,test_task87,Put all milks in the microwave,Put all {object} {relation} the {destination},in,milks,microwave,6,livingroom,"[{""id"": 239, ""states"": [""CLOSED"", ""OFF""]}]","[{""from_id"": 245, ""relation_type"": ""INSIDE"", ""to_id"": 239}, {""from_id"": 246, ""relation_type"": ""INSIDE"", ""to_id"": 239}]",2,,9,"[""[WALK] <milk> (245)"", ""[GRAB] <milk> (245)"", ""[WALK] <microwave> (239)"", ""[OPEN] <microwave> (239)"", ""[PUTIN] <milk> (245) <microwave> (239)"", ""[WALK] <milk> (246)"", ""[GRAB] <milk> (246)"", ""[WALK] <microwave> (239)"", ""[PUTIN] <milk> (246) <microwave> (239)""]",False
placement_task,test,test_task88,Put all creamybuns on the kitchentable,Put all {object} {relation} the {destination},on,creamybuns,kitchentable,7,bathroom,[],"[{""from_id"": 188, ""relation_type"": ""ON"", ""to_id"": 129}, {""from_id"": 189, ""relation_type"": ""ON"", ""to_id"": 129}]",2,,8,"[""[WALK] <creamybuns> (188)"", ""[GRAB] <creamybuns> (188)"", ""[WALK] <kitchentable> (129)"", ""[PUT] <creamybuns> (188) <kitchentable> (129)"", ""[WALK] <creamybuns> (189)"", ""[GRAB] <creamybuns> (189)"", ""[WALK] <kitchentable> (129)"", ""[PUT] <creamybuns> (189) <kitchentable> (129)""]",False
placement_task,test,test_task89,Put all chips on the kitchentable,Put all {object} {relation} the {destination},on,chips,kitchentable,7,bedroom,[],"[{""from_id"": 190, ""relation_type"": ""ON"", ""to_id"": 129}, {""from_id"": 191, ""relation_type"": ""ON"", ""to_id"": 129}]",2,,8,"[""[WALK] <chips> (190)"", ""[GRAB] <chips> (190)"", ""[WALK] <kitchentable> (129)"", ""[PUT] <chips> (190) <kitchentable> (129)"", ""[WALK] <chips> (191)"", ""[GRAB] <chips> (191)"", ""[WALK] <kitchentable> (129)"", ""[PUT] <chips> (191) <kitchentable> (129)""]",False
placement_task,test,test_task90,Put all alcohols on the kitchentable,Put all {object} {relation} the {destination},on,alcohols,kitchentable,7,kitchen,[],"[{""from_id"": 196, ""relation_type"": ""ON"", ""to_id"": 129}, {""from_id"": 248, ""relation_type"": ""ON"", ""to_id"": 129}]",2,,8,"[""[WALK] <alcohol> (196)"", ""[GRAB] <alcohol> (196)"", ""[WALK] <kitchentable> (129)"", ""[PUT] <alcohol> (196) <kitchentable> (129)"", ""[WALK] <alcohol> (248)"", ""[GRAB] <alcohol> (248)"", ""[WALK] <kitchentable> (129)"", ""[PUT] <alcohol> (248) <kitchentable> (129)""]",False
placement_task,test,test_task91,Put all peaches on the kitchentable,Put all {object} {relation} the {destination},on,peaches,kitchentable,7,bathroom,[],"[{""from_id"": 253, ""relation_type"": ""ON"", ""to_id"": 129}, {""from_id"": 254, ""relation_type"": ""ON"", ""to_id"": 129}]",2,,8,"[""[WALK] <peach> (253)"", ""[GRAB] <peach> (253)"", ""[WALK] <kitchentable> (129)"", ""[PUT] <peach> (253) <kitchentable> (129)"", ""[WALK] <peach> (254)"", ""[GRAB] <peach> (254)"", ""[WALK] <kitchentable> (129)"", ""[PUT] <peach> (254) <kitchentable> (129)""]",False
placement_task,test,test_task92,Put all creamybuns in the microwave,Put all {object} {relation} the {destination},in,creamybuns,microwave,7,kitchen,"[{""id"": 166, ""states"": [""OPEN"", ""OFF""]}]","[{""from_id"": 188, ""relation_type"": ""INSIDE"", ""to_id"": 166}, {""from_id"": 189, ""relation_type"": ""INSIDE"", ""to_id"": 166}]",2,,8,"[""[WALK] <creamybuns> (188)"", ""[GRAB] <creamybuns> (188)"", ""[WALK] <microwave> (166)"", ""[PUTIN] <creamybuns> (188) <microwave> (166)"", ""[WALK] <creamybuns> (189)"", ""[GRAB] <creamybuns> (189)"", ""[WALK] <microwave> (166)"", ""[PUTIN] <creamybuns> (189) <microwave> (166)""]",False
placement_task,test,test_task93,Put all creamybuns in the microwave,Put all {object} {relation} the {destination},in,creamybuns,microwave,7,livingroom,"[{""id"": 166, ""states"": [""CLOSED"", ""OFF""]}]","[{""from_id"": 188, ""relation_type"": ""INSIDE"", ""to_id"": 166}, {""from_id"": 189, ""relation_type"": ""INSIDE"", ""to_id"": 166}]",2,,9,"[""[WALK] <creamybuns> (188)"", ""[GRAB] <creamybuns> (188)"", ""[WALK] <microwave> (166)"", ""[OPEN] <microwave> (166)"", ""[PUTIN] <creamybuns> (188) <microwave> (166)"", ""[WALK] <creamybuns> (189)"", ""[GRAB] <creamybuns> (189)"", ""[WALK] <microwave> (166)"", ""[PUTIN] <creamybuns> (189) <microwave> (166)""]",False
placement_task,test,test_task94,Put all chips in the microwave,Put all {object} {relation} the {destination},in,chips,microwave,7,kitchen,"[{""id"": 166, ""states"": [""OPEN"", ""OFF""]}]","[{""from_id"": 190, ""relation_type"": ""INSIDE"", ""to_id"": 166}, {""from_id"": 191, ""relation_type"": ""INSIDE"", ""to_id"": 166}]",2,,8,"[""[WALK] <chips> (190)"", ""[GRAB] <chips> (190)"", ""[WALK] <microwave> (166)"", ""[PUTIN] <chips> (190) <microwave> (166)"", ""[WALK] <chips> (191)"", ""[GRAB] <chips> (191)"", ""[WALK] <microwave> (166)"", ""[PUTIN] <chips> (191) <microwave> (166)""]",False
placement_task,test,test_task95,Put all chips in the microwave,Put all {object} {relation} the {destination},in,chips,microwave,7,bedroom,"[{""id"": 166, ""states"": [""CLOSED"", ""OFF""]}]","[{""from_id"": 190, ""relation_type"": ""INSIDE"", ""to_id"": 166}, {""from_id"": 191, ""relation_type"": ""INSIDE"", ""to_id"": 166}]",2,,9,"[""[WALK] <chips> (190)"", ""[GRAB] <chips> (190)"", ""[WALK] <microwave> (166)"", ""[OPEN] <microwave> (166)"", ""[PUTIN] <chips> (190) <microwave> (166)"", ""[WALK] <chips> (191)"", ""[GRAB] <chips> (191)"", ""[WALK] <microwave> (166)"", ""[PUTIN] <chips> (191) <microwave> (166)""]",False
placement_task,test,test_task96,Put all alcohols in the microwave,Put all {object} {relation} the {destination},in,alcohols,microwave,7,bedroom,"[{""id"": 166, ""states"": [""OPEN"", ""OFF""]}]","[{""from_id"": 196, ""relation_type"": ""INSIDE"", ""to_id"": 166}, {""from_id"": 248, ""relation_type"": ""INSIDE"", ""to_id"": 166}]",2,,8,"[""[WALK] <alcohol> (196)"", ""[GRAB] <alcohol> (196)"", ""[WALK] <microwave> (166)"", ""[PUTIN] <alcohol> (196) <microwave> (166)"", ""[WALK] <alcohol> (248)"", ""[GRAB] <alcohol> (248)"", ""[WALK] <microwave> (166)"", ""[PUTIN] <alcohol> (248) <microwave> (166)""]",False
placement_task,test,test_task97,Put all alcohols in the microwave,Put all {object} {relation} the {destination},in,alcohols,microwave,7,livingroom,"[{""id"": 166, ""states"": [""CLOSED"", ""OFF""]}]","[{""from_id"": 196, ""relation_type"": ""INSIDE"", ""to_id"": 166}, {""from_id"": 248, ""relation_type"": ""INSIDE"", ""to_id"": 166}]",2,,9,"[""[WALK] <alcohol> (196)"", ""[GRAB] <alcohol> (196)"", ""[WALK] <microwave> (166)"", ""[OPEN] <microwave> (166)"", ""[PUTIN] <alcohol> (196) <microwave> (166)"", ""[WALK] <alcohol> (248)"", ""[GRAB] <alcohol> (248)"", ""[WALK] <microwave> (166)"", ""[PUTIN] <alcohol> (248) <microwave> (166)""]",False
placement_task,test,test_task98,Put all peaches in the microwave,Put all {object} {relation} the {destination},in,peaches,microwave,7,livingroom,"[{""id"": 166, ""states"": [""OPEN"", ""OFF""]}]","[{""from_id"": 253, ""relation_type"": ""INSIDE"", ""to_id"": 166}, {""from_id"": 254, ""relation_type"": ""INSIDE"", ""to_id"": 166}]",2,,8,"[""[WALK] <peach> (253)"", ""[GRAB] <peach> (253)"", ""[WALK] <microwave> (166)"", ""[PUTIN] <peach> (253) <microwave> (166)"", ""[WALK] <peach> (254)"", ""[GRAB] <peach> (254)"", ""[WALK] <microwave> (166)"", ""[PUTIN] <peach> (254) <microwave> (166)""]",False
placement_task,test,test_task99,Put all peaches in the microwave,Put all {object} {relation} the {destination},in,peaches,microwave,7,kitchen,"[{""id"": 166, ""states"": [""CLOSED"", ""OFF""]}]","[{""from_id"": 253, ""relation_type"": ""INSIDE"", ""to_id"": 166}, {""from_id"": 254, ""relation_type"": ""INSIDE"", ""to_id"": 166}]",2,,9,"[""[WALK] <peach> (253)"", ""[GRAB] <peach> (253)"", ""[WALK] <microwave> (166)"", ""[OPEN] <microwave> (166)"", ""[PUTIN] <peach> (253) <microwave> (166)"", ""[WALK] <peach> (254)"", ""[GRAB] <peach> (254)"", ""[WALK] <microwave> (166)"", ""[PUTIN] <peach> (254) <microwave> (166)""]",False
placement_task,test,test_task100,Put all plums in the microwave,Put all {object} {relation} the {destination},in,plums,microwave,7,bathroom,"[{""id"": 166, ""states"": [""OPEN"", ""OFF""]}]","[{""from_id"": 255, ""relation_type"": ""INSIDE"", ""to_id"": 166}, {""from_id"": 256, ""relation_type"": ""INSIDE"", ""to_id"": 166}]",2,,8,"[""[WALK] <plum> (255)"", ""[GRAB] <plum> (255)"", ""[WALK] <microwave> (166)"", ""[PUTIN] <plum> (255) <microwave> (166)"", ""[WALK] <plum> (256)"", ""[GRAB] <plum> (256)"", ""[WALK] <microwave> (166)"", ""[PUTIN] <plum> (256) <microwave> (166)""]",False
placement_task,test,test_task101,Put all plums in the microwave,Put all {object} {relation} the {destination},in,plums,microwave,7,kitchen,"[{""id"": 166, ""states"": [""CLOSED"", ""OFF""]}]","[{""from_id"": 255, ""relation_type"": ""INSIDE"", ""to_id"": 166}, {""from_id"": 256, ""relation_type"": ""INSIDE"", ""to_id"": 166}]",2,,9,"[""[WALK] <plum> (255)"", ""[GRAB] <plum> (255)"", ""[WALK] <microwave> (166)"", ""[OPEN] <microwave> (166)"", ""[PUTIN] <plum> (255) <microwave> (166)"", ""[WALK] <plum> (256)"", ""[GRAB] <plum> (256)"", ""[WALK] <microwave> (166)"", ""[PUTIN] <plum> (256) <microwave> (166)""]",False
placement_task,test,test_task102,Put all cupcakes in the microwave,Put all {object} {relation} the {destination},in,cupcakes,microwave,7,bedroom,"[{""id"": 166, ""states"": [""OPEN"", ""OFF""]}]","[{""from_id"": 319, ""relation_type"": ""INSIDE"", ""to_id"": 166}, {""from_id"": 320, ""relation_type"": ""INSIDE"", ""to_id"": 166}]",2,,8,"[""[WALK] <cupcake> (319)"", ""[GRAB] <cupcake> (319)"", ""[WALK] <microwave> (166)"", ""[PUTIN] <cupcake> (319) <microwave> (166)"", ""[WALK] <cupcake> (320)"", ""[GRAB] <cupcake> (320)"", ""[WALK] <microwave> (166)"", ""[PUTIN] <cupcake> (320) <microwave> (166)""]",False
placement_task,test,test_task103,Put all cupcakes in the microwave,Put all {object} {relation} the {destination},in,cupcakes,microwave,7,bedroom,"[{""id"": 166, ""states"": [""CLOSED"", ""OFF""]}]","[{""from_id"": 319, ""relation_type"": ""INSIDE"", ""to_id"": 166}, {""from_id"": 320, ""relation_type"": ""INSIDE"", ""to_id"": 166}]",2,,9,"[""[WALK] <cupcake> (319)"", ""[GRAB] <cupcake> (319)"", ""[WALK] <microwave> (166)"", ""[OPEN] <microwave> (166)"", ""[PUTIN] <cupcake> (319) <microwave> (166)"", ""[WALK] <cupcake> (320)"", ""[GRAB] <cupcake> (320)"", ""[WALK] <microwave> (166)"", ""[PUTIN] <cupcake> (320) <microwave> (166)""]",False
placement_task,example,example_task1,Put all cupcakes on the kitchentable,Put all {object} {relation} the {destination},on,cupcakes,kitchentable,1,bedroom,[],"[{""from_id"": 195, ""relation_type"": ""ON"", ""to_id"": 231}, {""from_id"": 196, ""relation_type"": ""ON"", ""to_id"": 231}]",2,,8,"[""[WALK] <cupcake> (195)"", ""[GRAB] <cupcake> (195)"", ""[WALK] <kitchentable> (231)"", ""[PUT] <cupcake> (195) <kitchentable> (231)"", ""[WALK] <cupcake> (196)"", ""[GRAB] <cupcake> (196)"", ""[WALK] <kitchentable> (231)"", ""[PUT] <cupcake> (196) <kitchentable> (231)""]",False
placement_task,example,example_task2,Put all bananas on the kitchentable,Put all {object} {relation} the {destination},on,bananas,kitchentable,1,bedroom,[],"[{""from_id"": 315, ""relation_type"": ""ON"", ""to_id"": 231}, {""from_id"": 316, ""relation_type"": ""ON"", ""to_id"": 231}, {""from_id"": 439, ""relation_type"": ""ON"", ""to_id"": 231}]",3,,12,"[""[WALK] <bananas> (315)"", ""[GRAB] <bananas> (315)"", ""[WALK] <kitchentable> (231)"", ""[PUT] <bananas> (315) <kitchentable> (231)"", ""[WALK] <bananas> (316)"", ""[GRAB] <bananas> (316)"", ""[WALK] <kitchentable> (231)"", ""[PUT] <bananas> (316) <kitchentable> (231)"", ""[WALK] <bananas> (439)"", ""[GRAB] <bananas> (439)"", ""[WALK] <kitchentable> (231)"", ""[PUT] <bananas> (439) <kitchentable> (231)""]",False
placement_task,example,example_task3,Put all apples on the kitchentable,Put all {object} {relation} the {destination},on,apples,kitchentable,1,bathroom,[],"[{""from_id"": 437, ""relation_type"": ""ON"", ""to_id"": 231}, {""from_id"": 438, ""relation_type"": ""ON"", ""to_id"": 231}]",2,,8,"[""[WALK] <apple> (437)"", ""[GRAB] <apple> (437)"", ""[WALK] <kitchentable> (231)"", ""[PUT] <apple> (437) <kitchentable> (231)"", ""[WALK] <apple> (438)"", ""[GRAB] <apple> (438)"", ""[WALK] <kitchentable> (231)"", ""[PUT] <apple> (438) <kitchentable> (231)""]",False
placement_task,example,example_task4,Put all plums on the kitchentable,Put all {object} {relation} the {destination},on,plums,kitchentable,1,livingroom,[],"[{""from_id"": 443, ""relation_type"": ""ON"", ""to_id"": 231}, {""from_id"": 444, ""relation_type"": ""ON"", ""to_id"": 231}]",2,,8,"[""[WALK] <plum> (443)"", ""[GRAB] <plum> (443)"", ""[WALK] <kitchentable> (231)"", ""[PUT] <plum> (443) <kitchentable> (231)"", ""[WALK] <plum> (444)"", ""[GRAB] <plum> (444)"", ""[WALK] <kitchentable> (231)"", ""[PUT] <plum> (444) <kitchentable> (231)""]",False
placement_task,example,example_task5,Put all cupcakes in the fridge,Put all {object} {relation} the {destination},in,cupcakes,fridge,1,livingroom,"[{""id"": 305, ""states"": [""OPEN""]}]","[{""from_id"": 195, ""relation_type"": ""INSIDE"", ""to_id"": 305}, {""from_id"": 196, ""relation_type"": ""INSIDE"", ""to_id"": 305}]",2,,8,"[""[WALK] <cupcake> (195)"", ""[GRAB] <cupcake> (195)"", ""[WALK] <fridge> (305)"", ""[PUTIN] <cupcake> (195) <fridge> (305)"", ""[WALK] <cupcake> (196)"", ""[GRAB] <cupcake> (196)"", ""[WALK] <fridge> (305)"", ""[PUTIN] <cupcake> (196) <fridge> (305)""]",False
placement_task,example,example_task6,Put all cupcakes in the fridge,Put all {object} {relation} the {destination},in,cupcakes,fridge,1,bathroom,"[{""id"": 305, ""states"": [""CLOSED""]}]","[{""from_id"": 195, ""relation_type"": ""INSIDE"", ""to_id"": 305}, {""from_id"": 196, ""relation_type"": ""INSIDE"", ""to_id"": 305}]",2,,9,"[""[WALK] <cupcake> (195)"", ""[GRAB] <cupcake> (195)"", ""[WALK] <fridge> (305)"", ""[OPEN] <fridge> (305)"", ""[PUTIN] <cupcake> (195) <fridge> (305)"", ""[WALK] <cupcake> (196)"", ""[GRAB] <cupcake> (196)"", ""[WALK] <fridge> (305)"", ""[PUTIN] <cupcake> (196) <fridge> (305)""]",False
placement_task,example,example_task7,Put all bellpeppers in the microwave,Put all {object} {relation} the {destination},in,bellpeppers,microwave,1,bedroom,"[{""id"": 313, ""states"": [""OPEN"", ""OFF""]}]","[{""from_id"": 320, ""relation_type"": ""INSIDE"", ""to_id"": 313}, {""from_id"": 321, ""relation_type"": ""INSIDE"", ""to_id"": 313}, {""from_id"": 322, ""relation_type"": ""INSIDE"", ""to_id"": 313}, {""from_id"": 323, ""relation_type"": ""INSIDE"", ""to_id"": 313}, {""from_id"": 324, ""relation_type"": ""INSIDE"", ""to_id"": 313}, {""from_id"": 325, ""relation_type"": ""INSIDE"", ""to_id"": 313}]",6,,24,"[""[WALK] <bellpepper> (320)"", ""[GRAB] <bellpepper> (320)"", ""[WALK] <microwave> (313)"", ""[PUTIN] <bellpepper> (320) <microwave> (313)"", ""[WALK] <bellpepper> (321)"", ""[GRAB] <bellpepper> (321)"", ""[WALK] <microwave> (313)"", ""[PUTIN] <bellpepper> (321) <microwave> (313)"", ""[WALK] <bellpepper> (322)"", ""[GRAB] <bellpepper> (322)"", ""[WALK] <microwave> (313)"", ""[PUTIN] <bellpepper> (322) <microwave> (313)"", ""[WALK] <bellpepper> (323)"", ""[GRAB] <bellpepper> (323)"", ""[WALK] <microwave> (313)"", ""[PUTIN] <bellpepper> (323) <microwave> (313)"", ""[WALK] <bellpepper> (324)"", ""[GRAB] <bellpepper> (324)"", ""[WALK] <microwave> (313)"", ""[PUTIN] <bellpepper> (324) <microwave> (313)"", ""[WALK] <bellpepper> (325)"", ""[GRAB] <bellpepper> (325)"", ""[WALK] <microwave> (313)"", ""[PUTIN] <bellpepper> (325) <microwave> (313)""]",False
placement_task,example,example_task8,Put all bellpeppers in the microwave,Put all {object} {relation} the {destination},in,bellpeppers,microwave,1,kitchen,"[{""id"": 313, ""states"": [""CLOSED"", ""OFF""]}]","[{""from_id"": 320, ""relation_type"": ""INSIDE"", ""to_id"": 313}, {""from_id"": 321, ""relation_type"": ""INSIDE"", ""to_id"": 313}, {""from_id"": 322, ""relation_type"": ""INSIDE"", ""to_id"": 313}, {""from_id"": 323, ""relation_type"": ""INSIDE"", ""to_id"": 313}, {""from_id"": 324, ""relation_type"": ""INSIDE"", ""to_id"": 313}, {""from_id"": 325, ""relation_type"": ""INSIDE"", ""to_id"": 313}]",6,,25,"[""[WALK] <bellpepper> (320)"", ""[GRAB] <bellpepper> (320)"", ""[WALK] <microwave> (313)"", ""[OPEN] <microwave> (313)"", ""[PUTIN] <bellpepper> (320) <microwave> (313)"", ""[WALK] <bellpepper> (321)"", ""[GRAB] <bellpepper> (321)"", ""[WALK] <microwave> (313)"", ""[PUTIN] <bellpepper> (321) <microwave> (313)"", ""[WALK] <bellpepper> (322)"", ""[GRAB] <bellpepper> (322)"", ""[WALK] <microwave> (313)"", ""[PUTIN] <bellpepper> (322) <microwave> (313)"", ""[WALK] <bellpepper> (323)"", ""[GRAB] <bellpepper> (323)"", ""[WALK] <microwave> (313)"", ""[PUTIN] <bellpepper> (323) <microwave> (313)"", ""[WALK] <bellpepper> (324)"", ""[GRAB] <bellpepper> (324)"", ""[WALK] <microwave> (313)"", ""[PUTIN] <bellpepper> (324) <microwave> (313)"", ""[WALK] <bellpepper> (325)"", ""[GRAB] <bellpepper> (325)"", ""[WALK] <microwave> (313)"", ""[PUTIN] <bellpepper> (325) <microwave> (313)""]",False
placement_task,example,example_task9,Put all chips in the fridge,Put all {object} {relation} the {destination},in,chips,fridge,1,livingroom,"[{""id"": 305, ""states"": [""OPEN""]}]","[{""from_id"": 328, ""relation_type"": ""INSIDE"", ""to_id"": 305}, {""from_id"": 329, ""relation_type"": ""INSIDE"", ""to_id"": 305}]",2,,8,"[""[WALK] <chips> (328)"", ""[GRAB] <chips> (328)"", ""[WALK] <fridge> (305)"", ""[PUTIN] <chips> (328) <fridge> (305)"", ""[WALK] <chips> (329)"", ""[GRAB] <chips> (329)"", ""[WALK] <fridge> (305)"", ""[PUTIN] <chips> (329) <fridge> (305)""]",False
placement_task,example,example_task10,Put all chips in the fridge,Put all {object} {relation} the {destination},in,chips,fridge,1,kitchen,"[{""id"": 305, ""states"": [""CLOSED""]}]","[{""from_id"": 328, ""relation_type"": ""INSIDE"", ""to_id"": 305}, {""from_id"": 329, ""relation_type"": ""INSIDE"", ""to_id"": 305}]",2,,9,"[""[WALK] <chips> (328)"", ""[GRAB] <chips> (328)"", ""[WALK] <fridge> (305)"", ""[OPEN] <fridge> (305)"", ""[PUTIN] <chips> (328) <fridge> (305)"", ""[WALK] <chips> (329)"", ""[GRAB] <chips> (329)"", ""[WALK] <fridge> (305)"", ""[PUTIN] <chips> (329) <fridge> (305)""]",False
placement_task,example,example_task11,Put all apples in the fridge,Put all {object} {relation} the {destination},in,apples,fridge,1,bedroom,"[{""id"": 305, ""states"": [""OPEN""]}]","[{""from_id"": 437, ""relation_type"": ""INSIDE"", ""to_id"": 305}, {""from_id"": 438, ""relation_type"": ""INSIDE"", ""to_id"": 305}]",2,,8,"[""[WALK] <apple> (437)"", ""[GRAB] <apple> (437)"", ""[WALK] <fridge> (305)"", ""[PUTIN] <apple> (437) <fridge> (305)"", ""[WALK] <apple> (438)"", ""[GRAB] <apple> (438)"", ""[WALK] <fridge> (305)"", ""[PUTIN] <apple> (438) <fridge> (305)""]",False
placement_task,example,example_task12,Put all apples in the fridge,Put all {object} {relation} the {destination},in,apples,fridge,1,kitchen,"[{""id"": 305, ""states"": [""CLOSED""]}]","[{""from_id"": 437, ""relation_type"": ""INSIDE"", ""to_id"": 305}, {""from_id"": 438, ""relation_type"": ""INSIDE"", ""to_id"": 305}]",2,,9,"[""[WALK] <apple> (437)"", ""[GRAB] <apple> (437)"", ""[WALK] <fridge> (305)"", ""[OPEN] <fridge> (305)"", ""[PUTIN] <apple> (437) <fridge> (305)"", ""[WALK] <apple> (438)"", ""[GRAB] <apple> (438)"", ""[WALK] <fridge> (305)"", ""[PUTIN] <apple> (438) <fridge> (305)""]",False
placement_task,example,example_task13,Put all apples in the microwave,Put all {object} {relation} the {destination},in,apples,microwave,1,bedroom,"[{""id"": 313, ""states"": [""OPEN"", ""OFF""]}]","[{""from_id"": 437, ""relation_type"": ""INSIDE"", ""to_id"": 313}, {""from_id"": 438, ""relation_type"": ""INSIDE"", ""to_id"": 313}]",2,,8,"[""[WALK] <apple> (437)"", ""[GRAB] <apple> (437)"", ""[WALK] <microwave> (313)"", ""[PUTIN] <apple> (437) <microwave> (313)"", ""[WALK] <apple> (438)"", ""[GRAB] <apple> (438)"", ""[WALK] <microwave> (313)"", ""[PUTIN] <apple> (438) <microwave> (313)""]",False
placement_task,example,example_task14,Put all apples in the microwave,Put all {object} {relation} the {destination},in,apples,microwave,1,livingroom,"[{""id"": 313, ""states"": [""CLOSED"", ""OFF""]}]","[{""from_id"": 437, ""relation_type"": ""INSIDE"", ""to_id"": 313}, {""from_id"": 438, ""relation_type"": ""INSIDE"", ""to_id"": 313}]",2,,9,"[""[WALK] <apple> (437)"", ""[GRAB] <apple> (437)"", ""[WALK] <microwave> (313)"", ""[OPEN] <microwave> (313)"", ""[PUTIN] <apple> (437) <microwave> (313)"", ""[WALK] <apple> (438)"", ""[GRAB] <apple> (438)"", ""[WALK] <microwave> (313)"", ""[PUTIN] <apple> (438) <microwave> (313)""]",False
placement_task,example,example_task15,Put all apples on the kitchentable,Put all {object} {relation} the {destination},on,apples,kitchentable,2,kitchen,[],"[{""from_id"": 113, ""relation_type"": ""ON"", ""to_id"": 199}, {""from_id"": 114, ""relation_type"": ""ON"", ""to_id"": 199}, {""from_id"": 249, ""relation_type"": ""ON"", ""to_id"": 199}, {""from_id"": 250, ""relation_type"": ""ON"", ""to_id"": 199}, {""from_id"": 251, ""relation_type"": ""ON"", ""to_id"": 199}, {""from_id"": 252, ""relation_type"": ""ON"", ""to_id"": 199}, {""from_id"": 253, ""relation_type"": ""ON"", ""to_id"": 199}, {""from_id"": 254, ""relation_type"": ""ON"", ""to_id"": 199}, {""from_id"": 255, ""relation_type"": ""ON"", ""to_id"": 199}, {""from_id"": 256, ""relation_type"": ""ON"", ""to_id"": 199}, {""from_id"": 257, ""relation_type"": ""ON"", ""to_id"": 199}, {""from_id"": 258, ""relation_type"": ""ON"", ""to_id"": 199}, {""from_id"": 259, ""relation_type"": ""ON"", ""to_id"": 199}]",13,,20,"[""[WALK] <apple> (113)"", ""[GRAB] <apple> (113)"", ""[WALK] <kitchentable> (199)"", ""[PUT] <apple> (113) <kitchentable> (199)"", ""[WALK] <apple> (114)"", ""[GRAB] <apple> (114)"", ""[WALK] <kitchentable> (199)"", ""[PUT] <apple> (114) <kitchentable> (199)"", ""[WALK] <apple> (256)"", ""[GRAB] <apple> (256)"", ""[WALK] <kitchentable> (199)"", ""[PUT] <apple> (256) <kitchentable> (199)"", ""[WALK] <apple> (258)"", ""[GRAB] <apple> (258)"", ""[WALK] <kitchentable> (199)"", ""[PUT] <apple> (258) <kitchentable> (199)"", ""[WALK] <apple> (259)"", ""[GRAB] <apple> (259)"", ""[WALK] <kitchentable> (199)"", ""[PUT] <apple> (259) <kitchentable> (199)""]",False
placement_task,example,example_task16,Put all plums on the kitchentable,Put all {object} {relation} the {destination},on,plums,kitchentable,2,livingroom,[],"[{""from_id"": 119, ""relation_type"": ""ON"", ""to_id"": 199}, {""from_id"": 120, ""relation_type"": ""ON"", ""to_id"": 199}]",2,,8,"[""[WALK] <plum> (119)"", ""[GRAB] <plum> (119)"", ""[WALK] <kitchentable> (199)"", ""[PUT] <plum> (119) <kitchentable> (199)"", ""[WALK] <plum> (120)"", ""[GRAB] <plum> (120)"", ""[WALK] <kitchentable> (199)"", ""[PUT] <plum> (120) <kitchentable> (199)""]",False
placement_task,example,example_task17,Put all apples in the fridge,Put all {object} {relation} the {destination},in,apples,fridge,2,bedroom,"[{""id"": 225, ""states"": [""OPEN""]}]","[{""from_id"": 113, ""relation_type"": ""INSIDE"", ""to_id"": 225}, {""from_id"": 114, ""relation_type"": ""INSIDE"", ""to_id"": 225}, {""from_id"": 249, ""relation_type"": ""INSIDE"", ""to_id"": 225}, {""from_id"": 250, ""relation_type"": ""INSIDE"", ""to_id"": 225}, {""from_id"": 251, ""relation_type"": ""INSIDE"", ""to_id"": 225}, {""from_id"": 252, ""relation_type"": ""INSIDE"", ""to_id"": 225}, {""from_id"": 253, ""relation_type"": ""INSIDE"", ""to_id"": 225}, {""from_id"": 254, ""relation_type"": ""INSIDE"", ""to_id"": 225}, {""from_id"": 255, ""relation_type"": ""INSIDE"", ""to_id"": 225}, {""from_id"": 256, ""relation_type"": ""INSIDE"", ""to_id"": 225}, {""from_id"": 257, ""relation_type"": ""INSIDE"", ""to_id"": 225}, {""from_id"": 258, ""relation_type"": ""INSIDE"", ""to_id"": 225}, {""from_id"": 259, ""relation_type"": ""INSIDE"", ""to_id"": 225}]",13,,52,"[""[WALK] <apple> (113)"", ""[GRAB] <apple> (113)"", ""[WALK] <fridge> (225)"", ""[PUTIN] <apple> (113) <fridge> (225)"", ""[WALK] <apple> (114)"", ""[GRAB] <apple> (114)"", ""[WALK] <fridge> (225)"", ""[PUTIN] <apple> (114) <fridge> (225)"", ""[WALK] <apple> (249)"", ""[GRAB] <apple> (249)"", ""[WALK] <fridge> (225)"", ""[PUTIN] <apple> (249) <fridge> (225)"", ""[WALK] <apple> (250)"", ""[GRAB] <apple> (250)"", ""[WALK] <fridge> (225)"", ""[PUTIN] <apple> (250) <fridge> (225)"", ""[WALK] <apple> (251)"", ""[GRAB] <apple> (251)"", ""[WALK] <fridge> (225)"", ""[PUTIN] <apple> (251) <fridge> (225)"", ""[WALK] <apple> (252)"", ""[GRAB] <apple> (252)"", ""[WALK] <fridge> (225)"", ""[PUTIN] <apple> (252) <fridge> (225)"", ""[WALK] <apple> (253)"", ""[GRAB] <apple> (253)"", ""[WALK] <fridge> (225)"", ""[PUTIN] <apple> (253) <fridge> (225)"", ""[WALK] <apple> (254)"", ""[GRAB] <apple> (254)"", ""[WALK] <fridge> (225)"", ""[PUTIN] <apple> (254) <fridge> (225)"", ""[WALK] <apple> (255)"", ""[GRAB] <apple> (255)"", ""[WALK] <fridge> (225)"", ""[PUTIN] <apple> (255) <fridge> (225)"", ""[WALK] <apple> (256)"", ""[GRAB] <apple> (256)"", ""[WALK] <fridge> (225)"", ""[PUTIN] <apple> (256) <fridge> (225)"", ""[WALK] <apple> (257)"", ""[GRAB] <apple> (257)"", ""[WALK] <fridge> (225)"", ""[PUTIN] <apple> (257) <fridge> (225)"", ""[WALK] <apple> (258)"", ""[GRAB] <apple> (258)"", ""[WALK] <fridge> (225)"", ""[PUTIN] <apple> (258) <fridge> (225)"", ""[WALK] <apple> (259)"", ""[GRAB] <apple> (259)"", ""[WALK] <fridge> (225)"", ""[PUTIN] <apple> (259) <fridge> (225)""]",False
placement_task,example,example_task18,Put all apples in the fridge,Put all {object} {relation} the {destination},in,apples,fridge,2,kitchen,"[{""id"": 225, ""states"": [""CLOSED""]}]","[{""from_id"": 113, ""relation_type"": ""INSIDE"", ""to_id"": 225}, {""from_id"": 114, ""relation_type"": ""INSIDE"", ""to_id"": 225}, {""from_id"": 249, ""relation_type"": ""INSIDE"", ""to_id"": 225}, {""from_id"": 250, ""relation_type"": ""INSIDE"", ""to_id"": 225}, {""from_id"": 251, ""relation_type"": ""INSIDE"", ""to_id"": 225}, {""from_id"": 252, ""relation_type"": ""INSIDE"", ""to_id"": 225}, {""from_id"": 253, ""relation_type"": ""INSIDE"", ""to_id"": 225}, {""from_id"": 254, ""relation_type"": ""INSIDE"", ""to_id"": 225}, {""from_id"": 255, ""relation_type"": ""INSIDE"", ""to_id"": 225}, {""from_id"": 256, ""relation_type"": ""INSIDE"", ""to_id"": 225}, {""from_id"": 257, ""relation_type"": ""INSIDE"", ""to_id"": 225}, {""from_id"": 258, ""relation_type"": ""INSIDE"", ""to_id"": 225}, {""from_id"": 259, ""relation_type"": ""INSIDE"", ""to_id"": 225}]",13,,53,"[""[WALK] <apple> (113)"", ""[GRAB] <apple> (113)"", ""[WALK] <fridge> (225)"", ""[OPEN] <fridge> (225)"", ""[PUTIN] <apple> (113) <fridge> (225)"", ""[WALK] <apple> (114)"", ""[GRAB] <apple> (114)"", ""[WALK] <fridge> (225)"", ""[PUTIN] <apple> (114) <fridge> (225)"", ""[WALK] <apple> (249)"", ""[GRAB] <apple> (249)"", ""[WALK] <fridge> (225)"", ""[PUTIN] <apple> (249) <fridge> (225)"", ""[WALK] <apple> (250)"", ""[GRAB] <apple> (250)"", ""[WALK] <fridge> (225)"", ""[PUTIN] <apple> (250) <fridge> (225)"", ""[WALK] <apple> (251)"", ""[GRAB] <apple> (251)"", ""[WALK] <fridge> (225)"", ""[PUTIN] <apple> (251) <fridge> (225)"", ""[WALK] <apple> (252)"", ""[GRAB] <apple> (252)"", ""[WALK] <fridge> (225)"", ""[PUTIN] <apple> (252) <fridge> (225)"", ""[WALK] <apple> (253)"", ""[GRAB] <apple> (253)"", ""[WALK] <fridge> (225)"", ""[PUTIN] <apple> (253) <fridge> (225)"", ""[WALK] <apple> (254)"", ""[GRAB] <apple> (254)"", ""[WALK] <fridge> (225)"", ""[PUTIN] <apple> (254) <fridge> (225)"", ""[WALK] <apple> (255)"", ""[GRAB] <apple> (255)"", ""[WALK] <fridge> (225)"", ""[PUTIN] <apple> (255) <fridge> (225)"", ""[WALK] <apple> (256)"", ""[GRAB] <apple> (256)"", ""[WALK] <fridge> (225)"", ""[PUTIN] <apple> (256) <fridge> (225)"", ""[WALK] <apple> (257)"", ""[GRAB] <apple> (257)"", ""[WALK] <fridge> (225)"", ""[PUTIN] <apple> (257) <fridge> (225)"", ""[WALK] <apple> (258)"", ""[GRAB] <apple> (258)"", ""[WALK] <fridge> (225)"", ""[PUTIN] <apple> (258) <fridge> (225)"", ""[WALK] <apple> (259)"", ""[GRAB] <apple> (259)"", ""[WALK] <fridge> (225)"", ""[PUTIN] <apple> (259) <fridge> (225)""]",False
placement_task,example,example_task19,Put all apples in the microwave,Put all {object} {relation} the {destination},in,apples,microwave,2,kitchen,"[{""id"": 234, ""states"": [""OPEN"", ""OFF""]}]","[{""from_id"": 113, ""relation_type"": ""INSIDE"", ""to_id"": 234}, {""from_id"": 114, ""relation_type"": ""INSIDE"", ""to_id"": 234}, {""from_id"": 249, ""relation_type"": ""INSIDE"", ""to_id"": 234}, {""from_id"": 250, ""relation_type"": ""INSIDE"", ""to_id"": 234}, {""from_id"": 251, ""relation_type"": ""INSIDE"", ""to_id"": 234}, {""from_id"": 252, ""relation_type"": ""INSIDE"", ""to_id"": 234}, {""from_id"": 253, ""relation_type"": ""INSIDE"", ""to_id"": 234}, {""from_id"": 254, ""relation_type"": ""INSIDE"", ""to_id"": 234}, {""from_id"": 255, ""relation_type"": ""INSIDE"", ""to_id"": 234}, {""from_id"": 256, ""relation_type"": ""INSIDE"", ""to_id"": 234}, {""from_id"": 257, ""relation_type"": ""INSIDE"", ""to_id"": 234}, {""from_id"": 258, ""relation_type"": ""INSIDE"", ""to_id"": 234}, {""from_id"": 259, ""relation_type"": ""INSIDE"", ""to_id"": 234}]",13,,52,"[""[WALK] <apple> (113)"", ""[GRAB] <apple> (113)"", ""[WALK] <microwave> (234)"", ""[PUTIN] <apple> (113) <microwave> (234)"", ""[WALK] <apple> (114)"", ""[GRAB] <apple> (114)"", ""[WALK] <microwave> (234)"", ""[PUTIN] <apple> (114) <microwave> (234)"", ""[WALK] <apple> (249)"", ""[GRAB] <apple> (249)"", ""[WALK] <microwave> (234)"", ""[PUTIN] <apple> (249) <microwave> (234)"", ""[WALK] <apple> (250)"", ""[GRAB] <apple> (250)"", ""[WALK] <microwave> (234)"", ""[PUTIN] <apple> (250) <microwave> (234)"", ""[WALK] <apple> (251)"", ""[GRAB] <apple> (251)"", ""[WALK] <microwave> (234)"", ""[PUTIN] <apple> (251) <microwave> (234)"", ""[WALK] <apple> (252)"", ""[GRAB] <apple> (252)"", ""[WALK] <microwave> (234)"", ""[PUTIN] <apple> (252) <microwave> (234)"", ""[WALK] <apple> (253)"", ""[GRAB] <apple> (253)"", ""[WALK] <microwave> (234)"", ""[PUTIN] <apple> (253) <microwave> (234)"", ""[WALK] <apple> (254)"", ""[GRAB] <apple> (254)"", ""[WALK] <microwave> (234)"", ""[PUTIN] <apple> (254) <microwave> (234)"", ""[WALK] <apple> (255)"", ""[GRAB] <apple> (255)"", ""[WALK] <microwave> (234)"", ""[PUTIN] <apple> (255) <microwave> (234)"", ""[WALK] <apple> (256)"", ""[GRAB] <apple> (256)"", ""[WALK] <microwave> (234)"", ""[PUTIN] <apple> (256) <microwave> (234)"", ""[WALK] <apple> (257)"", ""[GRAB] <apple> (257)"", ""[WALK] <microwave> (234)"", ""[PUTIN] <apple> (257) <microwave> (234)"", ""[WALK] <apple> (258)"", ""[GRAB] <apple> (258)"", ""[WALK] <microwave> (234)"", ""[PUTIN] <apple> (258) <microwave> (234)"", ""[WALK] <apple> (259)"", ""[GRAB] <apple> (259)"", ""[WALK] <microwave> (234)"", ""[PUTIN] <apple> (259) <microwave> (234)""]",False
placement_task,example,example_task20,Put all apples in the microwave,Put all {object} {relation} the {destination},in,apples,microwave,2,bedroom,"[{""id"": 234, ""states"": [""CLOSED"", ""OFF""]}]","[{""from_id"": 113, ""relation_type"": ""INSIDE"", ""to_id"": 234}, {""from_id"": 114, ""relation_type"": ""INSIDE"", ""to_id"": 234}, {""from_id"": 249, ""relation_type"": ""INSIDE"", ""to_id"": 234}, {""from_id"": 250, ""relation_type"": ""INSIDE"", ""to_id"": 234}, {""from_id"": 251, ""relation_type"": ""INSIDE"", ""to_id"": 234}, {""from_id"": 252, ""relation_type"": ""INSIDE"", ""to_id"": 234}, {""from_id"": 253, ""relation_type"": ""INSIDE"", ""to_id"": 234}, {""from_id"": 254, ""relation_type"": ""INSIDE"", ""to_id"": 234}, {""from_id"": 255, ""relation_type"": ""INSIDE"", ""to_id"": 234}, {""from_id"": 256, ""relation_type"": ""INSIDE"", ""to_id"": 234}, {""from_id"": 257, ""relation_type"": ""INSIDE"", ""to_id"": 234}, {""from_id"": 258, ""relation_type"": ""INSIDE"", ""to_id"": 234}, {""from_id"": 259, ""relation_type"": ""INSIDE"", ""to_id"": 234}]",13,,53,"[""[WALK] <apple> (113)"", ""[GRAB] <apple> (113)"", ""[WALK] <microwave> (234)"", ""[OPEN] <microwave> (234)"", ""[PUTIN] <apple> (113) <microwave> (234)"", ""[WALK] <apple> (114)"", ""[GRAB] <apple> (114)"", ""[WALK] <microwave> (234)"", ""[PUTIN] <apple> (114) <microwave> (234)"", ""[WALK] <apple> (249)"", ""[GRAB] <apple> (249)"", ""[WALK] <microwave> (234)"", ""[PUTIN] <apple> (249) <microwave> (234)"", ""[WALK] <apple> (250)"", ""[GRAB] <apple> (250)"", ""[WALK] <microwave> (234)"", ""[PUTIN] <apple> (250) <microwave> (234)"", ""[WALK] <apple> (251)"", ""[GRAB] <apple> (251)"", ""[WALK] <microwave> (234)"", ""[PUTIN] <apple> (251) <microwave> (234)"", ""[WALK] <apple> (252)"", ""[GRAB] <apple> (252)"", ""[WALK] <microwave> (234)"", ""[PUTIN] <apple> (252) <microwave> (234)"", ""[WALK] <apple> (253)"", ""[GRAB] <apple> (253)"", ""[WALK] <microwave> (234)"", ""[PUTIN] <apple> (253) <microwave> (234)"", ""[WALK] <apple> (254)"", ""[GRAB] <apple> (254)"", ""[WALK] <microwave> (234)"", ""[PUTIN] <apple> (254) <microwave> (234)"", ""[WALK] <apple> (255)"", ""[GRAB] <apple> (255)"", ""[WALK] <microwave> (234)"", ""[PUTIN] <apple> (255) <microwave> (234)"", ""[WALK] <apple> (256)"", ""[GRAB] <apple> (256)"", ""[WALK] <microwave> (234)"", ""[PUTIN] <apple> (256) <microwave> (234)"", ""[WALK] <apple> (257)"", ""[GRAB] <apple> (257)"", ""[WALK] <microwave> (234)"", ""[PUTIN] <apple> (257) <microwave> (234)"", ""[WALK] <apple> (258)"", ""[GRAB] <apple> (258)"", ""[WALK] <microwave> (234)"", ""[PUTIN] <apple> (258) <microwave> (234)"", ""[WALK] <apple> (259)"", ""[GRAB] <apple> (259)"", ""[WALK] <microwave> (234)"", ""[PUTIN] <apple> (259) <microwave> (234)""]",False
placement_task,example,example_task21,Put all chips in the fridge,Put all {object} {relation} the {destination},in,chips,fridge,2,kitchen,"[{""id"": 225, ""states"": [""OPEN""]}]","[{""from_id"": 245, ""relation_type"": ""INSIDE"", ""to_id"": 225}, {""from_id"": 246, ""relation_type"": ""INSIDE"", ""to_id"": 225}]",2,,8,"[""[WALK] <chips> (245)"", ""[GRAB] <chips> (245)"", ""[WALK] <fridge> (225)"", ""[PUTIN] <chips> (245) <fridge> (225)"", ""[WALK] <chips> (246)"", ""[GRAB] <chips> (246)"", ""[WALK] <fridge> (225)"", ""[PUTIN] <chips> (246) <fridge> (225)""]",False
placement_task,example,example_task22,Put all chips in the fridge,Put all {object} {relation} the {destination},in,chips,fridge,2,bathroom,"[{""id"": 225, ""states"": [""CLOSED""]}]","[{""from_id"": 245, ""relation_type"": ""INSIDE"", ""to_id"": 225}, {""from_id"": 246, ""relation_type"": ""INSIDE"", ""to_id"": 225}]",2,,9,"[""[WALK] <chips> (245)"", ""[GRAB] <chips> (245)"", ""[WALK] <fridge> (225)"", ""[OPEN] <fridge> (225)"", ""[PUTIN] <chips> (245) <fridge> (225)"", ""[WALK] <chips> (246)"", ""[GRAB] <chips> (246)"", ""[WALK] <fridge> (225)"", ""[PUTIN] <chips> (246) <fridge> (225)""]",False
placement_task,example,example_task23,Put all juices on the coffeetable,Put all {object} {relation} the {destination},on,juices,coffeetable,3,livingroom,[],"[{""from_id"": 173, ""relation_type"": ""ON"", ""to_id"": 215}, {""from_id"": 174, ""relation_type"": ""ON"", ""to_id"": 215}]",2,,8,"[""[WALK] <juice> (173)"", ""[GRAB] <juice> (173)"", ""[WALK] <coffeetable> (215)"", ""[PUT] <juice> (173) <coffeetable> (215)"", ""[WALK] <juice> (174)"", ""[GRAB] <juice> (174)"", ""[WALK] <coffeetable> (215)"", ""[PUT] <juice> (174) <coffeetable> (215)""]",False
placement_task,example,example_task24,Put all juices in the microwave,Put all {object} {relation} the {destination},in,juices,microwave,3,bedroom,"[{""id"": 171, ""states"": [""OPEN"", ""OFF""]}]","[{""from_id"": 173, ""relation_type"": ""INSIDE"", ""to_id"": 171}, {""from_id"": 174, ""relation_type"": ""INSIDE"", ""to_id"": 171}]",2,,8,"[""[WALK] <juice> (173)"", ""[GRAB] <juice> (173)"", ""[WALK] <microwave> (171)"", ""[PUTIN] <juice> (173) <microwave> (171)"", ""[WALK] <juice> (174)"", ""[GRAB] <juice> (174)"", ""[WALK] <microwave> (171)"", ""[PUTIN] <juice> (174) <microwave> (171)""]",False
placement_task,example,example_task25,Put all juices in the microwave,Put all {object} {relation} the {destination},in,juices,microwave,3,kitchen,"[{""id"": 171, ""states"": [""CLOSED"", ""OFF""]}]","[{""from_id"": 173, ""relation_type"": ""INSIDE"", ""to_id"": 171}, {""from_id"": 174, ""relation_type"": ""INSIDE"", ""to_id"": 171}]",2,,9,"[""[WALK] <juice> (173)"", ""[GRAB] <juice> (173)"", ""[WALK] <microwave> (171)"", ""[OPEN] <microwave> (171)"", ""[PUTIN] <juice> (173) <microwave> (171)"", ""[WALK] <juice> (174)"", ""[GRAB] <juice> (174)"", ""[WALK] <microwave> (171)"", ""[PUTIN] <juice> (174) <microwave> (171)""]",False
placement_task,example,example_task26,Put all milks in the fridge,Put all {object} {relation} the {destination},in,milks,fridge,3,bedroom,"[{""id"": 162, ""states"": [""OPEN""]}]","[{""from_id"": 176, ""relation_type"": ""INSIDE"", ""to_id"": 162}, {""from_id"": 177, ""relation_type"": ""INSIDE"", ""to_id"": 162}]",2,,8,"[""[WALK] <milk> (176)"", ""[GRAB] <milk> (176)"", ""[WALK] <fridge> (162)"", ""[PUTIN] <milk> (176) <fridge> (162)"", ""[WALK] <milk> (177)"", ""[GRAB] <milk> (177)"", ""[WALK] <fridge> (162)"", ""[PUTIN] <milk> (177) <fridge> (162)""]",False
placement_task,example,example_task27,Put all milks in the fridge,Put all {object} {relation} the {destination},in,milks,fridge,3,livingroom,"[{""id"": 162, ""states"": [""CLOSED""]}]","[{""from_id"": 176, ""relation_type"": ""INSIDE"", ""to_id"": 162}, {""from_id"": 177, ""relation_type"": ""INSIDE"", ""to_id"": 162}]",2,,9,"[""[WALK] <milk> (176)"", ""[GRAB] <milk> (176)"", ""[WALK] <fridge> (162)"", ""[OPEN] <fridge> (162)"", ""[PUTIN] <milk> (176) <fridge> (162)"", ""[WALK] <milk> (177)"", ""[GRAB] <milk> (177)"", ""[WALK] <fridge> (162)"", ""[PUTIN] <milk> (177) <fridge> (162)""]",False
placement_task,example,example_task28,Put all cupcakes in the fridge,Put all {object} {relation} the {destination},in,cupcakes,fridge,3,kitchen,"[{""id"": 162, ""states"": [""OPEN""]}]","[{""from_id"": 225, ""relation_type"": ""INSIDE"", ""to_id"": 162}, {""from_id"": 226, ""relation_type"": ""INSIDE"", ""to_id"": 162}, {""from_id"": 227, ""relation_type"": ""INSIDE"", ""to_id"": 162}, {""from_id"": 385, ""relation_type"": ""INSIDE"", ""to_id"": 162}]",4,,16,"[""[WALK] <cupcake> (225)"", ""[GRAB] <cupcake> (225)"", ""[WALK] <fridge> (162)"", ""[PUTIN] <cupcake> (225) <fridge> (162)"", ""[WALK] <cupcake> (226)"", ""[GRAB] <cupcake> (226)"", ""[WALK] <fridge> (162)"", ""[PUTIN] <cupcake> (226) <fridge> (162)"", ""[WALK] <cupcake> (227)"", ""[GRAB] <cupcake> (227)"", ""[WALK] <fridge> (162)"", ""[PUTIN] <cupcake> (227) <fridge> (162)"", ""[WALK] <cupcake> (385)"", ""[GRAB] <cupcake> (385)"", ""[WALK] <fridge> (162)"", ""[PUTIN] <cupcake> (385) <fridge> (162)""]",False
placement_task,example,example_task29,Put all cupcakes in the fridge,Put all {object} {relation} the {destination},in,cupcakes,fridge,3,livingroom,"[{""id"": 162, ""states"": [""CLOSED""]}]","[{""from_id"": 225, ""relation_type"": ""INSIDE"", ""to_id"": 162}, {""from_id"": 226, ""relation_type"": ""INSIDE"", ""to_id"": 162}, {""from_id"": 227, ""relation_type"": ""INSIDE"", ""to_id"": 162}, {""from_id"": 385, ""relation_type"": ""INSIDE"", ""to_id"": 162}]",4,,17,"[""[WALK] <cupcake> (225)"", ""[GRAB] <cupcake> (225)"", ""[WALK] <fridge> (162)"", ""[OPEN] <fridge> (162)"", ""[PUTIN] <cupcake> (225) <fridge> (162)"", ""[WALK] <cupcake> (226)"", ""[GRAB] <cupcake> (226)"", ""[WALK] <fridge> (162)"", ""[PUTIN] <cupcake> (226) <fridge> (162)"", ""[WALK] <cupcake> (227)"", ""[GRAB] <cupcake> (227)"", ""[WALK] <fridge> (162)"", ""[PUTIN] <cupcake> (227) <fridge> (162)"", ""[WALK] <cupcake> (385)"", ""[GRAB] <cupcake> (385)"", ""[WALK] <fridge> (162)"", ""[PUTIN] <cupcake> (385) <fridge> (162)""]",False
placement_task,example,example_task30,Put all peaches on the oventray,Put all {object} {relation} the {destination},on,peaches,oventray,4,kitchen,[],"[{""from_id"": 51, ""relation_type"": ""ON"", ""to_id"": 106}, {""from_id"": 52, ""relation_type"": ""ON"", ""to_id"": 106}, {""from_id"": 65, ""relation_type"": ""ON"", ""to_id"": 106}]",3,,12,"[""[WALK] <peach> (51)"", ""[GRAB] <peach> (51)"", ""[WALK] <oventray> (106)"", ""[PUT] <peach> (51) <oventray> (106)"", ""[WALK] <peach> (52)"", ""[GRAB] <peach> (52)"", ""[WALK] <oventray> (106)"", ""[PUT] <peach> (52) <oventray> (106)"", ""[WALK] <peach> (65)"", ""[GRAB] <peach> (65)"", ""[WALK] <oventray> (106)"", ""[PUT] <peach> (65) <oventray> (106)""]",False
placement_task,example,example_task31,Put all peaches on the coffeetable,Put all {object} {relation} the {destination},on,peaches,coffeetable,4,bathroom,[],"[{""from_id"": 51, ""relation_type"": ""ON"", ""to_id"": 269}, {""from_id"": 52, ""relation_type"": ""ON"", ""to_id"": 269}, {""from_id"": 65, ""relation_type"": ""ON"", ""to_id"": 269}]",3,,12,"[""[WALK] <peach> (51)"", ""[GRAB] <peach> (51)"", ""[WALK] <coffeetable> (269)"", ""[PUT] <peach> (51) <coffeetable> (269)"", ""[WALK] <peach> (52)"", ""[GRAB] <peach> (52)"", ""[WALK] <coffeetable> (269)"", ""[PUT] <peach> (52) <coffeetable> (269)"", ""[WALK] <peach> (65)"", ""[GRAB] <peach> (65)"", ""[WALK] <coffeetable> (269)"", ""[PUT] <peach> (65) <coffeetable> (269)""]",False
placement_task,example,example_task32,Put all plums on the kitchentable,Put all {object} {relation} the {destination},on,plums,kitchentable,4,bathroom,[],"[{""from_id"": 53, ""relation_type"": ""ON"", ""to_id"": 72}, {""from_id"": 54, ""relation_type"": ""ON"", ""to_id"": 72}]",2,,8,"[""[WALK] <plum> (53)"", ""[GRAB] <plum> (53)"", ""[WALK] <kitchentable> (72)"", ""[PUT] <plum> (53) <kitchentable> (72)"", ""[WALK] <plum> (54)"", ""[GRAB] <plum> (54)"", ""[WALK] <kitchentable> (72)"", ""[PUT] <plum> (54) <kitchentable> (72)""]",False
placement_task,example,example_task33,Put all plums on the oventray,Put all {object} {relation} the {destination},on,plums,oventray,4,bathroom,[],"[{""from_id"": 53, ""relation_type"": ""ON"", ""to_id"": 106}, {""from_id"": 54, ""relation_type"": ""ON"", ""to_id"": 106}]",2,,8,"[""[WALK] <plum> (53)"", ""[GRAB] <plum> (53)"", ""[WALK] <oventray> (106)"", ""[PUT] <plum> (53) <oventray> (106)"", ""[WALK] <plum> (54)"", ""[GRAB] <plum> (54)"", ""[WALK] <oventray> (106)"", ""[PUT] <plum> (54) <oventray> (106)""]",False
placement_task,example,example_task34,Put all plums on the coffeetable,Put all {object} {relation} the {destination},on,plums,coffeetable,4,kitchen,[],"[{""from_id"": 53, ""relation_type"": ""ON"", ""to_id"": 269}, {""from_id"": 54, ""relation_type"": ""ON"", ""to_id"": 269}]",2,,8,"[""[WALK] <plum> (53)"", ""[GRAB] <plum> (53)"", ""[WALK] <coffeetable> (269)"", ""[PUT] <plum> (53) <coffeetable> (269)"", ""[WALK] <plum> (54)"", ""[GRAB] <plum> (54)"", ""[WALK] <coffeetable> (269)"", ""[PUT] <plum> (54) <coffeetable> (269)""]",False
placement_task,example,example_task35,Put all chips on the coffeetable,Put all {object} {relation} the {destination},on,chips,coffeetable,4,bedroom,[],"[{""from_id"": 61, ""relation_type"": ""ON"", ""to_id"": 269}, {""from_id"": 67, ""relation_type"": ""ON"", ""to_id"": 269}]",2,,8,"[""[WALK] <chips> (61)"", ""[GRAB] <chips> (61)"", ""[WALK] <coffeetable> (269)"", ""[PUT] <chips> (61) <coffeetable> (269)"", ""[WALK] <chips> (67)"", ""[GRAB] <chips> (67)"", ""[WALK] <coffeetable> (269)"", ""[PUT] <chips> (67) <coffeetable> (269)""]",False
placement_task,example,example_task36,Put all crackers on the coffeetable,Put all {object} {relation} the {destination},on,crackers,coffeetable,4,bedroom,[],"[{""from_id"": 63, ""relation_type"": ""ON"", ""to_id"": 269}, {""from_id"": 66, ""relation_type"": ""ON"", ""to_id"": 269}]",2,,8,"[""[WALK] <crackers> (63)"", ""[GRAB] <crackers> (63)"", ""[WALK] <coffeetable> (269)"", ""[PUT] <crackers> (63) <coffeetable> (269)"", ""[WALK] <crackers> (66)"", ""[GRAB] <crackers> (66)"", ""[WALK] <coffeetable> (269)"", ""[PUT] <crackers> (66) <coffeetable> (269)""]",False
placement_task,example,example_task37,Put all cupcakes on the kitchentable,Put all {object} {relation} the {destination},on,cupcakes,kitchentable,4,kitchen,[],"[{""from_id"": 245, ""relation_type"": ""ON"", ""to_id"": 72}, {""from_id"": 324, ""relation_type"": ""ON"", ""to_id"": 72}]",2,,8,"[""[WALK] <cupcake> (245)"", ""[GRAB] <cupcake> (245)"", ""[WALK] <kitchentable> (72)"", ""[PUT] <cupcake> (245) <kitchentable> (72)"", ""[WALK] <cupcake> (324)"", ""[GRAB] <cupcake> (324)"", ""[WALK] <kitchentable> (72)"", ""[PUT] <cupcake> (324) <kitchentable> (72)""]",False
placement_task,example,example_task38,Put all chips in the fridge,Put all {object} {relation} the {destination},in,chips,fridge,4,livingroom,"[{""id"": 103, ""states"": [""OPEN""]}]","[{""from_id"": 61, ""relation_type"": ""INSIDE"", ""to_id"": 103}, {""from_id"": 67, ""relation_type"": ""INSIDE"", ""to_id"": 103}]",2,,8,"[""[WALK] <chips> (61)"", ""[GRAB] <chips> (61)"", ""[WALK] <fridge> (103)"", ""[PUTIN] <chips> (61) <fridge> (103)"", ""[WALK] <chips> (67)"", ""[GRAB] <chips> (67)"", ""[WALK] <fridge> (103)"", ""[PUTIN] <chips> (67) <fridge> (103)""]",False
placement_task,example,example_task39,Put all chips in the fridge,Put all {object} {relation} the {destination},in,chips,fridge,4,bedroom,"[{""id"": 103, ""states"": [""CLOSED""]}]","[{""from_id"": 61, ""relation_type"": ""INSIDE"", ""to_id"": 103}, {""from_id"": 67, ""relation_type"": ""INSIDE"", ""to_id"": 103}]",2,,9,"[""[WALK] <chips> (61)"", ""[GRAB] <chips> (61)"", ""[WALK] <fridge> (103)"", ""[OPEN] <fridge> (103)"", ""[PUTIN] <chips> (61) <fridge> (103)"", ""[WALK] <chips> (67)"", ""[GRAB] <chips> (67)"", ""[WALK] <fridge> (103)"", ""[PUTIN] <chips> (67) <fridge> (103)""]",False
placement_task,example,example_task40,Put all cupcakes in the fridge,Put all {object} {relation} the {destination},in,cupcakes,fridge,4,livingroom,"[{""id"": 103, ""states"": [""OPEN""]}]","[{""from_id"": 245, ""relation_type"": ""INSIDE"", ""to_id"": 103}, {""from_id"": 324, ""relation_type"": ""INSIDE"", ""to_id"": 103}]",2,,8,"[""[WALK] <cupcake> (245)"", ""[GRAB] <cupcake> (245)"", ""[WALK] <fridge> (103)"", ""[PUTIN] <cupcake> (245) <fridge> (103)"", ""[WALK] <cupcake> (324)"", ""[GRAB] <cupcake> (324)"", ""[WALK] <fridge> (103)"", ""[PUTIN] <cupcake> (324) <fridge> (103)""]",False
placement_task,example,example_task41,Put all cupcakes in the fridge,Put all {object} {relation} the {destination},in,cupcakes,fridge,4,kitchen,"[{""id"": 103, ""states"": [""CLOSED""]}]","[{""from_id"": 245, ""relation_type"": ""INSIDE"", ""to_id"": 103}, {""from_id"": 324, ""relation_type"": ""INSIDE"", ""to_id"": 103}]",2,,9,"[""[WALK] <cupcake> (245)"", ""[GRAB] <cupcake> (245)"", ""[WALK] <fridge> (103)"", ""[OPEN] <fridge> (103)"", ""[PUTIN] <cupcake> (245) <fridge> (103)"", ""[WALK] <cupcake> (324)"", ""[GRAB] <cupcake> (324)"", ""[WALK] <fridge> (103)"", ""[PUTIN] <cupcake> (324) <fridge> (103)""]",False
placement_task,example,example_task42,Put all cupcakes on the kitchentable,Put all {object} {relation} the {destination},on,cupcakes,kitchentable,5,livingroom,[],"[{""from_id"": 97, ""relation_type"": ""ON"", ""to_id"": 138}, {""from_id"": 210, ""relation_type"": ""ON"", ""to_id"": 138}, {""from_id"": 211, ""relation_type"": ""ON"", ""to_id"": 138}]",3,,4,"[""[WALK] <cupcake> (97)"", ""[GRAB] <cupcake> (97)"", ""[WALK] <kitchentable> (138)"", ""[PUT] <cupcake> (97) <kitchentable> (138)""]",False
placement_task,example,example_task43,Put all bananas on the kitchentable,Put all {object} {relation} the {destination},on,bananas,kitchentable,5,bathroom,[],"[{""from_id"": 203, ""relation_type"": ""ON"", ""to_id"": 138}, {""from_id"": 204, ""relation_type"": ""ON"", ""to_id"": 138}]",2,,8,"[""[WALK] <bananas> (203)"", ""[GRAB] <bananas> (203)"", ""[WALK] <kitchentable> (138)"", ""[PUT] <bananas> (203) <kitchentable> (138)"", ""[WALK] <bananas> (204)"", ""[GRAB] <bananas> (204)"", ""[WALK] <kitchentable> (138)"", ""[PUT] <bananas> (204) <kitchentable> (138)""]",False
placement_task,example,example_task44,Put all cupcakes in the fridge,Put all {object} {relation} the {destination},in,cupcakes,fridge,5,livingroom,"[{""id"": 157, ""states"": [""OPEN""]}]","[{""from_id"": 97, ""relation_type"": ""INSIDE"", ""to_id"": 157}, {""from_id"": 210, ""relation_type"": ""INSIDE"", ""to_id"": 157}, {""from_id"": 211, ""relation_type"": ""INSIDE"", ""to_id"": 157}]",3,,12,"[""[WALK] <cupcake> (97)"", ""[GRAB] <cupcake> (97)"", ""[WALK] <fridge> (157)"", ""[PUTIN] <cupcake> (97) <fridge> (157)"", ""[WALK] <cupcake> (210)"", ""[GRAB] <cupcake> (210)"", ""[WALK] <fridge> (157)"", ""[PUTIN] <cupcake> (210) <fridge> (157)"", ""[WALK] <cupcake> (211)"", ""[GRAB] <cupcake> (211)"", ""[WALK] <fridge> (157)"", ""[PUTIN] <cupcake> (211) <fridge> (157)""]",False
placement_task,example,example_task45,Put all cupcakes in the fridge,Put all {object} {relation} the {destination},in,cupcakes,fridge,5,bedroom,"[{""id"": 157, ""states"": [""CLOSED""]}]","[{""from_id"": 97, ""relation_type"": ""INSIDE"", ""to_id"": 157}, {""from_id"": 210, ""relation_type"": ""INSIDE"", ""to_id"": 157}, {""from_id"": 211, ""relation_type"": ""INSIDE"", ""to_id"": 157}]",3,,13,"[""[WALK] <cupcake> (97)"", ""[GRAB] <cupcake> (97)"", ""[WALK] <fridge> (157)"", ""[OPEN] <fridge> (157)"", ""[PUTIN] <cupcake> (97) <fridge> (157)"", ""[WALK] <cupcake> (210)"", ""[GRAB] <cupcake> (210)"", ""[WALK] <fridge> (157)"", ""[PUTIN] <cupcake> (210) <fridge> (157)"", ""[WALK] <cupcake> (211)"", ""[GRAB] <cupcake> (211)"", ""[WALK] <fridge> (157)"", ""[PUTIN] <cupcake> (211) <fridge> (157)""]",False
placement_task,example,example_task46,Put all milks on the kitchentable,Put all {object} {relation} the {destination},on,milks,kitchentable,6,bathroom,[],"[{""from_id"": 245, ""relation_type"": ""ON"", ""to_id"": 186}, {""from_id"": 246, ""relation_type"": ""ON"", ""to_id"": 186}]",2,,8,"[""[WALK] <milk> (245)"", ""[GRAB] <milk> (245)"", ""[WALK] <kitchentable> (186)"", ""[PUT] <milk> (245) <kitchentable> (186)"", ""[WALK] <milk> (246)"", ""[GRAB] <milk> (246)"", ""[WALK] <kitchentable> (186)"", ""[PUT] <milk> (246) <kitchentable> (186)""]",False
placement_task,example,example_task47,Put all milks in the fridge,Put all {object} {relation} the {destination},in,milks,fridge,6,kitchen,"[{""id"": 235, ""states"": [""OPEN""]}]","[{""from_id"": 245, ""relation_type"": ""INSIDE"", ""to_id"": 235}, {""from_id"": 246, ""relation_type"": ""INSIDE"", ""to_id"": 235}]",2,,8,"[""[WALK] <milk> (245)"", ""[GRAB] <milk> (245)"", ""[WALK] <fridge> (235)"", ""[PUTIN] <milk> (245) <fridge> (235)"", ""[WALK] <milk> (246)"", ""[GRAB] <milk> (246)"", ""[WALK] <fridge> (235)"", ""[PUTIN] <milk> (246) <fridge> (235)""]",False
placement_task,example,example_task48,Put all milks in the fridge,Put all {object} {relation} the {destination},in,milks,fridge,6,kitchen,"[{""id"": 235, ""states"": [""CLOSED""]}]","[{""from_id"": 245, ""relation_type"": ""INSIDE"", ""to_id"": 235}, {""from_id"": 246, ""relation_type"": ""INSIDE"", ""to_id"": 235}]",2,,9,"[""[WALK] <milk> (245)"", ""[GRAB] <milk> (245)"", ""[WALK] <fridge> (235)"", ""[OPEN] <fridge> (235)"", ""[PUTIN] <milk> (245) <fridge> (235)"", ""[WALK] <milk> (246)"", ""[GRAB] <milk> (246)"", ""[WALK] <fridge> (235)"", ""[PUTIN] <milk> (246) <fridge> (235)""]",False
placement_task,example,example_task49,Put all apples on the kitchentable,Put all {object} {relation} the {destination},on,apples,kitchentable,7,livingroom,[],"[{""from_id"": 176, ""relation_type"": ""ON"", ""to_id"": 129}, {""from_id"": 177, ""relation_type"": ""ON"", ""to_id"": 129}, {""from_id"": 178, ""relation_type"": ""ON"", ""to_id"": 129}, {""from_id"": 179, ""relation_type"": ""ON"", ""to_id"": 129}, {""from_id"": 180, ""relation_type"": ""ON"", ""to_id"": 129}, {""from_id"": 181, ""relation_type"": ""ON"", ""to_id"": 129}, {""from_id"": 182, ""relation_type"": ""ON"", ""to_id"": 129}, {""from_id"": 183, ""relation_type"": ""ON"", ""to_id"": 129}, {""from_id"": 184, ""relation_type"": ""ON"", ""to_id"": 129}, {""from_id"": 185, ""relation_type"": ""ON"", ""to_id"": 129}, {""from_id"": 186, ""relation_type"": ""ON"", ""to_id"": 129}, {""from_id"": 249, ""relation_type"": ""ON"", ""to_id"": 129}, {""from_id"": 250, ""relation_type"": ""ON"", ""to_id"": 129}]",13,,20,"[""[WALK] <apple> (183)"", ""[GRAB] <apple> (183)"", ""[WALK] <kitchentable> (129)"", ""[PUT] <apple> (183) <kitchentable> (129)"", ""[WALK] <apple> (185)"", ""[GRAB] <apple> (185)"", ""[WALK] <kitchentable> (129)"", ""[PUT] <apple> (185) <kitchentable> (129)"", ""[WALK] <apple> (186)"", ""[GRAB] <apple> (186)"", ""[WALK] <kitchentable> (129)"", ""[PUT] <apple> (186) <kitchentable> (129)"", ""[WALK] <apple> (249)"", ""[GRAB] <apple> (249)"", ""[WALK] <kitchentable> (129)"", ""[PUT] <apple> (249) <kitchentable> (129)"", ""[WALK] <apple> (250)"", ""[GRAB] <apple> (250)"", ""[WALK] <kitchentable> (129)"", ""[PUT] <apple> (250) <kitchentable> (129)""]",False
placement_task,example,example_task50,Put all plums on the kitchentable,Put all {object} {relation} the {destination},on,plums,kitchentable,7,kitchen,[],"[{""from_id"": 255, ""relation_type"": ""ON"", ""to_id"": 129}, {""from_id"": 256, ""relation_type"": ""ON"", ""to_id"": 129}]",2,,8,"[""[WALK] <plum> (255)"", ""[GRAB] <plum> (255)"", ""[WALK] <kitchentable> (129)"", ""[PUT] <plum> (255) <kitchentable> (129)"", ""[WALK] <plum> (256)"", ""[GRAB] <plum> (256)"", ""[WALK] <kitchentable> (129)"", ""[PUT] <plum> (256) <kitchentable> (129)""]",False
placement_task,example,example_task51,Put all cupcakes on the kitchentable,Put all {object} {relation} the {destination},on,cupcakes,kitchentable,7,kitchen,[],"[{""from_id"": 319, ""relation_type"": ""ON"", ""to_id"": 129}, {""from_id"": 320, ""relation_type"": ""ON"", ""to_id"": 129}]",2,,8,"[""[WALK] <cupcake> (319)"", ""[GRAB] <cupcake> (319)"", ""[WALK] <kitchentable> (129)"", ""[PUT] <cupcake> (319) <kitchentable> (129)"", ""[WALK] <cupcake> (320)"", ""[GRAB] <cupcake> (320)"", ""[WALK] <kitchentable> (129)"", ""[PUT] <cupcake> (320) <kitchentable> (129)""]",False
